TRAVEL_ID,여행객 ID,여행 시작일,여행 종료일,여행 목적,성별,연령대,소득,방문지 수,방문 체류시간(분),활동 수,이동 수,동반자 수,사진 수,사전 소비(원),숙박 소비(원),이동 소비(원),활동 소비(원),여행기간(일),총지출(원),일평균 지출(원)
e_e000004,e000004,2023-04-30,2023-05-01,3,남,40,7,5,0,3,5,2,3,9500,0,0,0,2,9500,4750
e_e000006,e000006,2023-04-30,2023-05-02,21,남,30,5,11,0,11,11,1,4,0,0,13600,58500,3,72100,24033.33333
e_e000009,e000009,2023-04-29,2023-05-01,2;4,여,30,4,12,0,15,12,1,2,0,0,33800,319340,3,353140,117713.3333
e_e000010,e000010,2023-04-29,2023-05-01,3;6,여,30,4,15,0,18,15,0,5,0,0,107510,421160,3,528670,176223.3333
e_e000011,e000011,2023-04-28,2023-05-01,1;21,여,60,7,14,0,16,14,3,5,140000,0,273800,764300,4,1178100,294525
e_e000013,e000013,2023-04-28,2023-04-30,1;22;24;6,여,20,4,8,0,11,8,3,3,0,240000,85000,414220,3,739220,246406.6667
e_e000014,e000014,2023-05-01,2023-05-02,2,남,60,7,3,0,3,3,2,2,0,0,52200,189000,2,241200,120600
e_e000015,e000015,2023-04-28,2023-05-02,7,남,20,2,24,0,23,24,1,1,0,0,38000,453600,5,491600,98320
e_e000016,e000016,2023-04-29,2023-04-30,1;22;4,남,30,4,4,0,4,4,0,4,0,0,0,135300,2,135300,67650
e_e000018,e000018,2023-04-29,2023-04-30,2;11,여,40,1,4,0,2,4,2,8,0,0,4740,58500,2,63240,31620
e_e000020,e000020,2023-04-29,2023-05-01,28;21,여,40,7,13,0,22,13,0,3,0,84375,41500,166650,3,292525,97508.33333
e_e000021,e000021,2023-04-29,2023-05-01,24,남,20,8,16,0,14,16,1,6,0,70000,13300,120100,3,203400,67800
e_e000022,e000022,2023-04-29,2023-04-30,22;25,남,40,7,5,0,4,5,1,5,0,0,36600,200000,2,236600,118300
e_e000023,e000023,2023-04-29,2023-04-30,4,남,60,4,7,0,9,7,2,6,0,0,25000,49300,2,74300,37150
e_e000025,e000025,2023-04-30,2023-05-01,22,여,40,4,5,0,5,5,2,1,0,0,0,65600,2,65600,32800
e_e000030,e000030,2023-04-29,2023-04-30,21,남,50,11,5,0,2,5,0,3,0,0,13800,0,2,13800,6900
e_e000037,e000037,2023-04-30,2023-05-01,22,여,30,4,4,0,5,4,0,8,9500,0,0,52000,2,61500,30750
e_e000038,e000038,2023-04-28,2023-04-30,21;22;23,남,30,6,9,0,11,9,1,3,0,66000,40000,184600,3,290600,96866.66667
e_e000039,e000039,2023-04-29,2023-04-30,2,남,40,2,9,0,10,9,1,2,0,0,57300,116500,2,173800,86900
e_e000040,e000040,2023-04-28,2023-04-30,3;4,남,30,5,9,0,5,9,1,3,0,0,10000,64400,3,74400,24800
e_e000041,e000041,2023-04-28,2023-05-01,4;7,남,60,11,16,0,14,16,1,6,0,0,86000,163500,4,249500,62375
e_e000042,e000042,2023-05-01,2023-05-02,12;24;5,여,20,4,8,0,7,8,1,1,0,0,69800,72000,2,141800,70900
e_e000045,e000045,2023-04-29,2023-05-01,25,여,60,2,7,0,13,7,1,3,0,0,35600,40070,3,75670,25223.33333
e_e000046,e000046,2023-04-28,2023-04-29,5,남,60,4,4,0,7,4,3,2,0,0,42200,180300,2,222500,111250
e_e000293,e000293,2023-05-28,2023-05-29,1;22;4;6,여,30,3,11,0,12,11,0,9,0,0,18700,151600,2,170300,85150
e_e000294,e000294,2023-05-19,2023-05-22,1;2;23;26,여,20,3,7,0,21,7,1,14,0,133200,83300,386300,4,602800,150700
e_e000296,e000296,2023-05-23,2023-05-26,9;11;21;26;1;22;23,여,30,5,13,0,11,13,0,8,0,0,8000,106600,4,114600,28650
e_e000299,e000299,2023-05-27,2023-05-29,3;6,여,50,3,14,0,13,14,0,4,0,0,115200,257400,3,372600,124200
e_e000301,e000301,2023-05-19,2023-05-21,22;23;26;4,남,20,4,7,0,7,7,1,2,0,324500,14000,28100,3,366600,122200
e_e000302,e000302,2023-05-19,2023-05-22,2;21;22;26,여,20,4,19,0,18,19,0,1,0,0,84600,501200,4,585800,146450
e_e000307,e000307,2023-05-21,2023-05-22,3,남,30,4,8,0,7,8,0,1,0,0,52400,37800,2,90200,45100
e_e000311,e000311,2023-05-27,2023-05-28,2;22;26;5,남,30,5,8,0,6,8,2,5,0,0,33200,71800,2,105000,52500
e_e000317,e000317,2023-05-27,2023-05-30,1;12;4;5;7,남,30,4,30,0,29,30,0,7,0,59000,8700,137700,4,205400,51350
e_e000319,e000319,2023-05-31,2023-06-03,1;12;24;5;6,여,50,3,22,0,24,22,0,7,0,0,4350,98100,4,102450,25612.5
e_e000322,e000322,2023-06-05,2023-06-08,1;24;3;5;6,남,60,5,19,0,18,19,0,3,0,0,3300,11000,4,14300,3575
e_e000323,e000323,2023-05-27,2023-05-29,22;26;1;2;4,여,20,3,14,0,17,14,1,9,0,65000,17600,141400,3,224000,74666.66667
e_e000329,e000329,2023-05-26,2023-05-29,1;12;7;9,여,20,4,16,0,16,16,1,13,0,0,0,537060,4,537060,134265
e_e000331,e000331,2023-05-28,2023-05-31,1;2,여,30,5,13,0,18,13,0,7,0,0,121900,287400,4,409300,102325
e_e000332,e000332,2023-05-19,2023-05-21,1;2;5;7;9,남,20,3,7,0,7,7,1,4,0,65000,60300,243000,3,368300,122766.6667
e_e000334,e000334,2023-05-28,2023-05-30,1;22;26;6;9,여,20,4,8,0,11,8,1,10,34000,48000,6000,156900,3,244900,81633.33333
e_e000336,e000336,2023-05-27,2023-05-30,3;11;23;26,여,30,5,9,0,11,9,2,2,0,380241,0,160100,4,540341,135085.25
e_e000338,e000338,2023-05-19,2023-05-20,21;22;24;26;6,여,40,3,9,0,9,9,0,3,50350,0,21800,12500,2,84650,42325
e_e000342,e000342,2023-05-19,2023-05-22,1;21;22;24;4,남,60,5,18,0,25,18,5,22,0,0,132720,531900,4,664620,166155
e_e000344,e000344,2023-05-19,2023-05-21,1;12;2;3;6,남,30,5,7,0,17,7,2,5,0,444675,23500,168000,3,636175,212058.3333
e_e000345,e000345,2023-05-19,2023-05-21,22;6;9,남,30,1,13,0,16,13,2,4,0,60000,27400,660100,3,747500,249166.6667
e_e000346,e000346,2023-05-27,2023-05-28,21;22;24,남,60,6,4,0,2,4,2,2,0,0,40000,27000,2,67000,33500
e_e000347,e000347,2023-05-26,2023-05-30,2;4;8,남,40,5,22,0,19,22,0,2,0,50000,114200,873940,5,1038140,207628
e_e000350,e000350,2023-05-18,2023-05-19,1;2;22,여,30,1,5,0,5,5,2,3,0,0,3000,43500,2,46500,23250
e_e000352,e000352,2023-05-21,2023-05-23,22;23;6;7,여,30,5,13,0,15,13,1,1,0,270000,55700,349400,3,675100,225033.3333
e_e000353,e000353,2023-05-23,2023-05-24,1;22;6,여,40,2,7,0,8,7,0,14,0,0,2000,25000,2,27000,13500
e_e000355,e000355,2023-05-21,2023-05-22,1;11;2;6,여,40,1,3,0,5,3,2,3,8200,0,88100,101800,2,198100,99050
e_e000357,e000357,2023-05-15,2023-05-16,1,여,30,5,10,0,8,10,0,4,0,0,11700,1507300,2,1519000,759500
e_e000360,e000360,2023-05-29,2023-05-30,21;22;24;26;9,남,30,5,5,0,7,5,1,3,0,0,30000,62600,2,92600,46300
e_e000362,e000362,2023-05-15,2023-05-17,1;2;22;5;8,여,40,5,7,0,9,7,1,15,0,0,30000,196000,3,226000,75333.33333
e_e000364,e000364,2023-05-16,2023-05-19,1;3;6,여,30,4,9,0,10,9,0,21,0,0,15450,22700,4,38150,9537.5
e_e000366,e000366,2023-05-20,2023-05-22,2;5;6;8;9,여,40,3,7,0,15,7,2,1,56350,175130,0,78930,3,310410,103470
e_e000369,e000369,2023-06-05,2023-06-07,1;3;6,여,30,4,13,0,17,13,0,7,0,257400,11000,151300,3,419700,139900
e_e000371,e000371,2023-05-26,2023-05-29,1;11;4;7;9,여,30,8,11,0,15,11,0,7,0,70000,12600,110900,4,193500,48375
e_e000373,e000373,2023-05-20,2023-05-21,21;24;26;4,여,60,1,5,0,4,5,3,1,0,0,20000,93300,2,113300,56650
e_e000375,e000375,2023-06-03,2023-06-05,26;6;11;8;21;22;28;2,여,40,4,14,0,14,14,3,10,0,0,55000,273900,3,328900,109633.3333
e_e000376,e000376,2023-05-29,2023-05-30,3;4;22,여,50,1,6,0,6,6,2,4,0,0,3600,66900,2,70500,35250
e_e000377,e000377,2023-05-21,2023-05-22,1;11;21;22;6,여,30,1,6,0,5,6,3,3,38000,0,0,147900,2,185900,92950
e_e000379,e000379,2023-05-28,2023-05-29,11,남,40,7,6,0,5,6,2,8,0,0,49504,107000,2,156504,78252
e_e000381,e000381,2023-06-02,2023-06-05,22;24;26;5;8,여,30,3,5,0,11,5,3,8,0,120000,0,51000,4,171000,42750
e_e000384,e000384,2023-06-04,2023-06-07,21;22;25;3;8,여,30,8,10,0,16,10,1,2,46700,120000,38000,138030,4,342730,85682.5
e_e000385,e000385,2023-05-21,2023-05-23,8,남,30,4,9,0,11,9,1,7,146440,250000,0,112700,3,509140,169713.3333
e_e000387,e000387,2023-06-02,2023-06-05,2;27;5;7;8,남,30,1,6,0,14,6,3,2,49580,150000,30000,44500,4,274080,68520
e_e000395,e000395,2023-05-20,2023-05-22,1;2;22;23;4,여,40,4,8,0,15,8,2,10,0,172050,0,188500,3,360550,120183.3333
e_e000396,e000396,2023-05-20,2023-05-22,23,여,30,2,11,0,12,11,1,3,0,543400,52000,168600,3,764000,254666.6667
e_e000397,e000397,2023-05-28,2023-05-30,21;22;24;6,여,50,5,4,0,5,4,2,6,120000,200000,41500,31000,3,392500,130833.3333
e_e000400,e000400,2023-05-16,2023-05-17,21;22;24;26,남,50,1,3,0,2,3,3,3,0,0,15000,32400,2,47400,23700
e_e000403,e000403,2023-05-27,2023-05-29,10;21;22;6,여,40,4,13,0,12,13,2,4,0,103370,107330,213700,3,424400,141466.6667
e_e000406,e000406,2023-05-20,2023-05-22,11;2;24;3;9,여,60,2,7,0,7,7,2,1,0,0,50000,101000,3,151000,50333.33333
e_e000407,e000407,2023-05-27,2023-05-28,2;21;22;24;26,여,50,4,7,0,5,7,4,1,0,0,52000,170000,2,222000,111000
e_e000409,e000409,2023-05-23,2023-05-24,2;21;26;22,여,60,2,5,0,10,5,2,4,0,0,35000,80300,2,115300,57650
e_e000412,e000412,2023-06-03,2023-06-05,1;3;6;22,여,20,1,20,0,21,20,0,26,81626,81626,5600,112800,3,281652,93884
e_e000418,e000418,2023-06-03,2023-06-05,8;22;5,여,40,5,7,0,9,7,2,5,0,25300,50000,48500,3,123800,41266.66667
e_e000422,e000422,2023-06-04,2023-06-07,1;11;22;3;4,여,40,1,14,0,26,14,0,13,0,281358,29250,55600,4,366208,91552
e_e000425,e000425,2023-05-20,2023-05-21,22,여,30,6,4,0,6,4,3,3,0,0,1900,41800,2,43700,21850
e_e000429,e000429,2023-06-03,2023-06-04,1;4;22;6,여,40,4,4,0,6,4,2,2,0,0,11800,74400,2,86200,43100
e_e000430,e000430,2023-05-22,2023-05-26,1;2;4;5;7;10;21;22;24;26,남,20,4,17,0,26,17,0,4,4400,115000,38000,140000,5,297400,59480
e_e000432,e000432,2023-05-21,2023-05-23,1;22;23;4;5,여,20,4,11,0,11,11,1,21,0,215600,12050,136500,3,364150,121383.3333
e_e000433,e000433,2023-05-15,2023-05-16,2;22;26;4;8,여,20,4,5,0,6,5,1,6,0,0,34250,68890,2,103140,51570
e_e000435,e000435,2023-05-27,2023-05-28,11;2,여,40,4,4,0,7,4,3,9,0,0,27500,201900,2,229400,114700
e_e000438,e000438,2023-05-27,2023-05-30,1;12;3;4;6,남,40,6,23,0,34,23,3,5,0,555600,231750,627600,4,1414950,353737.5
e_e000445,e000445,2023-05-19,2023-05-21,21;22;24;25;8,남,30,5,7,0,8,7,1,1,0,124000,57200,272290,3,453490,151163.3333
e_e000447,e000447,2023-05-20,2023-05-21,1;2;3;4;6;8;9;10;11;12;13;21;22;23;24;26;27,여,30,1,5,0,4,5,3,4,0,0,0,91200,2,91200,45600
e_e000448,e000448,2023-05-27,2023-05-29,22;3;5,남,30,5,14,0,15,14,2,4,9000,0,35000,255470,3,299470,99823.33333
e_e000450,e000450,2023-05-20,2023-05-21,1;2,여,20,4,7,0,8,7,0,1,0,0,3200,59800,2,63000,31500
e_e000451,e000451,2023-05-28,2023-05-31,2;23;5;9,남,40,3,8,0,6,8,2,1,0,75000,12000,83000,4,170000,42500
e_e000453,e000453,2023-06-03,2023-06-07,11;26;3;4;6,남,30,7,36,0,45,36,2,1,0,361490,92100,594800,5,1048390,209678
e_e000454,e000454,2023-05-20,2023-05-21,21;22;24;26;27,여,30,6,6,0,4,6,3,4,0,0,72000,31000,2,103000,51500
e_e000460,e000460,2023-05-15,2023-05-17,1;4;5;6;9,여,40,4,12,0,16,12,2,12,0,387200,17000,216000,3,620200,206733.3333
e_e000466,e000466,2023-05-28,2023-05-30,2;8,여,30,5,5,0,3,5,3,1,96878,157731,2400,142200,3,399209,133069.6667
e_e000469,e000469,2023-05-20,2023-05-22,1;11;22;7;8,여,20,2,6,0,9,6,20,1,0,450000,129500,291140,3,870640,290213.3333
e_e000472,e000472,2023-06-02,2023-06-06,1;4;7;23;22,남,20,2,21,0,23,21,0,1,0,74000,128400,403800,5,606200,121240
e_e000473,e000473,2023-05-20,2023-05-22,1;22;26;27;4,남,30,3,16,0,14,16,2,7,0,0,189600,26600,3,216200,72066.66667
e_e000474,e000474,2023-05-26,2023-05-29,1;23;27;28,남,30,5,8,0,11,8,0,1,0,205000,102800,213700,4,521500,130375
e_e000477,e000477,2023-05-27,2023-05-30,1;21;22;8;9,여,20,5,14,0,12,14,1,1,0,115000,0,64070,4,179070,44767.5
e_e000479,e000479,2023-05-26,2023-05-28,4,남,50,5,10,0,10,10,2,4,0,0,40400,193150,3,233550,77850
e_e000480,e000480,2023-05-19,2023-05-20,22;27;28;5,여,50,5,4,0,3,4,3,2,0,0,8400,42000,2,50400,25200
e_e000481,e000481,2023-05-28,2023-05-29,1;2;22;6,여,20,3,9,0,8,9,0,1,161000,0,7550,127800,2,296350,148175
e_e000482,e000482,2023-05-19,2023-05-22,1;23,남,30,5,17,0,20,17,1,10,0,335104,10500,505500,4,851104,212776
e_e000483,e000483,2023-05-27,2023-05-30,10;2;22,여,60,1,5,0,7,5,7,4,643860,980000,3000,87500,4,1714360,428590
e_e000486,e000486,2023-05-15,2023-05-16,1;2;27;4;6,남,20,6,4,0,4,4,0,3,0,0,6100,10500,2,16600,8300
e_e000490,e000490,2023-06-02,2023-06-04,22;26;27;6,여,30,3,15,0,15,15,0,2,31300,71400,14609,126100,3,243409,81136.33333
e_e000491,e000491,2023-05-27,2023-05-29,12;21;22;24;8,남,40,4,8,0,9,8,2,12,66200,139000,96000,86680,3,387880,129293.3333
e_e000492,e000492,2023-05-29,2023-05-30,1;4;10;26;22,남,50,10,5,0,7,5,2,3,0,0,5000,92700,2,97700,48850
e_e000496,e000496,2023-05-16,2023-05-18,1;2;22;23;4,남,20,4,11,0,7,11,1,8,0,229740,60300,233600,3,523640,174546.6667
e_e000500,e000500,2023-06-03,2023-06-06,21;22;24;26;27,여,40,3,10,0,17,10,3,2,393780,380000,74000,115880,4,963660,240915
e_e000504,e000504,2023-05-20,2023-05-21,21;27;28,여,30,5,5,0,9,5,0,1,0,0,3500,52100,2,55600,27800
e_e000505,e000505,2023-05-18,2023-05-19,22;3;4,남,40,7,8,0,11,8,0,21,0,0,22000,22900,2,44900,22450
e_e000507,e000507,2023-05-20,2023-05-21,1;4,남,40,4,10,0,18,10,3,6,0,0,26400,255300,2,281700,140850
e_e000509,e000509,2023-05-19,2023-05-22,23;3;1;9;6;26,남,20,4,18,0,17,18,1,7,0,91976,108300,498800,4,699076,174769
e_e000510,e000510,2023-05-29,2023-05-30,13;21;22;26;3,여,60,3,6,0,11,6,1,1,0,0,16600,60800,2,77400,38700
e_e000514,e000514,2023-06-03,2023-06-04,11;2;6,남,60,3,3,0,4,3,4,2,61000,0,30000,48000,2,139000,69500
e_e000521,e000521,2023-05-23,2023-05-24,1;2;22;26,남,40,5,8,0,8,8,0,12,0,0,43000,0,2,43000,21500
e_e000523,e000523,2023-06-10,2023-06-11,11;2;22;6;9,남,40,7,4,0,2,4,3,1,0,0,14600,89700,2,104300,52150
e_e000524,e000524,2023-05-16,2023-05-17,2;11;22,여,40,1,4,0,7,4,1,3,60000,0,13700,51750,2,125450,62725
e_e000525,e000525,2023-05-25,2023-05-26,10;21;22;24;26,남,40,12,5,0,5,5,2,3,0,0,11550,91000,2,102550,51275
e_e000526,e000526,2023-05-16,2023-05-18,1;4;5;6;7,여,20,1,11,0,18,11,0,12,0,25000,24400,48600,3,98000,32666.66667
e_e000531,e000531,2023-05-27,2023-05-29,25;2;22,여,20,4,6,0,7,6,1,5,0,185000,41800,37000,3,263800,87933.33333
e_e000533,e000533,2023-06-03,2023-06-04,21;22;26,남,60,5,6,0,10,6,2,3,0,0,55000,172000,2,227000,113500
e_e000535,e000535,2023-05-27,2023-05-30,1;22,여,20,2,7,0,6,7,1,2,0,0,94150,30900,4,125050,31262.5
e_e000536,e000536,2023-05-19,2023-05-22,1;2;5;9;11;21;22;26,남,40,7,11,0,13,11,0,1,0,0,21750,180800,4,202550,50637.5
e_e000540,e000540,2023-06-01,2023-06-03,2;23,여,40,1,8,0,7,8,2,1,0,147870,0,27900,3,175770,58590
e_e000541,e000541,2023-05-20,2023-05-21,11;22;3;4;6,여,40,1,7,0,7,7,2,1,0,0,80000,64700,2,144700,72350
e_e000544,e000544,2023-05-21,2023-05-22,11;22;9,여,40,4,5,0,8,5,1,2,0,0,8000,13300,2,21300,10650
e_e000546,e000546,2023-05-26,2023-05-30,1;2;3;7;6;4;10;22;24;26,남,20,2,12,0,7,12,0,3,0,0,15000,316450,5,331450,66290
e_e000547,e000547,2023-06-09,2023-06-11,2;22;5,남,30,5,5,0,4,5,3,3,0,10000,58300,89450,3,157750,52583.33333
e_e000548,e000548,2023-05-26,2023-05-28,5;27,남,40,5,8,0,11,8,2,2,0,476000,86000,316000,3,878000,292666.6667
e_e000550,e000550,2023-05-27,2023-05-28,1;12;21;3;4,여,30,4,6,0,5,6,0,3,0,0,4350,51900,2,56250,28125
e_e000552,e000552,2023-05-25,2023-05-26,22;27;3;6,여,40,2,6,0,4,6,1,2,0,0,10800,52900,2,63700,31850
e_e000556,e000556,2023-06-06,2023-06-07,21;22;26;4;6,남,30,6,4,0,5,4,2,3,0,0,21400,113000,2,134400,67200
e_e000557,e000557,2023-05-29,2023-05-30,2;22;5,남,50,5,5,0,5,5,2,5,0,0,13000,63000,2,76000,38000
e_e000560,e000560,2023-05-20,2023-05-22,8,여,30,6,6,0,8,6,1,7,0,15000,29200,34800,3,79000,26333.33333
e_e000561,e000561,2023-05-20,2023-05-23,1;21;3;4;6,남,50,6,24,0,24,24,0,14,8600,0,14800,2469500,4,2492900,623225
e_e000563,e000563,2023-05-28,2023-05-30,1;22;26;4;7,여,20,5,15,0,19,15,1,2,0,126740,59100,287890,3,473730,157910
e_e000564,e000564,2023-05-20,2023-05-21,10;2;5,남,40,5,8,0,8,8,0,1,12000,0,2800,168000,2,182800,91400
e_e000566,e000566,2023-05-20,2023-05-21,1;22;6,여,50,5,11,0,16,11,0,4,0,0,3700,196400,2,200100,100050
e_e000567,e000567,2023-05-24,2023-05-26,11;22;27;3;6,여,30,1,10,0,15,10,3,3,0,45000,56400,102010,3,203410,67803.33333
e_e000569,e000569,2023-06-04,2023-06-05,2,남,30,4,5,0,6,5,2,4,0,0,0,23900,2,23900,11950
e_e000579,e000579,2023-05-20,2023-05-21,12;21;22;24;27,남,30,4,6,0,7,6,1,3,0,0,45775,55300,2,101075,50537.5
e_e000584,e000584,2023-05-26,2023-05-27,1;4,여,30,5,12,0,15,12,1,2,0,0,204800,642500,2,847300,423650
e_e000590,e000590,2023-05-23,2023-05-25,2;22;23;3;5,여,30,5,11,0,12,11,1,2,72000,48000,45000,104400,3,269400,89800
e_e000591,e000591,2023-05-22,2023-05-23,1;6;22;26,남,30,4,11,0,15,11,1,20,0,0,7200,55400,2,62600,31300
e_e000594,e000594,2023-05-28,2023-05-30,1;27;7;5;8;9,여,30,4,5,0,7,5,1,1,0,170000,20000,172820,3,362820,120940
e_e000595,e000595,2023-05-27,2023-05-29,2;22;23;6;9,여,20,5,11,0,14,11,1,1,0,60000,29200,190100,3,279300,93100
e_e000597,e000597,2023-05-29,2023-05-30,2;6;11;24;6;27;22,남,40,4,5,0,8,5,1,2,0,0,35000,27900,2,62900,31450
e_e000599,e000599,2023-06-04,2023-06-06,2;23;3;4;6,여,40,5,12,0,13,12,1,3,0,251680,82782,142700,3,477162,159054
e_e000602,e000602,2023-05-17,2023-05-20,1;2;4;5;6,여,20,4,12,0,11,12,0,4,0,0,20000,75100,4,95100,23775
e_e000603,e000603,2023-05-27,2023-05-30,1;13;2;3,여,40,6,15,0,23,15,3,12,0,357048,383800,475800,4,1216648,304162
e_e000604,e000604,2023-05-17,2023-05-20,1;11;2;5;6,남,50,12,12,0,10,12,0,4,0,0,7500,24500,4,32000,8000
e_e000605,e000605,2023-06-03,2023-06-07,1;2;25;4;6,여,20,4,13,0,10,13,0,4,0,0,55900,130560,5,186460,37292
e_e000607,e000607,2023-05-20,2023-05-22,2;21;22;6,여,30,7,11,0,15,11,3,2,0,520000,70000,140000,3,730000,243333.3333
e_e000608,e000608,2023-05-22,2023-05-24,1;11;22;9,여,20,3,8,0,7,8,0,9,0,0,0,21600,3,21600,7200
e_e000609,e000609,2023-05-31,2023-06-01,2;22,남,30,3,4,0,3,4,2,1,17800,0,0,30000,2,47800,23900
e_e000612,e000612,2023-05-27,2023-05-30,2;21;22;24,남,40,7,14,0,8,14,1,3,0,0,30000,158800,4,188800,47200
e_e000615,e000615,2023-06-10,2023-06-12,22;6;9,여,30,4,14,0,13,14,1,1,0,85000,11100,126000,3,222100,74033.33333
e_e000618,e000618,2023-05-27,2023-05-30,21;22;23;3;6,여,40,5,19,0,27,19,1,1,0,366120,14002,52400,4,432522,108130.5
e_e000620,e000620,2023-05-20,2023-05-21,1;21;22;24,남,30,7,5,0,8,5,2,1,0,0,20000,581900,2,601900,300950
e_e000621,e000621,2023-05-27,2023-05-30,1;10;21;3,여,60,2,23,0,25,23,0,2,22000,280000,11000,550470,4,863470,215867.5
e_e000622,e000622,2023-05-22,2023-05-23,21;22;24;26;27,여,20,1,6,0,8,6,1,1,0,0,74060,43800,2,117860,58930
e_e000623,e000623,2023-05-19,2023-05-22,11;2;5;8,여,40,5,6,0,9,6,5,1,145940,220000,53000,122400,4,541340,135335
e_e000625,e000625,2023-05-21,2023-05-22,1;22;26,여,30,4,6,0,8,6,2,8,0,0,900,304500,2,305400,152700
e_e000627,e000627,2023-05-19,2023-05-21,1;12;21;23;9,남,40,5,15,0,22,15,0,1,0,76000,4600,24550,3,105150,35050
e_e000628,e000628,2023-05-26,2023-05-29,1;2;23;5;9,남,40,7,9,0,7,9,2,4,0,350000,43000,172920,4,565920,141480
e_e000637,e000637,2023-05-19,2023-05-20,2,여,20,2,3,0,8,3,1,1,0,0,7400,145400,2,152800,76400
e_e000639,e000639,2023-06-05,2023-06-06,21;27;28,여,40,1,5,0,5,5,0,4,0,0,7000,26500,2,33500,16750
e_e000640,e000640,2023-05-26,2023-05-27,5,여,60,2,4,0,3,4,2,1,44195,0,44195,24900,2,113290,56645
e_e000641,e000641,2023-05-20,2023-05-21,11;2;22,여,30,4,4,0,4,4,3,3,0,0,45400,15000,2,60400,30200
e_e000644,e000644,2023-05-20,2023-05-22,1;5;8,남,40,5,6,0,7,6,3,12,88000,25000,20000,40500,3,173500,57833.33333
e_e000645,e000645,2023-05-20,2023-05-21,22,여,20,3,8,0,7,8,1,1,0,0,0,55900,2,55900,27950
e_e000646,e000646,2023-05-27,2023-05-28,1;27;24;22;2,여,20,7,6,0,5,6,0,2,0,0,52000,164600,2,216600,108300
e_e000647,e000647,2023-05-20,2023-05-23,1;11;4;5;7,여,30,4,16,0,11,16,1,3,0,0,22300,191499,4,213799,53449.75
e_e000648,e000648,2023-05-29,2023-05-30,8;21,여,40,6,5,0,9,5,3,1,0,0,10000,151000,2,161000,80500
e_e000650,e000650,2023-06-02,2023-06-05,1;21;22;3;6,여,30,6,13,0,11,13,0,4,0,0,83800,94900,4,178700,44675
e_e000651,e000651,2023-05-21,2023-05-23,21;24;26;27;8,여,60,3,10,0,16,10,3,3,0,80000,66500,107800,3,254300,84766.66667
e_e000655,e000655,2023-05-20,2023-05-23,2;21;22;24;27,남,50,3,13,0,11,13,0,2,0,93000,9000,37800,4,139800,34950
e_e000662,e000662,2023-05-20,2023-05-21,1;4;6,남,30,5,10,0,12,10,0,5,0,0,3500,69490,2,72990,36495
e_e000664,e000664,2023-06-05,2023-06-06,11;2;21;22;4,남,30,6,5,0,4,5,2,2,0,0,22000,140200,2,162200,81100
e_e000666,e000666,2023-05-26,2023-05-30,21;5;4;1;24;25;26,남,20,4,20,0,21,20,1,1,0,0,98300,399600,5,497900,99580
e_e000669,e000669,2023-05-26,2023-05-29,11;6;8,남,30,8,13,0,21,13,3,1,51360,116710,84000,252460,4,504530,126132.5
e_e000672,e000672,2023-05-21,2023-05-22,24;28,남,60,6,8,0,8,8,9,2,0,0,1800,571000,2,572800,286400
e_e000673,e000673,2023-05-27,2023-05-29,1;2;21;4;7,남,30,5,10,0,9,10,0,13,0,110000,33000,141000,3,284000,94666.66667
e_e000680,e000680,2023-06-03,2023-06-07,1;23;27;4;6,남,40,8,25,0,23,25,2,2,400000,1000000,115000,1088350,5,2603350,520670
e_e000682,e000682,2023-05-23,2023-05-25,1;2;3;5;6,남,20,2,18,0,25,18,1,22,0,45000,16800,178750,3,240550,80183.33333
e_e000686,e000686,2023-06-05,2023-06-06,2,남,30,4,3,0,4,3,1,5,1800,0,17850,25400,2,45050,22525
e_e000689,e000689,2023-05-26,2023-05-30,1;4;6;5;22,남,20,2,15,0,12,15,1,7,0,0,22000,327498,5,349498,69899.6
e_e000691,e000691,2023-05-21,2023-05-22,26;6,여,30,4,5,0,9,5,1,9,0,0,19000,63000,2,82000,41000
e_e000693,e000693,2023-05-20,2023-05-21,12;2;21;22;4,남,40,2,7,0,9,7,2,14,6000,0,2400,61800,2,70200,35100
e_e000695,e000695,2023-05-28,2023-05-30,6;22;4;24,여,30,4,14,0,13,14,1,5,35600,0,70000,189700,3,295300,98433.33333
e_e000696,e000696,2023-05-19,2023-05-22,11;9,남,40,1,11,0,11,11,3,4,0,0,64000,300800,4,364800,91200
e_e000699,e000699,2023-06-02,2023-06-05,1;2;21;4;5,여,30,3,11,0,13,11,1,3,240000,0,71400,158510,4,469910,117477.5
e_e000700,e000700,2023-06-02,2023-06-05,1;2;3;4;5,여,20,4,24,0,30,24,0,4,0,0,32700,431400,4,464100,116025
e_e000704,e000704,2023-06-10,2023-06-11,6;26;24,여,30,5,6,0,4,6,0,2,0,0,0,72600,2,72600,36300
e_e000705,e000705,2023-05-19,2023-05-22,1;5;6;7;9,남,20,5,20,0,23,20,0,8,0,0,25100,201950,4,227050,56762.5
e_e000706,e000706,2023-05-19,2023-05-20,2,여,20,8,3,0,3,3,5,1,0,0,7500,136500,2,144000,72000
e_e000707,e000707,2023-06-03,2023-06-06,2;21;8,남,40,2,9,0,13,9,3,1,101570,100000,76000,75790,4,353360,88340
e_e000709,e000709,2023-05-21,2023-05-22,11;2;21;22,남,60,8,5,0,10,5,2,10,0,0,10000,43400,2,53400,26700
e_e000710,e000710,2023-05-20,2023-05-22,22;24;8,남,30,5,4,0,7,4,1,1,0,120000,4800,60000,3,184800,61600
e_e000715,e000715,2023-05-20,2023-05-22,24;8;2;1;6;5;4;3;7;9;10;11;12;13;21;22;23;25;26;27;28,여,30,4,10,0,12,10,1,4,0,124000,36000,183300,3,343300,114433.3333
e_e000717,e000717,2023-05-20,2023-05-21,2;22,여,30,4,10,0,13,10,3,5,40000,0,18500,136800,2,195300,97650
e_e000718,e000718,2023-05-26,2023-05-28,22;24;3;4;6,여,20,4,12,0,13,12,0,2,0,96000,11400,77400,3,184800,61600
e_e000733,e000733,2023-05-20,2023-05-22,24;25;26;27;28,남,30,5,6,0,10,6,3,9,49360,336000,73200,277300,3,735860,245286.6667
e_e000734,e000734,2023-05-20,2023-05-24,1;10;13;28;3,여,40,4,17,0,17,17,0,21,0,0,55000,125250,5,180250,36050
e_e000737,e000737,2023-05-20,2023-05-22,1;28;5,남,30,6,10,0,5,10,0,5,0,0,2700,179300,3,182000,60666.66667
e_e000738,e000738,2023-05-20,2023-05-23,1;21;22;3,남,30,3,16,0,20,16,1,33,0,0,20000,623860,4,643860,160965
e_e000743,e000743,2023-05-23,2023-05-24,1;4;7,남,30,4,5,0,3,5,1,4,0,0,41000,19300,2,60300,30150
e_e000745,e000745,2023-05-27,2023-05-28,24;21;2;11,여,40,5,3,0,7,3,2,2,0,0,20600,24000,2,44600,22300
e_e000746,e000746,2023-05-20,2023-05-21,2;5;6,남,30,4,4,0,4,4,1,1,0,0,8700,38600,2,47300,23650
e_e000747,e000747,2023-05-20,2023-05-22,24;4;6;8;9,여,40,1,7,0,6,7,6,3,0,318000,47200,255650,3,620850,206950
e_e000748,e000748,2023-05-20,2023-05-21,1;22;26,여,30,4,6,0,4,6,1,3,0,0,11600,262300,2,273900,136950
e_e000751,e000751,2023-05-28,2023-05-31,3;6;5;2,남,30,4,11,0,9,11,2,4,221200,0,233200,122300,4,576700,144175
e_e000752,e000752,2023-05-27,2023-05-30,1;21;22;3;4,여,40,1,19,0,20,19,0,8,0,0,130000,157300,4,287300,71825
e_e000760,e000760,2023-05-20,2023-05-21,5;1;22,남,30,6,6,0,4,6,3,1,0,0,45000,82500,2,127500,63750
e_e000761,e000761,2023-06-03,2023-06-04,2;21;5,남,50,5,4,0,7,4,2,3,0,0,10000,57100,2,67100,33550
e_e000762,e000762,2023-05-26,2023-05-29,21;22;28;5;7,여,20,4,12,0,14,12,0,4,0,0,27500,165900,4,193400,48350
e_e000765,e000765,2023-05-21,2023-05-23,1;2;3;9;11;5;6;4;12;21;23;22;24;25;27;28;26,남,30,5,8,0,18,8,2,3,164490,55000,55600,78000,3,353090,117696.6667
e_e000767,e000767,2023-05-27,2023-05-29,1;22;24;27;28,여,40,4,9,0,9,9,0,3,8500,0,20000,115700,3,144200,48066.66667
e_e000768,e000768,2023-06-06,2023-06-07,21;22,여,40,5,3,0,2,3,0,1,0,0,16600,93000,2,109600,54800
e_e000771,e000771,2023-06-02,2023-06-04,10;22;24,여,40,5,7,0,7,7,2,3,29000,60000,51700,104600,3,245300,81766.66667
e_e000774,e000774,2023-05-28,2023-05-30,22;9,여,30,7,8,0,7,8,6,2,400780,350000,44400,103750,3,898930,299643.3333
e_e000782,e000782,2023-05-27,2023-05-28,22,남,50,5,5,0,7,5,2,1,0,0,8000,104600,2,112600,56300
e_e000785,e000785,2023-05-20,2023-05-22,10;2;21,여,20,2,12,0,17,12,4,1,0,161465,32600,489777,3,683842,227947.3333
e_e000787,e000787,2023-05-21,2023-05-22,22;24;26;4,여,20,2,7,0,9,7,4,3,0,0,10600,97500,2,108100,54050
e_e000789,e000789,2023-05-20,2023-05-22,1,여,40,5,8,0,8,8,3,7,0,165000,46650,313500,3,525150,175050
e_e000791,e000791,2023-05-20,2023-05-22,2;22;3;6,남,20,2,15,0,12,15,1,2,30200,0,13500,155570,3,199270,66423.33333
e_e000793,e000793,2023-05-20,2023-05-21,1;21;4;9,남,60,3,10,0,9,10,1,1,0,0,2700,45900,2,48600,24300
e_e000794,e000794,2023-05-25,2023-05-27,1;2;3;4;6,여,20,3,10,0,13,10,0,2,0,0,44700,20000,3,64700,21566.66667
e_e000801,e000801,2023-05-29,2023-05-30,1;10;2;4;5,남,30,7,4,0,6,4,0,3,0,0,6000,129490,2,135490,67745
e_e000802,e000802,2023-05-29,2023-05-30,1;2;4,남,40,5,4,0,7,4,0,3,0,0,4800,60000,2,64800,32400
e_e000803,e000803,2023-05-21,2023-05-22,6;2,남,30,10,6,0,4,6,3,1,2700,0,50000,138000,2,190700,95350
e_e000804,e000804,2023-05-25,2023-05-29,5;6;1;22;24;26,여,30,4,19,0,24,19,1,2,0,304000,158800,535200,5,998000,199600
e_e000805,e000805,2023-05-20,2023-05-22,11;22;6,여,40,5,12,0,10,12,2,1,0,0,35600,135800,3,171400,57133.33333
e_e000807,e000807,2023-05-20,2023-05-22,22;6,남,30,4,25,0,27,25,2,20,0,0,81000,522100,3,603100,201033.3333
e_e000810,e000810,2023-05-20,2023-05-22,1;22;26;27;4,여,30,7,12,0,13,12,0,11,0,99660,200946,202000,3,502606,167535.3333
e_e000811,e000811,2023-05-20,2023-05-22,1;2;21;4;9,여,40,1,14,0,17,14,4,14,0,0,23200,177200,3,200400,66800
e_e000812,e000812,2023-05-20,2023-05-22,11;2;22;26;6,남,30,5,13,0,11,13,3,3,0,10000,75000,207500,3,292500,97500
e_e000817,e000817,2023-05-27,2023-05-29,8;27,남,30,5,6,0,9,6,2,3,0,170000,76700,84500,3,331200,110400
e_e000818,e000818,2023-05-31,2023-06-02,25;21;24;26;22,여,30,5,7,0,7,7,1,7,105750,0,50000,79000,3,234750,78250
e_e000826,e000826,2023-05-26,2023-05-30,3;5;8;22;26;21;27;6,여,50,5,10,0,16,10,2,2,9900,320000,46800,78000,5,454700,90940
e_e000828,e000828,2023-05-27,2023-05-30,1;3;4;6;9,여,60,7,24,0,29,24,1,3,0,188000,95800,380400,4,664200,166050
e_e000830,e000830,2023-06-03,2023-06-04,2;5;22;1,남,30,1,5,0,4,5,2,7,0,0,8000,84200,2,92200,46100
e_e000831,e000831,2023-05-28,2023-05-29,1;11;4;5;6,남,40,6,5,0,4,5,3,7,0,0,10400,86200,2,96600,48300
e_e000838,e000838,2023-05-27,2023-05-28,1;2;3;5;7,남,30,7,4,0,5,4,3,5,0,0,98000,81400,2,179400,89700
e_e000840,e000840,2023-05-27,2023-05-29,1;2;27;5;8,여,30,3,6,0,8,6,3,7,0,279000,0,159600,3,438600,146200
e_e000841,e000841,2023-05-21,2023-05-23,3;6;12;22;23;26,여,20,1,15,0,14,15,2,3,0,61643,23200,117700,3,202543,67514.33333
e_e000844,e000844,2023-05-27,2023-05-29,1;2;22;23;26,여,30,5,10,0,12,10,2,6,0,0,159400,140500,3,299900,99966.66667
e_e000849,e000849,2023-05-21,2023-05-22,1;2;22,여,20,10,6,0,5,6,1,2,0,0,15200,74400,2,89600,44800
e_e000850,e000850,2023-06-03,2023-06-04,3;11;22;6;21;26;4,여,30,5,8,0,6,8,0,8,0,0,4100,64100,2,68200,34100
e_e000852,e000852,2023-05-20,2023-05-21,22,여,30,4,6,0,8,6,1,15,0,0,22900,143200,2,166100,83050
e_e000854,e000854,2023-05-27,2023-05-28,1;23;27;28;4,여,40,4,6,0,6,6,4,3,42227,0,55227,62600,2,160054,80027
e_e000856,e000856,2023-05-24,2023-05-28,1;3;6;11;21;24;27;26;12,여,20,1,25,0,48,25,1,7,0,229040,127800,587000,5,943840,188768
e_e000859,e000859,2023-06-01,2023-06-04,1;22;3;4;6,여,30,4,20,0,21,20,0,1,39800,0,25450,391600,4,456850,114212.5
e_e000861,e000861,2023-06-03,2023-06-07,5;4;23;3;6,여,30,1,20,0,41,20,1,1,0,200170,184400,632900,5,1017470,203494
e_e000863,e000863,2023-05-27,2023-05-30,1;4;23,여,20,4,14,0,29,14,1,12,0,156675,41450,925900,4,1124025,281006.25
e_e000865,e000865,2023-05-25,2023-05-27,21;23;24;26;27,여,20,1,7,0,7,7,0,9,0,51000,8000,54860,3,113860,37953.33333
e_e000872,e000872,2023-06-03,2023-06-05,11;27;28;8,여,50,4,4,0,8,4,4,1,130000,130000,30000,0,3,290000,96666.66667
e_e000875,e000875,2023-06-10,2023-06-11,6,남,50,1,9,0,8,9,0,3,25400,0,41900,22200,2,89500,44750
e_e000877,e000877,2023-05-26,2023-05-29,2;21;24;5;8,여,40,5,7,0,12,7,5,1,0,200000,59100,511600,4,770700,192675
e_e000882,e000882,2023-05-23,2023-05-24,21;22;26;7,여,20,2,8,0,6,8,0,5,15550,0,7200,53100,2,75850,37925
e_e000883,e000883,2023-06-01,2023-06-03,1;21;9,여,30,3,15,0,21,15,0,1,0,57269,123860,75750,3,256879,85626.33333
e_e000886,e000886,2023-06-06,2023-06-07,2;22;26;27,여,60,10,5,0,10,5,0,1,0,0,1500,25500,2,27000,13500
e_e000889,e000889,2023-06-03,2023-06-04,3;7,남,30,6,6,0,6,6,1,3,0,0,20400,217500,2,237900,118950
e_e000902,e000902,2023-05-24,2023-05-27,22;23;26;4;5,남,30,1,12,0,15,12,1,1,0,71000,21800,144000,4,236800,59200
e_e000906,e000906,2023-06-05,2023-06-07,21;22;4;5;8,여,20,6,7,0,8,7,0,2,40780,210000,24000,212600,3,487380,162460
e_e000907,e000907,2023-05-26,2023-05-30,1;21;22;24;26,여,20,3,21,0,23,21,0,3,21000,0,21000,157400,5,199400,39880
e_e000910,e000910,2023-05-26,2023-05-28,21;23;28,남,30,2,11,0,12,11,0,1,1000,0,4850,21600,3,27450,9150
e_e000914,e000914,2023-06-03,2023-06-04,1;9,여,20,4,6,0,6,6,0,4,0,0,47150,44600,2,91750,45875
e_e000917,e000917,2023-05-28,2023-05-30,22;23;4;5;6,여,30,7,13,0,16,13,3,10,0,81358,86650,150000,3,318008,106002.6667
e_e000919,e000919,2023-05-24,2023-05-26,27;5,남,40,4,6,0,3,6,3,2,120000,0,68000,276000,3,464000,154666.6667
e_e000930,e000930,2023-05-25,2023-05-27,23;3;4,여,20,6,19,0,23,19,1,14,0,400000,6850,215400,3,622250,207416.6667
e_e000932,e000932,2023-06-03,2023-06-04,12;21;22;26,여,20,4,7,0,6,7,2,4,7800,0,0,173500,2,181300,90650
e_e000935,e000935,2023-05-27,2023-05-30,11;27;3;6,남,60,4,18,0,21,18,4,4,0,0,101650,410620,4,512270,128067.5
e_e000936,e000936,2023-06-01,2023-06-03,1;11;22;5;9,남,30,4,10,0,9,10,1,8,0,111320,33800,132600,3,277720,92573.33333
e_e000938,e000938,2023-05-28,2023-05-29,2;1;22;9;11;5,여,40,2,4,0,1,4,3,5,65410,0,4500,0,2,69910,34955
e_e000942,e000942,2023-06-03,2023-06-05,22;7;8,남,30,5,7,0,11,7,1,2,0,116000,51600,139850,3,307450,102483.3333
e_e000946,e000946,2023-05-26,2023-05-30,1;2;3;4;5,남,20,1,32,0,38,32,0,12,96900,429000,113690,324600,5,964190,192838
e_e000947,e000947,2023-06-07,2023-06-09,2,남,30,4,11,0,10,11,1,5,2000,60000,9200,201000,3,272200,90733.33333
e_e000949,e000949,2023-05-29,2023-05-30,1;11;2;22;6,남,30,5,4,0,6,4,2,3,52800,0,15900,61800,2,130500,65250
e_e000950,e000950,2023-06-03,2023-06-05,8,여,60,1,5,0,9,5,9,2,0,270000,100000,429780,3,799780,266593.3333
e_e000951,e000951,2023-06-08,2023-06-11,12;28;3;6,여,30,2,20,0,23,20,0,12,0,40000,69750,117300,4,227050,56762.5
e_e000955,e000955,2023-05-27,2023-05-28,21;22;4;6,여,40,9,8,0,6,8,3,7,0,0,3000,711900,2,714900,357450
e_e000956,e000956,2023-05-24,2023-05-25,22;27;6,여,50,4,6,0,4,6,0,7,22500,0,5350,26500,2,54350,27175
e_e000959,e000959,2023-06-04,2023-06-07,1;21;28;3;4,여,40,1,19,0,14,19,3,14,0,0,20100,182300,4,202400,50600
e_e000961,e000961,2023-05-26,2023-05-31,1;2;25;24;21;7,남,40,7,24,0,27,24,3,3,0,0,97850,524030,6,621880,103646.6667
e_e000962,e000962,2023-06-03,2023-06-04,1;5,여,30,1,3,0,2,3,2,1,0,0,35000,30590,2,65590,32795
e_e000964,e000964,2023-05-27,2023-05-30,22;26;27,여,30,4,9,0,10,9,0,4,0,0,0,55900,4,55900,13975
e_e000966,e000966,2023-06-09,2023-06-10,1;22,남,60,4,7,0,6,7,4,3,0,0,21000,111900,2,132900,66450
e_e000967,e000967,2023-05-27,2023-05-30,28;22;26;3;6;1;10,여,30,5,15,0,15,15,3,4,76449,0,41699,212600,4,330748,82687
e_e000969,e000969,2023-05-28,2023-05-29,1;3;6,여,40,2,6,0,4,6,0,3,0,0,0,29300,2,29300,14650
e_e000973,e000973,2023-06-05,2023-06-07,8,여,60,11,8,0,15,8,3,3,41110,204320,29996,130000,3,405426,135142
e_e000976,e000976,2023-05-31,2023-06-01,1;11;2;6;9,남,40,4,15,0,22,15,0,2,8290,0,23950,62800,2,95040,47520
e_e000983,e000983,2023-06-10,2023-06-11,2;6,남,50,3,5,0,4,5,0,4,3000,0,4500,15000,2,22500,11250
e_e000984,e000984,2023-06-03,2023-06-04,1;22;26,여,30,1,6,0,7,6,1,4,0,0,35000,175800,2,210800,105400
e_e000986,e000986,2023-05-24,2023-05-25,1;2;21;22;24,여,30,1,6,0,6,6,0,5,0,0,15650,103900,2,119550,59775
e_e000987,e000987,2023-05-28,2023-05-29,1;11,여,20,1,7,0,5,7,1,1,0,0,5800,135800,2,141600,70800
e_e000992,e000992,2023-05-27,2023-05-28,11;1,여,40,5,4,0,3,4,1,7,0,0,4000,46500,2,50500,25250
e_e000993,e000993,2023-05-26,2023-05-30,1;5;4;6;26;22;1;1;1;1;1;1,여,20,5,13,0,18,13,1,3,22300,0,89600,172800,5,284700,56940
e_e000994,e000994,2023-06-09,2023-06-11,2;5,여,20,4,6,0,6,6,2,1,0,210000,50000,41000,3,301000,100333.3333
e_e000995,e000995,2023-05-25,2023-05-30,1;2;3;4;6,남,30,2,12,0,8,12,1,1,152000,0,152000,69600,6,373600,62266.66667
e_e000996,e000996,2023-06-01,2023-06-02,1;2;3;4;5,여,30,1,5,0,4,5,0,3,8500,0,0,4700,2,13200,6600
e_e000997,e000997,2023-05-28,2023-05-30,1;22;26;8,남,40,12,6,0,8,6,2,4,0,30000,32600,39400,3,102000,34000
e_e000998,e000998,2023-05-26,2023-05-28,1;24;5;8;27;22;21;4;2,여,30,2,5,0,7,5,2,9,0,239000,12800,47700,3,299500,99833.33333
e_e000999,e000999,2023-05-27,2023-05-30,1;21;22;4;5,여,60,4,13,0,16,13,3,3,0,0,20000,477630,4,497630,124407.5
e_e001001,e001001,2023-06-09,2023-06-12,1;27;10;9;8;7;22;26;23;24;28;3;2;4;5;21,남,20,2,10,0,15,10,1,8,0,30000,31200,57300,4,118500,29625
e_e001009,e001009,2023-05-24,2023-05-26,22;23;6,여,20,4,18,0,17,18,1,3,0,100000,129200,221400,3,450600,150200
e_e001012,e001012,2023-05-27,2023-05-28,1;22;4,여,20,2,7,0,6,7,1,1,0,0,5200,62800,2,68000,34000
e_e001013,e001013,2023-05-28,2023-05-29,21;22;25,여,40,10,6,0,5,6,0,2,9000,0,2000,21300,2,32300,16150
e_e001014,e001014,2023-05-26,2023-05-28,8;22;21;26;27,여,20,4,7,0,12,7,1,1,0,125243,57500,184851,3,367594,122531.3333
e_e001019,e001019,2023-05-27,2023-05-28,1;2;3;4;5,남,30,4,6,0,5,6,0,11,0,0,31200,3500,2,34700,17350
e_e001022,e001022,2023-06-04,2023-06-07,1;2;22;4,여,20,4,8,0,8,8,1,5,0,0,68000,226700,4,294700,73675
e_e001023,e001023,2023-05-29,2023-05-30,1;2;22;26,남,30,4,6,0,4,6,2,2,0,0,4600,110300,2,114900,57450
e_e001024,e001024,2023-05-26,2023-05-30,1;2;22;23;6,남,30,4,21,0,18,21,1,7,0,160000,117750,276200,5,553950,110790
e_e001025,e001025,2023-06-04,2023-06-06,22;8;24,남,30,4,13,0,16,13,1,1,0,152000,58000,347000,3,557000,185666.6667
e_e001026,e001026,2023-06-04,2023-06-06,2;22;9,남,30,6,10,0,8,10,1,12,0,92000,56600,177500,3,326100,108700
e_e001029,e001029,2023-05-26,2023-05-30,1;2;26;6,남,50,7,17,0,21,17,2,10,0,0,190000,392500,5,582500,116500
e_e001030,e001030,2023-05-27,2023-05-29,23,남,50,2,12,0,9,12,5,7,0,380000,83000,411200,3,874200,291400
e_e001031,e001031,2023-06-03,2023-06-05,22;8,여,20,4,9,0,7,9,1,1,27000,169000,50000,159100,3,405100,135033.3333
e_e001032,e001032,2023-05-26,2023-05-30,1;4;3;21;22;28;26;6,여,30,5,28,0,23,28,0,2,0,0,33200,522190,5,555390,111078
e_e001040,e001040,2023-06-10,2023-06-11,1;2;22;4,남,30,4,8,0,7,8,1,1,0,0,20000,89880,2,109880,54940
e_e001041,e001041,2023-06-04,2023-06-06,2;23;24,여,40,5,15,0,16,15,3,2,0,115000,40000,173780,3,328780,109593.3333
e_e001045,e001045,2023-06-03,2023-06-07,1;3;4;6;11;21;22;26;27,남,30,5,30,0,43,30,0,2,36500,0,110200,804900,5,951600,190320
e_e001049,e001049,2023-05-27,2023-05-30,23;22,여,40,5,12,0,11,12,1,4,0,349812,79800,191000,4,620612,155153
e_e001052,e001052,2023-05-28,2023-05-29,22;24,여,30,4,4,0,3,4,0,3,0,0,18650,85200,2,103850,51925
e_e001057,e001057,2023-05-29,2023-05-30,22;4,남,60,4,5,0,8,5,3,5,0,0,12900,99200,2,112100,56050
e_e001059,e001059,2023-05-30,2023-06-01,1;2;22;23;26,남,30,3,9,0,7,9,1,8,0,0,1650,93800,3,95450,31816.66667
e_e001060,e001060,2023-05-28,2023-05-31,1;2;22;23;5,남,30,3,9,0,11,9,3,1,0,50000,70000,186500,4,306500,76625
e_e001061,e001061,2023-05-26,2023-05-27,4;1;26;22,여,30,5,7,0,10,7,0,2,0,0,33600,714900,2,748500,374250
e_e001063,e001063,2023-05-27,2023-05-28,1,남,30,6,8,0,9,8,1,1,0,0,5000,67600,2,72600,36300
e_e001068,e001068,2023-05-28,2023-05-30,21;22;5;6;8,남,40,3,7,0,12,7,4,6,115260,398000,68000,199000,3,780260,260086.6667
e_e001069,e001069,2023-06-04,2023-06-05,24,남,30,4,7,0,6,7,1,11,0,0,57400,120600,2,178000,89000
e_e001070,e001070,2023-06-03,2023-06-04,2;22,여,20,2,9,0,7,9,1,3,0,0,50160,77400,2,127560,63780
e_e001071,e001071,2023-05-27,2023-05-28,1;22;25,여,30,4,5,0,9,5,0,1,0,0,2500,45550,2,48050,24025
e_e001079,e001079,2023-05-28,2023-05-29,1;22,여,30,5,5,0,5,5,1,3,0,0,3400,2073800,2,2077200,1038600
e_e001081,e001081,2023-05-27,2023-05-28,3;21;22,남,30,6,6,0,8,6,1,2,0,0,13800,104200,2,118000,59000
e_e001084,e001084,2023-06-03,2023-06-05,21;3,남,60,5,12,0,12,12,8,5,0,480000,30000,151280,3,661280,220426.6667
e_e001093,e001093,2023-06-04,2023-06-05,22;28;3;4;9,여,30,4,8,0,9,8,1,3,0,0,11700,43400,2,55100,27550
e_e001097,e001097,2023-05-28,2023-05-29,6,여,40,2,5,0,3,5,1,3,0,0,7500,37000,2,44500,22250
e_e001098,e001098,2023-05-29,2023-05-30,12;22;26,여,30,4,6,0,5,6,1,5,0,0,50000,57800,2,107800,53900
e_e001103,e001103,2023-05-29,2023-05-31,23,여,40,4,9,0,14,9,2,3,0,132000,13150,236700,3,381850,127283.3333
e_e001104,e001104,2023-05-28,2023-05-29,1;6;22,여,20,5,6,0,8,6,1,6,40000,0,0,53000,2,93000,46500
e_e001108,e001108,2023-05-26,2023-05-27,21;6,여,20,2,7,0,7,7,0,3,0,0,5500,24400,2,29900,14950
e_e001110,e001110,2023-05-27,2023-05-28,2;6,여,60,2,5,0,3,5,10,4,0,0,64200,314000,2,378200,189100
e_e001113,e001113,2023-06-02,2023-06-05,1;22;24;4;6,남,20,1,19,0,18,19,0,7,14400,0,2900,116200,4,133500,33375
e_e001114,e001114,2023-05-28,2023-05-29,1;21;22;4,여,20,1,6,0,7,6,1,2,0,0,9500,64800,2,74300,37150
e_e001117,e001117,2023-06-03,2023-06-05,2;21;22;8;9,여,20,1,8,0,8,8,1,1,0,270333,3300,184440,3,458073,152691
e_e001118,e001118,2023-06-03,2023-06-05,24;3,남,40,6,8,0,10,8,2,7,70000,110000,40000,102900,3,322900,107633.3333
e_e001124,e001124,2023-05-28,2023-05-30,2;22;4,여,30,4,6,0,6,6,1,1,0,135902,11300,117000,3,264202,88067.33333
e_e001125,e001125,2023-05-26,2023-05-30,1;2;22;4;9,남,30,4,15,0,11,15,1,4,0,0,66000,265070,5,331070,66214
e_e001126,e001126,2023-05-29,2023-05-30,22;5,여,40,1,4,0,3,4,1,1,0,0,3150,87400,2,90550,45275
e_e001127,e001127,2023-05-29,2023-05-30,11;22,여,40,2,8,0,8,8,2,2,0,0,8400,132400,2,140800,70400
e_e001130,e001130,2023-06-03,2023-06-05,22;28,남,30,1,10,0,9,10,3,7,0,0,14800,122800,3,137600,45866.66667
e_e001131,e001131,2023-05-27,2023-05-29,22;21;27;3;1;12;28;13;7,여,20,5,14,0,25,14,1,2,0,0,20900,341600,3,362500,120833.3333
e_e001132,e001132,2023-06-04,2023-06-07,21;22;8,남,20,5,11,0,10,11,1,1,0,0,42509,85360,4,127869,31967.25
e_e001134,e001134,2023-05-28,2023-05-29,21;22;26;6,여,20,1,6,0,4,6,2,3,42000,0,4200,51500,2,97700,48850
e_e001137,e001137,2023-05-26,2023-05-28,22;4,여,20,2,14,0,11,14,1,5,11500,0,42250,161200,3,214950,71650
e_e001140,e001140,2023-05-27,2023-05-28,11;21;22,남,40,5,7,0,5,7,0,3,0,0,29000,105400,2,134400,67200
e_e001142,e001142,2023-06-06,2023-06-09,1;2;23;3;4,여,30,3,26,0,24,26,1,3,0,96520,51000,145500,4,293020,73255
e_e001146,e001146,2023-05-26,2023-05-27,21;27;6,남,20,2,5,0,8,5,0,3,0,0,5000,2500,2,7500,3750
e_e001147,e001147,2023-06-05,2023-06-06,1;12;22;3;4,남,20,3,6,0,7,6,1,8,0,0,13600,78800,2,92400,46200
e_e001149,e001149,2023-05-27,2023-05-30,1;2;4;5;7,여,30,1,17,0,23,17,3,3,80000,136470,57100,485900,4,759470,189867.5
e_e001150,e001150,2023-06-03,2023-06-06,24;28;3;5;8,남,50,7,9,0,13,9,2,5,2000,90000,51500,85480,4,228980,57245
e_e001159,e001159,2023-06-02,2023-06-04,1;22;26;4;7,여,30,1,11,0,16,11,1,1,0,0,90000,207960,3,297960,99320
e_e001164,e001164,2023-05-26,2023-05-29,1;22;26;7,여,40,5,22,0,27,22,1,2,0,253281,179300,524700,4,957281,239320.25
e_e001166,e001166,2023-06-06,2023-06-09,1;4;6;23;22;21;26;11;3,여,40,7,22,0,25,22,1,4,0,210600,129200,298700,4,638500,159625
e_e001171,e001171,2023-05-27,2023-05-28,21;22;24,남,30,5,13,0,12,13,1,4,0,0,98650,127500,2,226150,113075
e_e001172,e001172,2023-05-27,2023-05-28,3;13;22;26,여,30,4,5,0,8,5,0,2,0,0,0,21000,2,21000,10500
e_e001173,e001173,2023-06-04,2023-06-07,22;6;8,남,30,5,13,0,21,13,1,2,0,100000,40000,207660,4,347660,86915
e_e001174,e001174,2023-05-27,2023-05-30,1;23;4;6;9,남,30,6,21,0,24,21,1,12,0,292192,65700,345800,4,703692,175923
e_e001176,e001176,2023-05-28,2023-05-29,22;5,남,40,5,3,0,2,3,2,3,0,0,0,696500,2,696500,348250
e_e001178,e001178,2023-05-27,2023-05-28,22;3;4;6;7,여,40,6,7,0,12,7,1,1,10000,0,10500,328300,2,348800,174400
e_e001180,e001180,2023-06-02,2023-06-05,2;28;12,남,30,3,16,0,24,16,1,5,0,115200,43418,153300,4,311918,77979.5
e_e001182,e001182,2023-06-09,2023-06-11,21;3;5;8;9,여,40,3,6,0,10,6,3,4,0,33000,6600,16280,3,55880,18626.66667
e_e001183,e001183,2023-05-27,2023-05-28,11;2;5;6;7,여,40,2,7,0,10,7,3,8,0,0,47200,189100,2,236300,118150
e_e001188,e001188,2023-06-03,2023-06-04,2,남,40,6,4,0,2,4,2,7,64000,0,12000,125000,2,201000,100500
e_e001190,e001190,2023-05-26,2023-05-29,1;2;21;4;7,여,30,5,16,0,9,16,1,2,0,0,30000,275200,4,305200,76300
e_e001194,e001194,2023-06-01,2023-06-02,2;22;4;6,여,30,5,6,0,6,6,2,5,40800,0,2400,3700,2,46900,23450
e_e001200,e001200,2023-05-26,2023-05-28,21;22;26;27;4,남,20,4,8,0,8,8,1,2,0,67500,16400,67000,3,150900,50300
e_e001201,e001201,2023-06-04,2023-06-06,22;24;26,남,40,6,6,0,10,6,1,1,0,317000,108000,145000,3,570000,190000
e_e001207,e001207,2023-06-04,2023-06-06,1;4;11;6;21;22;23,여,30,3,9,0,16,9,0,3,0,61999,89700,98698,3,250397,83465.66667
e_e001211,e001211,2023-06-04,2023-06-05,3,남,30,11,4,0,5,4,0,3,0,0,27500,19500,2,47000,23500
e_e001212,e001212,2023-05-29,2023-06-01,1;10;11;23;4,여,50,7,11,0,9,11,3,1,0,0,14200,159900,4,174100,43525
e_e001215,e001215,2023-06-03,2023-06-04,2;21;22,남,30,7,4,0,3,4,2,8,0,0,54500,56000,2,110500,55250
e_e001218,e001218,2023-05-26,2023-05-29,3,남,40,4,8,0,12,8,3,2,0,80000,15200,46000,4,141200,35300
e_e001220,e001220,2023-06-06,2023-06-07,21;22;24;26;27,여,30,5,10,0,12,10,0,2,0,0,5900,13500,2,19400,9700
e_e001230,e001230,2023-05-28,2023-05-30,8,여,50,4,7,0,8,7,2,3,0,60000,51000,87500,3,198500,66166.66667
e_e001233,e001233,2023-06-03,2023-06-05,1;2;22;6,여,30,4,12,0,14,12,3,1,0,110000,2700,395700,3,508400,169466.6667
e_e001238,e001238,2023-06-05,2023-06-06,1;4;22;21;24,남,50,6,5,0,4,5,2,4,0,0,5000,423100,2,428100,214050
e_e001239,e001239,2023-06-03,2023-06-06,12;13;2;24;27,여,40,4,20,0,25,20,0,5,0,0,12200,157620,4,169820,42455
e_e001243,e001243,2023-05-26,2023-05-29,21;22;23;4;5,남,40,1,12,0,12,12,3,7,0,459800,46289,133000,4,639089,159772.25
e_e001244,e001244,2023-05-28,2023-05-29,1;23;26;3;4,여,60,8,8,0,17,8,1,13,0,0,20000,218900,2,238900,119450
e_e001246,e001246,2023-05-28,2023-05-29,1;2;22;26,남,20,1,8,0,6,8,1,2,0,35000,9000,76000,2,120000,60000
e_e001247,e001247,2023-06-03,2023-06-07,24;3;1;4;6;22;21,여,20,4,29,0,32,29,0,4,0,0,86000,161090,5,247090,49418
e_e001251,e001251,2023-05-28,2023-05-30,21;23;3;4;6,여,30,7,16,0,17,16,3,2,0,0,30000,124300,3,154300,51433.33333
e_e001252,e001252,2023-06-06,2023-06-07,1;11;2;27,여,60,3,8,0,6,8,6,2,33430,0,42000,280000,2,355430,177715
e_e001254,e001254,2023-05-30,2023-06-02,1;21;24;28;6,여,60,1,16,0,17,16,0,6,0,0,35500,146750,4,182250,45562.5
e_e001257,e001257,2023-06-01,2023-06-02,2,여,60,5,6,0,4,6,1,1,0,0,0,31300,2,31300,15650
e_e001261,e001261,2023-05-27,2023-05-28,8,여,50,2,4,0,6,4,7,4,30000,0,24200,252000,2,306200,153100
e_e001262,e001262,2023-05-27,2023-05-28,13;22;3,여,30,5,8,0,8,8,1,7,0,0,108410,73100,2,181510,90755
e_e001264,e001264,2023-05-28,2023-05-29,1;22;24;4,남,20,4,7,0,5,7,1,4,0,0,10000,64600,2,74600,37300
e_e001265,e001265,2023-06-05,2023-06-07,2;3;4;5;6,남,40,3,8,0,18,8,3,9,30738,156399,54000,161900,3,403037,134345.6667
e_e001267,e001267,2023-06-03,2023-06-04,2;6,남,40,7,6,0,8,6,1,2,0,0,25000,76100,2,101100,50550
e_e001271,e001271,2023-06-03,2023-06-07,21;27;3;5;8,여,30,1,11,0,16,11,3,16,61090,150000,55000,75500,5,341590,68318
e_e001276,e001276,2023-05-27,2023-05-29,22;24;5;9,여,30,6,9,0,8,9,1,4,0,0,28150,181100,3,209250,69750
e_e001279,e001279,2023-06-04,2023-06-06,1;22;24;26;27,남,50,5,17,0,18,17,0,1,0,0,27100,257600,3,284700,94900
e_e001280,e001280,2023-06-03,2023-06-05,26;22;9;4;6,남,30,5,18,0,42,18,1,4,0,0,37600,277900,3,315500,105166.6667
e_e001281,e001281,2023-05-27,2023-05-30,21;22;24;5;8,여,30,6,13,0,14,13,1,4,0,329000,9000,324790,4,662790,165697.5
e_e001287,e001287,2023-06-01,2023-06-02,2;26,남,40,6,3,0,8,3,3,2,3000,0,9520,82000,2,94520,47260
e_e001291,e001291,2023-05-27,2023-05-28,11;26,남,30,11,5,0,4,5,2,1,0,0,16600,23500,2,40100,20050
e_e001295,e001295,2023-06-04,2023-06-05,22;3;6,여,60,3,8,0,7,8,1,7,0,0,5000,41200,2,46200,23100
e_e001296,e001296,2023-06-05,2023-06-06,13,남,40,6,4,0,3,4,3,5,0,0,38800,43700,2,82500,41250
e_e001301,e001301,2023-06-01,2023-06-03,6;7;21;22;4,남,20,3,12,0,12,12,1,2,0,0,7500,109600,3,117100,39033.33333
e_e001308,e001308,2023-06-03,2023-06-04,2,남,30,5,3,0,9,3,2,1,0,0,3400,71150,2,74550,37275
e_e001312,e001312,2023-06-02,2023-06-06,1;10;5;8,여,40,5,9,0,10,9,4,1,100000,115000,90000,938430,5,1243430,248686
e_e001314,e001314,2023-06-03,2023-06-04,13;28,남,50,5,5,0,5,5,2,5,0,0,21700,153800,2,175500,87750
e_e001316,e001316,2023-06-03,2023-06-04,1;2;6;7;9,여,60,4,5,0,4,5,4,12,0,0,44200,1062500,2,1106700,553350
e_e001321,e001321,2023-06-06,2023-06-07,3;4;1;26,여,30,4,8,0,10,8,0,2,0,0,4600,80800,2,85400,42700
e_e001325,e001325,2023-06-02,2023-06-03,1;21;22;4;6,여,30,4,9,0,9,9,1,2,0,0,15000,199600,2,214600,107300
e_e001326,e001326,2023-06-02,2023-06-04,21;22;26,남,30,5,15,0,13,15,1,3,17820,0,104900,240500,3,363220,121073.3333
e_e001329,e001329,2023-06-02,2023-06-05,1;10;22;23;26;6;4,남,30,8,9,0,16,9,1,2,0,813706,43800,125600,4,983106,245776.5
e_e001330,e001330,2023-06-05,2023-06-06,2,여,40,1,3,0,4,3,3,5,0,0,7800,0,2,7800,3900
e_e001331,e001331,2023-05-29,2023-05-30,2;21;22,남,60,7,8,0,8,8,2,4,0,0,2200,148800,2,151000,75500
e_e001341,e001341,2023-05-27,2023-05-30,1;2;3;6;11;21;22;26;27,여,20,4,18,0,20,18,1,5,15400,0,91200,191500,4,298100,74525
e_e001344,e001344,2023-05-28,2023-05-29,21;22;4,남,30,6,8,0,8,8,1,6,0,0,10000,174325,2,184325,92162.5
e_e001346,e001346,2023-05-28,2023-05-29,1;11;4;7;9,남,20,4,6,0,7,6,1,2,0,0,8600,101100,2,109700,54850
e_e001351,e001351,2023-06-05,2023-06-07,22;26,남,30,6,7,0,8,7,1,3,50600,520000,24200,86000,3,680800,226933.3333
e_e001356,e001356,2023-05-27,2023-05-29,3;6,여,30,3,13,0,12,13,1,1,0,0,255000,292800,3,547800,182600
e_e001360,e001360,2023-05-28,2023-05-29,22;5,남,40,4,11,0,10,11,3,3,0,0,18800,382399,2,401199,200599.5
e_e001372,e001372,2023-05-27,2023-05-29,1;10;22;23;4,여,30,12,4,0,2,4,1,3,242000,45000,25000,22000,3,334000,111333.3333
e_e001377,e001377,2023-05-27,2023-05-28,3;6,여,30,4,6,0,4,6,0,1,0,0,3100,10800,2,13900,6950
e_e001380,e001380,2023-06-04,2023-06-05,1;2;22;4;6,남,30,1,5,0,7,5,2,4,0,0,50000,64000,2,114000,57000
e_e001382,e001382,2023-05-28,2023-05-30,6;22,여,30,5,8,0,9,8,1,4,0,101666,20500,128400,3,250566,83522
e_e001384,e001384,2023-06-06,2023-06-07,2;22;25,남,20,4,4,0,5,4,1,4,0,0,0,31500,2,31500,15750
e_e001386,e001386,2023-05-31,2023-06-02,12;21;22;24;27,여,30,6,7,0,5,7,0,2,0,0,4000,135000,3,139000,46333.33333
e_e001392,e001392,2023-06-04,2023-06-05,2;21,여,30,12,4,0,2,4,2,7,5504,0,4500,79141,2,89145,44572.5
e_e001396,e001396,2023-05-27,2023-05-28,1;4,남,30,4,4,0,3,4,0,2,0,0,11400,21700,2,33100,16550
e_e001400,e001400,2023-05-29,2023-05-30,2;22,남,30,5,7,0,13,7,0,6,0,0,5100,444100,2,449200,224600
e_e001408,e001408,2023-05-29,2023-05-31,2;3;4;8;9,남,30,5,8,0,8,8,1,2,0,35000,65800,107210,3,208010,69336.66667
e_e001409,e001409,2023-05-28,2023-05-30,21;22;8,여,30,4,7,0,8,7,4,3,0,218960,66640,45700,3,331300,110433.3333
e_e001411,e001411,2023-06-10,2023-06-11,7,여,20,4,6,0,4,6,3,5,0,0,4350,135400,2,139750,69875
e_e001412,e001412,2023-05-28,2023-05-30,1;4;22;23;21,남,20,5,9,0,7,9,1,4,2000,478240,30200,272600,3,783040,261013.3333
e_e001413,e001413,2023-06-09,2023-06-10,22;24;26;6,여,20,4,8,0,12,8,0,2,0,0,8400,38100,2,46500,23250
e_e001414,e001414,2023-05-29,2023-05-30,1;11;27;4;6,남,40,10,6,0,6,6,2,1,0,0,10400,56700,2,67100,33550
e_e001415,e001415,2023-06-01,2023-06-02,21;24;26;27,남,20,2,7,0,8,7,3,3,0,0,38000,69500,2,107500,53750
e_e001416,e001416,2023-06-04,2023-06-05,21;28;5,여,30,2,6,0,5,6,1,5,0,0,16900,71300,2,88200,44100
e_e001421,e001421,2023-06-02,2023-06-03,12;22;3;4;6,여,30,3,6,0,6,6,0,5,0,0,4550,68000,2,72550,36275
e_e001422,e001422,2023-06-03,2023-06-06,1;2;22;3;8,남,40,6,15,0,13,15,2,4,14350,88000,57600,348850,4,508800,127200
e_e001424,e001424,2023-05-29,2023-05-30,12;22;26,남,40,5,6,0,4,6,4,1,0,0,37000,263340,2,300340,150170
e_e001426,e001426,2023-06-05,2023-06-06,1;2;3;4;5,여,30,1,5,0,3,5,0,8,0,0,32000,9000,2,41000,20500
e_e001427,e001427,2023-06-09,2023-06-11,1;11;2;22;4,여,30,1,15,0,11,15,2,2,0,0,56300,125800,3,182100,60700
e_e001428,e001428,2023-06-03,2023-06-05,1;22;26;6;9,여,30,4,16,0,17,16,1,1,22000,80000,122000,518600,3,742600,247533.3333
e_e001429,e001429,2023-06-03,2023-06-04,11;2;6,여,40,3,6,0,6,6,3,3,0,0,4800,73400,2,78200,39100
e_e001430,e001430,2023-06-09,2023-06-10,1;11;3;6;9,여,20,4,11,0,11,11,1,4,61000,0,11200,66500,2,138700,69350
e_e001432,e001432,2023-05-30,2023-05-31,1;22;4,남,20,1,7,0,4,7,1,4,0,0,32500,136000,2,168500,84250
e_e001434,e001434,2023-06-05,2023-06-06,11;22;6,남,40,2,4,0,5,4,1,2,27000,0,0,20900,2,47900,23950
e_e001436,e001436,2023-05-28,2023-05-30,8,남,40,6,8,0,7,8,3,4,183070,0,62500,177060,3,422630,140876.6667
e_e001440,e001440,2023-06-03,2023-06-04,11;22;5;6;9,남,20,1,6,0,7,6,1,1,0,0,27900,20400,2,48300,24150
e_e001448,e001448,2023-06-02,2023-06-04,2;21;22;24;9,여,20,5,9,0,11,9,1,9,0,0,5550,137000,3,142550,47516.66667
e_e001449,e001449,2023-06-03,2023-06-04,21;27;8,여,30,4,4,0,3,4,2,3,0,0,16800,41000,2,57800,28900
e_e001452,e001452,2023-05-28,2023-05-29,2;21;22;24;4,남,30,5,7,0,9,7,1,5,0,0,34412,89800,2,124212,62106
e_e001458,e001458,2023-06-03,2023-06-04,1;21;22;26;4,여,60,2,6,0,9,6,1,3,0,0,4000,41600,2,45600,22800
e_e001459,e001459,2023-05-29,2023-05-30,21;22;27;3,남,30,5,9,0,9,9,1,5,0,0,12600,110800,2,123400,61700
e_e001464,e001464,2023-06-04,2023-06-05,22;4;6,여,20,5,6,0,6,6,0,1,8500,0,50450,141700,2,200650,100325
e_e001467,e001467,2023-06-01,2023-06-03,12;2;22;3;4,여,30,4,13,0,11,13,0,18,0,21000,12000,133300,3,166300,55433.33333
e_e001468,e001468,2023-05-28,2023-05-29,2;21;22;24,여,30,4,6,0,10,6,1,12,0,0,62600,83400,2,146000,73000
e_e001470,e001470,2023-06-02,2023-06-05,1;4;5;6;7;10;9;26;22,여,20,3,15,0,15,15,2,1,0,120000,45600,256750,4,422350,105587.5
e_e001471,e001471,2023-06-03,2023-06-04,1,남,30,3,3,0,2,3,0,1,0,0,0,14000,2,14000,7000
e_e001480,e001480,2023-05-29,2023-05-30,22;26,여,20,3,6,0,5,6,1,5,0,0,7400,52700,2,60100,30050
e_e001482,e001482,2023-05-27,2023-05-29,22;23;26;4;6,남,20,4,18,0,17,18,1,2,700,277913,217750,307500,3,803863,267954.3333
e_e001485,e001485,2023-06-06,2023-06-07,22;5,여,40,2,5,0,3,5,3,1,0,0,30000,102500,2,132500,66250
e_e001489,e001489,2023-06-04,2023-06-05,1;2;4;7;11;21;22;24;27;26,여,20,4,3,0,5,3,1,1,0,0,24700,35500,2,60200,30100
e_e001499,e001499,2023-05-28,2023-05-30,1;4;6;7;9,남,20,4,8,0,11,8,1,3,375000,0,100100,115900,3,591000,197000
e_e001503,e001503,2023-06-03,2023-06-05,10;21;22;24;26,남,40,9,6,0,8,6,2,2,0,45000,25000,227600,3,297600,99200
e_e001510,e001510,2023-06-03,2023-06-04,1;4,여,20,4,7,0,6,7,1,3,0,0,9200,78200,2,87400,43700
e_e001519,e001519,2023-06-03,2023-06-05,22,여,40,2,10,0,8,10,1,12,0,0,57000,390190,3,447190,149063.3333
e_e001521,e001521,2023-06-03,2023-06-04,2,여,20,4,3,0,1,3,0,5,189000,0,6000,0,2,195000,97500
e_e001522,e001522,2023-06-03,2023-06-06,26;28;5;8,남,30,5,13,0,14,13,0,3,0,120000,31000,154450,4,305450,76362.5
e_e001523,e001523,2023-06-04,2023-06-05,21,남,60,6,3,0,4,3,1,5,18500,0,28000,60800,2,107300,53650
e_e001525,e001525,2023-05-30,2023-05-31,21;22;5,여,50,1,7,0,3,7,3,2,0,0,0,486000,2,486000,243000
e_e001526,e001526,2023-06-05,2023-06-07,23;26;3;4;6,여,40,6,10,0,15,10,3,3,62580,99050,182920,506000,3,850550,283516.6667
e_e001529,e001529,2023-05-28,2023-05-30,1;22;24;26;5,여,20,4,8,0,6,8,2,5,0,0,25000,196800,3,221800,73933.33333
e_e001530,e001530,2023-06-10,2023-06-11,11;24;22;26;4;1,남,20,4,7,0,9,7,1,1,0,0,3000,138800,2,141800,70900
e_e001532,e001532,2023-06-03,2023-06-04,2,여,20,4,6,0,4,6,0,10,0,0,3000,49000,2,52000,26000
e_e001534,e001534,2023-05-29,2023-05-30,21;22;24;26;3,남,20,4,7,0,10,7,1,6,0,0,900,92500,2,93400,46700
e_e001538,e001538,2023-06-03,2023-06-05,22;24;26;7;8,남,40,4,9,0,10,9,5,5,0,235000,6000,376120,3,617120,205706.6667
e_e001542,e001542,2023-06-03,2023-06-05,1;21;22;23;5,남,40,10,9,0,12,9,2,15,0,327608,900,125900,3,454408,151469.3333
e_e001544,e001544,2023-06-04,2023-06-05,12;22;26;3,여,30,4,12,0,10,12,1,2,5900,0,15600,59500,2,81000,40500
e_e001548,e001548,2023-05-31,2023-06-03,1;3;12;2;6;22;24;26;7;9;10;13,여,30,1,22,0,44,22,0,18,8900,41000,29100,126220,4,205220,51305
e_e001553,e001553,2023-05-30,2023-05-31,26,여,30,1,8,0,7,8,1,11,0,0,0,86000,2,86000,43000
e_e001554,e001554,2023-06-03,2023-06-07,7;5;8;12;22;28,여,30,4,25,0,34,25,1,4,0,0,64500,327480,5,391980,78396
e_e001557,e001557,2023-06-03,2023-06-04,22;24;4,여,30,4,6,0,6,6,0,1,0,0,4100,2000,2,6100,3050
e_e001559,e001559,2023-06-04,2023-06-05,6;4;1,남,50,2,6,0,7,6,1,1,0,0,30000,135400,2,165400,82700
e_e001563,e001563,2023-05-28,2023-05-29,1,여,30,1,6,0,9,6,3,1,0,0,93054,23100,2,116154,58077
e_e001564,e001564,2023-06-05,2023-06-06,1;11;22;3;6,남,40,7,7,0,9,7,1,1,30000,0,24500,48000,2,102500,51250
e_e001565,e001565,2023-06-04,2023-06-05,2;22;26;6;9,남,30,2,4,0,3,4,1,1,0,0,12000,34000,2,46000,23000
e_e001568,e001568,2023-05-28,2023-05-29,1;2;24,여,20,6,7,0,7,7,0,5,0,0,3500,17000,2,20500,10250
e_e001569,e001569,2023-06-06,2023-06-07,21;22;26;3;4,여,40,4,12,0,12,12,0,1,0,0,3300,28800,2,32100,16050
e_e001571,e001571,2023-06-03,2023-06-06,2;21;22;23;9,남,30,5,10,0,16,10,1,10,0,100000,77350,173660,4,351010,87752.5
e_e001576,e001576,2023-05-29,2023-05-30,1;22;26,여,40,4,10,0,8,10,2,8,90000,0,42383,16800,2,149183,74591.5
e_e001577,e001577,2023-06-09,2023-06-10,2;22,여,20,4,4,0,6,4,0,5,0,0,3400,7500,2,10900,5450
e_e001578,e001578,2023-06-06,2023-06-07,1;3,남,40,4,5,0,6,5,0,3,0,0,0,9000,2,9000,4500
e_e001888,e001888,2023-06-06,2023-06-07,10;2,남,30,7,4,0,5,4,3,5,78000,0,0,100500,2,178500,89250
e_e001890,e001890,2023-06-10,2023-06-11,22;3;4;1;21,남,20,5,6,0,6,6,1,7,0,0,21000,42400,2,63400,31700
e_e001891,e001891,2023-06-04,2023-06-05,5;22;8;22,여,30,4,4,0,5,4,2,2,0,0,11000,67000,2,78000,39000
e_e001892,e001892,2023-06-06,2023-06-07,6;10;22;22,남,30,4,4,0,7,4,2,2,0,0,30000,69100,2,99100,49550
e_e001897,e001897,2023-06-02,2023-06-03,24;6;9,여,30,2,3,0,3,3,0,7,0,0,0,3000,2,3000,1500
e_e001899,e001899,2023-06-09,2023-06-11,6;7,여,20,7,11,0,8,11,1,1,0,0,5700,276600,3,282300,94100
e_e001900,e001900,2023-06-02,2023-06-03,13;22;24;6,남,60,4,7,0,10,7,2,13,0,0,34200,219310,2,253510,126755
e_e001905,e001905,2023-06-06,2023-06-07,1;22;3;4;6,여,50,4,5,0,4,5,2,5,0,0,0,120700,2,120700,60350
e_e001909,e001909,2023-05-31,2023-06-01,3,남,30,7,9,0,7,9,0,2,0,0,41000,15400,2,56400,28200
e_e001911,e001911,2023-06-04,2023-06-06,11;22;23;4;8,남,40,3,8,0,10,8,3,6,321450,58000,108240,81400,3,569090,189696.6667
e_e001913,e001913,2023-06-02,2023-06-04,22;23;24;27,남,20,2,10,0,8,10,1,2,59120,162400,30000,40000,3,291520,97173.33333
e_e001914,e001914,2023-06-09,2023-06-11,2;24;26;5;6,여,20,6,13,0,19,13,1,30,0,198000,7500,177100,3,382600,127533.3333
e_e001916,e001916,2023-06-03,2023-06-05,1;2;23;4;6,여,40,2,12,0,15,12,2,1,15000,188100,736800,100100,3,1040000,346666.6667
e_e001923,e001923,2023-06-06,2023-06-07,22;28,여,20,4,3,0,1,3,0,9,0,0,9700,0,2,9700,4850
e_e001924,e001924,2023-06-05,2023-06-06,1;11;12;22;3,남,20,4,8,0,11,8,0,2,0,0,5150,311500,2,316650,158325
e_e001926,e001926,2023-06-08,2023-06-10,1;21;22;23;26,여,20,4,16,0,24,16,1,1,0,400000,14000,157000,3,571000,190333.3333
e_e001935,e001935,2023-06-10,2023-06-12,1;22;23;24;9,남,20,4,12,0,13,12,1,5,0,45000,23600,84500,3,153100,51033.33333
e_e001936,e001936,2023-05-31,2023-06-02,9;22;26;2,남,20,4,10,0,9,10,1,10,0,0,100000,66100,3,166100,55366.66667
e_e001937,e001937,2023-06-01,2023-06-02,2;22,여,30,4,3,0,6,3,2,9,0,0,28000,214600,2,242600,121300
e_e001940,e001940,2023-06-04,2023-06-06,22;6;24,여,20,4,9,0,13,9,1,5,0,28000,61250,154800,3,244050,81350
e_e001944,e001944,2023-06-04,2023-06-05,3,남,60,4,7,0,7,7,1,2,0,0,9300,63800,2,73100,36550
e_e001949,e001949,2023-06-01,2023-06-02,1;2;4;6;9,여,20,5,10,0,12,10,1,1,0,0,10000,265900,2,275900,137950
e_e001950,e001950,2023-06-03,2023-06-05,12;22;3;6,남,20,6,10,0,18,10,2,4,0,84500,258800,283200,3,626500,208833.3333
e_e001955,e001955,2023-06-04,2023-06-05,2;22;6,여,50,5,5,0,8,5,3,2,0,0,8000,88800,2,96800,48400
e_e001968,e001968,2023-06-06,2023-06-08,21;27;28;3;5,여,30,4,14,0,13,14,0,2,1000,32000,30000,80400,3,143400,47800
e_e001972,e001972,2023-06-03,2023-06-04,1;4;6,남,20,4,6,0,6,6,1,2,0,0,5900,85500,2,91400,45700
e_e001976,e001976,2023-06-02,2023-06-05,4;1;2;6;7;9;11;13;12;22;23;24;26,남,30,4,10,0,10,10,1,1,0,0,87800,57300,4,145100,36275
e_e001982,e001982,2023-06-10,2023-06-11,22;24;25,여,40,5,5,0,4,5,2,3,0,0,20140,75800,2,95940,47970
e_e001987,e001987,2023-06-06,2023-06-08,12;21;22;26;8,여,20,7,7,0,7,7,4,9,0,284191,33800,67000,3,384991,128330.3333
e_e001989,e001989,2023-06-05,2023-06-07,1;22;5,여,20,4,9,0,8,9,1,2,0,40000,12000,147000,3,199000,66333.33333
e_e001990,e001990,2023-06-03,2023-06-04,1;2;22;26,여,20,4,5,0,5,5,0,1,0,0,2500,18380,2,20880,10440
e_e001993,e001993,2023-06-04,2023-06-05,1;6,여,30,5,10,0,8,10,0,11,29900,0,2900,31900,2,64700,32350
e_e001996,e001996,2023-06-05,2023-06-07,1;21;22;6;7,남,50,3,9,0,8,9,4,35,0,110000,30000,174000,3,314000,104666.6667
e_e001997,e001997,2023-06-02,2023-06-04,22;7,여,20,3,18,0,27,18,20,2,0,150000,13150,43500,3,206650,68883.33333
e_e002011,e002011,2023-06-02,2023-06-04,1;22;24;26;6,여,30,4,12,0,9,12,0,1,0,0,23000,221200,3,244200,81400
e_e002013,e002013,2023-06-03,2023-06-05,24;26;7,여,30,3,20,0,18,20,0,2,0,0,81300,309100,3,390400,130133.3333
e_e002014,e002014,2023-06-03,2023-06-04,1;10;7,여,30,4,15,0,15,15,1,5,0,0,4800,30280,2,35080,17540
e_e002018,e002018,2023-06-10,2023-06-11,21,여,30,3,5,0,4,5,1,1,0,0,2700,4800,2,7500,3750
e_e002024,e002024,2023-06-02,2023-06-03,6,남,40,4,5,0,8,5,0,1,0,0,12000,106320,2,118320,59160
e_e002025,e002025,2023-06-05,2023-06-06,27;3;4;5;6,남,60,6,4,0,3,4,2,1,0,0,0,70000,2,70000,35000
e_e002030,e002030,2023-06-02,2023-06-03,21;3;5,남,30,1,6,0,7,6,0,6,0,0,0,22500,2,22500,11250
e_e002033,e002033,2023-06-06,2023-06-07,1;22;26,여,20,4,4,0,4,4,0,3,0,0,0,35300,2,35300,17650
e_e002034,e002034,2023-06-03,2023-06-04,3;6;12;26;22,여,30,3,9,0,14,9,0,2,0,0,97500,70500,2,168000,84000
e_e002035,e002035,2023-06-03,2023-06-04,3,남,60,4,6,0,5,6,2,4,0,0,30400,150000,2,180400,90200
e_e002036,e002036,2023-06-06,2023-06-07,10;21;3;6;9,여,40,6,10,0,9,10,2,5,0,0,32200,55900,2,88100,44050
e_e002038,e002038,2023-06-03,2023-06-04,2;6;26,여,50,1,5,0,5,5,0,5,0,0,53200,14100,2,67300,33650
e_e002045,e002045,2023-06-05,2023-06-07,1;1;7;10,남,30,5,8,0,14,8,1,5,70000,35000,50000,83320,3,238320,79440
e_e002049,e002049,2023-06-04,2023-06-06,1;22;24;6;9,남,20,3,11,0,15,11,1,6,0,70000,58000,114182,3,242182,80727.33333
e_e002051,e002051,2023-06-03,2023-06-04,1;22;3;4,남,20,5,8,0,14,8,0,2,0,0,2700,37000,2,39700,19850
e_e002053,e002053,2023-06-03,2023-06-05,1;22;26;4;7,여,20,4,13,0,13,13,0,2,0,0,5000,232690,3,237690,79230
e_e002056,e002056,2023-06-10,2023-06-11,12;21;22;5;9,여,30,2,3,0,4,3,0,1,0,0,1750,8000,2,9750,4875
e_e002058,e002058,2023-06-02,2023-06-04,22,남,60,3,7,0,11,7,5,1,0,75000,115900,502440,3,693340,231113.3333
e_e002059,e002059,2023-06-03,2023-06-05,3;21;24;26;26;24;21;3,남,40,6,8,0,10,8,3,1,0,100000,0,70000,3,170000,56666.66667
e_e002064,e002064,2023-06-02,2023-06-03,1;4,남,20,2,5,0,8,5,1,1,0,29000,3300,100400,2,132700,66350
e_e002066,e002066,2023-06-04,2023-06-05,10;2;22;26,여,30,5,5,0,5,5,1,5,68000,0,9300,92500,2,169800,84900
e_e002069,e002069,2023-06-10,2023-06-11,1;2;4;6,여,30,6,8,0,12,8,1,2,66000,0,12600,45000,2,123600,61800
e_e002070,e002070,2023-06-05,2023-06-06,1;2;6,여,20,6,9,0,7,9,0,3,0,0,9050,53500,2,62550,31275
e_e002071,e002071,2023-06-07,2023-06-08,25;28;22;26;24;21;27;13;2;5,여,20,4,5,0,9,5,0,5,0,0,82740,12500,2,95240,47620
e_e002074,e002074,2023-06-04,2023-06-06,1;3;4;22,여,40,5,15,0,13,15,0,3,0,0,10000,33100,3,43100,14366.66667
e_e002076,e002076,2023-06-03,2023-06-04,22;3;4;9,남,40,5,6,0,6,6,0,9,0,0,3500,8000,2,11500,5750
e_e002077,e002077,2023-06-01,2023-06-02,1;21;22;24;26,남,60,1,6,0,4,6,3,1,0,0,18100,190000,2,208100,104050
e_e002079,e002079,2023-06-04,2023-06-05,2;21;22;26;27;12;9,남,20,6,5,0,6,5,1,4,0,0,39000,65000,2,104000,52000
e_e002081,e002081,2023-06-04,2023-06-05,22;23;26,남,30,2,6,0,6,6,1,1,0,0,21600,151500,2,173100,86550
e_e002082,e002082,2023-06-03,2023-06-05,1;22;23;27;3,여,20,4,16,0,18,16,1,1,0,126000,19800,104600,3,250400,83466.66667
e_e002084,e002084,2023-06-03,2023-06-04,21;2,남,20,4,7,0,6,7,1,7,0,0,0,85500,2,85500,42750
e_e002089,e002089,2023-06-03,2023-06-04,3;22,여,40,4,8,0,6,8,2,14,0,0,10600,120600,2,131200,65600
e_e002092,e002092,2023-06-03,2023-06-04,1;7,여,20,4,8,0,6,8,1,2,0,0,14800,150100,2,164900,82450
e_e002093,e002093,2023-06-07,2023-06-08,1;4;6;22;24;26,여,20,3,6,0,7,6,0,2,0,0,9300,35500,2,44800,22400
e_e002097,e002097,2023-06-03,2023-06-05,22;23;4;6,남,20,4,10,0,14,10,1,1,25000,121306,20700,186240,3,353246,117748.6667
e_e002099,e002099,2023-06-09,2023-06-10,22;12;1;2;23,남,20,4,7,0,8,7,1,5,0,26000,16350,179900,2,222250,111125
e_e002106,e002106,2023-06-06,2023-06-07,1;12;3,남,30,7,9,0,9,9,1,11,0,0,10000,99500,2,109500,54750
e_e002108,e002108,2023-06-03,2023-06-04,1;4;9,남,30,6,4,0,3,4,1,1,0,0,4400,106800,2,111200,55600
e_e002110,e002110,2023-06-10,2023-06-11,1;22;24;27;4,남,30,5,4,0,4,4,1,4,0,0,30000,147000,2,177000,88500
e_e002121,e002121,2023-06-03,2023-06-04,1;4;6,남,30,8,7,0,6,7,0,3,0,0,3200,6000,2,9200,4600
e_e002126,e002126,2023-06-03,2023-06-05,1;11;5;9,남,40,4,16,0,14,16,2,7,0,47000,43300,68900,3,159200,53066.66667
e_e002130,e002130,2023-06-10,2023-06-11,22;4;6;8,남,20,1,8,0,6,8,1,2,0,0,8000,154500,2,162500,81250
e_e002131,e002131,2023-06-03,2023-06-05,5;22;24;27;21;13;8,남,60,5,7,0,13,7,7,19,0,50000,24000,50100,3,124100,41366.66667
e_e002132,e002132,2023-06-10,2023-06-11,2;22;24;26;4,여,30,4,7,0,9,7,1,1,0,0,13000,59400,2,72400,36200
e_e002135,e002135,2023-06-04,2023-06-06,22;8,여,40,1,9,0,16,9,3,11,0,200000,32400,65200,3,297600,99200
e_e002136,e002136,2023-06-04,2023-06-05,1;22;26;4;7,여,30,1,8,0,8,8,1,8,10000,0,157960,596200,2,764160,382080
e_e002141,e002141,2023-06-02,2023-06-04,1;2;4;6;9,남,40,5,16,0,15,16,2,15,68824,0,47400,112500,3,228724,76241.33333
e_e002143,e002143,2023-06-03,2023-06-05,1;9;6;21;22;11,여,30,4,12,0,16,12,0,16,0,0,8850,81900,3,90750,30250
e_e002145,e002145,2023-07-03,2023-07-04,6;4,남,30,1,6,0,5,6,2,3,0,0,16100,13900,2,30000,15000
e_e002148,e002148,2023-06-03,2023-06-05,22;23;3;6,여,40,5,9,0,11,9,3,3,0,76500,56400,221900,3,354800,118266.6667
e_e002152,e002152,2023-06-03,2023-06-04,1;22;26,여,20,2,5,0,4,5,1,1,0,0,14600,248300,2,262900,131450
e_e002154,e002154,2023-06-03,2023-06-04,22;24;5,여,20,4,7,0,5,7,1,5,0,0,0,95500,2,95500,47750
e_e002157,e002157,2023-06-02,2023-06-04,1;12;22;25;27,여,30,4,11,0,6,11,1,4,0,0,50000,170800,3,220800,73600
e_e002158,e002158,2023-06-06,2023-06-07,21;22;24;28;3,여,20,4,7,0,10,7,1,6,0,0,0,65000,2,65000,32500
e_e002159,e002159,2023-06-04,2023-06-06,22;25;27;28;3,여,30,5,21,0,19,21,0,19,50000,0,50000,365740,3,465740,155246.6667
e_e002160,e002160,2023-06-03,2023-06-04,22,남,30,4,7,0,6,7,1,5,0,0,12700,165000,2,177700,88850
e_e002161,e002161,2023-06-04,2023-06-06,1;2;21;22;4,남,30,5,10,0,14,10,0,6,0,55000,30000,64230,3,149230,49743.33333
e_e002163,e002163,2023-06-05,2023-06-06,2;1,여,60,3,11,0,11,11,3,9,0,0,50000,70200,2,120200,60100
e_e002168,e002168,2023-06-03,2023-06-05,1;22;24;5,남,30,5,12,0,10,12,2,1,0,0,0,287900,3,287900,95966.66667
e_e002169,e002169,2023-06-04,2023-06-05,22;4,남,30,4,5,0,4,5,1,5,0,0,5700,24600,2,30300,15150
e_e002171,e002171,2023-06-05,2023-06-07,22;3;4;6;9,남,30,5,19,0,21,19,1,7,0,172000,52000,206100,3,430100,143366.6667
e_e002176,e002176,2023-06-03,2023-06-05,22,여,40,5,7,0,7,7,0,5,0,0,36000,72900,3,108900,36300
e_e002178,e002178,2023-06-06,2023-06-07,11;2;22;6;9,남,30,4,6,0,4,6,0,2,0,0,0,73800,2,73800,36900
e_e002182,e002182,2023-06-02,2023-06-04,10;13;2;22,여,30,2,11,0,18,11,4,2,0,249000,54750,270800,3,574550,191516.6667
e_e002183,e002183,2023-06-03,2023-06-04,4;6;21;22,여,30,4,9,0,7,9,1,7,24000,28000,8750,108100,2,168850,84425
e_e002184,e002184,2023-06-05,2023-06-07,22;26;8,남,30,6,10,0,11,10,1,1,50000,30000,67500,137700,3,285200,95066.66667
e_e002186,e002186,2023-06-03,2023-06-05,21;22;26;4;7,여,40,3,7,0,9,7,1,4,15000,55000,28400,96000,3,194400,64800
e_e002187,e002187,2023-06-03,2023-06-04,2;22,여,20,4,9,0,9,9,0,4,0,0,25500,62200,2,87700,43850
e_e002189,e002189,2023-06-03,2023-06-04,1;3;4;6,여,60,7,8,0,5,8,1,1,0,0,30000,393500,2,423500,211750
e_e002197,e002197,2023-06-06,2023-06-07,1;2;22;6,여,20,3,6,0,8,6,1,4,0,0,3900,64400,2,68300,34150
e_e002198,e002198,2023-06-03,2023-06-04,2;4;5;6;7,여,20,4,8,0,10,8,1,4,0,0,48400,167650,2,216050,108025
e_e002202,e002202,2023-06-02,2023-06-04,1;27;3;4,남,30,6,9,0,10,9,1,7,0,150000,8000,125500,3,283500,94500
e_e002204,e002204,2023-06-03,2023-06-05,22;24;26,여,30,4,10,0,12,10,3,4,0,400000,51650,303500,3,755150,251716.6667
e_e002206,e002206,2023-06-04,2023-06-05,6;22,여,30,5,7,0,9,7,0,7,0,0,4550,19000,2,23550,11775
e_e002209,e002209,2023-06-03,2023-06-05,21;22;23;6;9,여,30,1,9,0,18,9,1,5,0,0,28900,181600,3,210500,70166.66667
e_e002212,e002212,2023-06-08,2023-06-10,1;21;22;27;28,여,20,2,9,0,14,9,0,6,0,0,123900,71400,3,195300,65100
e_e002213,e002213,2023-06-04,2023-06-05,1,여,20,4,9,0,7,9,0,3,0,0,2500,26500,2,29000,14500
e_e002214,e002214,2023-06-03,2023-06-05,2;1;4;6;7;21;22;24;26;27,여,20,2,11,0,16,11,1,8,0,24000,12900,236400,3,273300,91100
e_e002215,e002215,2023-06-03,2023-06-05,2;22;23;24;26,남,40,6,8,0,7,8,2,12,0,132000,73000,366200,3,571200,190400
e_e002220,e002220,2023-06-03,2023-06-05,23;1,여,30,4,14,0,19,14,2,3,0,200000,93500,128500,3,422000,140666.6667
e_e002222,e002222,2023-06-04,2023-06-06,1;2;6,남,40,6,13,0,15,13,3,17,0,140000,32000,389680,3,561680,187226.6667
e_e002231,e002231,2023-06-06,2023-06-07,22;4,남,20,2,5,0,3,5,0,2,0,0,2400,8500,2,10900,5450
e_e002233,e002233,2023-06-05,2023-06-06,1;22;26;4;6,남,20,4,6,0,6,6,1,4,0,0,48000,45500,2,93500,46750
e_e002234,e002234,2023-06-05,2023-06-07,1;10;21;22;4,여,40,3,12,0,16,12,2,5,0,182600,75000,162300,3,419900,139966.6667
e_e002235,e002235,2023-06-04,2023-06-05,21;22;4;6,남,30,5,10,0,14,10,1,3,121000,0,142200,24300,2,287500,143750
e_e002236,e002236,2023-06-04,2023-06-06,1;2;6;7,남,20,4,18,0,22,18,1,2,74000,65000,88600,284200,3,511800,170600
e_e002243,e002243,2023-06-02,2023-06-03,26;6;4;24,여,30,5,5,0,3,5,0,1,0,0,15000,17600,2,32600,16300
e_e002246,e002246,2023-06-06,2023-06-07,2;21;22;24;26,남,30,6,5,0,8,5,3,6,0,0,30000,141400,2,171400,85700
e_e002248,e002248,2023-06-03,2023-06-05,21;22;23,여,30,1,15,0,16,15,0,8,0,660000,189900,201200,3,1051100,350366.6667
e_e002250,e002250,2023-06-06,2023-06-07,11;2;21;22;24,여,20,4,5,0,3,5,1,2,0,0,0,80000,2,80000,40000
e_e002251,e002251,2023-06-09,2023-06-11,24;25,남,20,4,6,0,5,6,1,3,0,0,3000,40250,3,43250,14416.66667
e_e002253,e002253,2023-06-03,2023-06-04,1;3;9,여,40,5,3,0,3,3,3,4,0,0,29000,87600,2,116600,58300
e_e002254,e002254,2023-06-05,2023-06-07,4;1;7;26,여,30,4,11,0,13,11,1,8,5000,30505,6800,0,3,42305,14101.66667
e_e002255,e002255,2023-06-05,2023-06-07,3;8;21;27;1;6,여,40,6,7,0,11,7,2,14,67000,35000,30000,124950,3,256950,85650
e_e002259,e002259,2023-06-06,2023-06-07,1;11;4;6;9,남,60,6,7,0,7,7,1,2,0,0,5000,141900,2,146900,73450
e_e002260,e002260,2023-06-06,2023-06-08,1;3;4;6,여,20,3,18,0,24,18,0,22,0,70000,7100,59500,3,136600,45533.33333
e_e002263,e002263,2023-06-03,2023-06-04,2;22;21;1,여,60,4,5,0,6,5,1,9,0,0,8900,52100,2,61000,30500
e_e002264,e002264,2023-06-03,2023-06-04,21;27;28,여,30,7,6,0,6,6,2,8,0,0,11000,109500,2,120500,60250
e_e002266,e002266,2023-06-06,2023-06-08,25;22;2;4;12;21,여,30,8,7,0,11,7,1,5,62700,68999,41199,133850,3,306748,102249.3333
e_e002272,e002272,2023-06-03,2023-06-05,21;6;8,여,30,4,9,0,12,9,5,13,27080,140000,5600,168500,3,341180,113726.6667
e_e002279,e002279,2023-06-03,2023-06-04,1;21;22;24,여,30,5,5,0,8,5,1,2,0,0,4000,67000,2,71000,35500
e_e002283,e002283,2023-06-03,2023-06-05,6,남,20,5,9,0,7,9,0,1,314000,0,120000,316800,3,750800,250266.6667
e_e002284,e002284,2023-06-03,2023-06-04,1;2;22;24;27,남,20,4,5,0,10,5,1,3,0,0,4800,87000,2,91800,45900
e_e002288,e002288,2023-06-03,2023-06-04,22;6,여,20,3,8,0,7,8,1,1,42000,0,8000,143400,2,193400,96700
e_e002289,e002289,2023-06-06,2023-06-07,2;22;24;21;4;6,여,20,3,4,0,3,4,1,17,0,0,10000,59700,2,69700,34850
e_e002291,e002291,2023-06-06,2023-06-07,1;26;22;6,여,20,4,9,0,8,9,1,2,0,0,20800,171500,2,192300,96150
e_e002304,e002304,2023-06-19,2023-06-21,2;5;8,여,40,4,6,0,5,6,5,2,0,0,100000,37500,3,137500,45833.33333
e_e002306,e002306,2023-06-03,2023-06-05,1,여,40,4,9,0,8,9,2,8,0,173295,63000,269734,3,506029,168676.3333
e_e002308,e002308,2023-06-05,2023-06-07,4;2;24;22;23,여,20,4,13,0,16,13,1,5,0,60000,35500,96000,3,191500,63833.33333
e_e002310,e002310,2023-06-06,2023-06-07,21;22;25;26;3,여,60,3,5,0,6,5,3,13,0,0,50000,114000,2,164000,82000
e_e002313,e002313,2023-06-04,2023-06-05,1;23;24;26;4,여,30,4,7,0,8,7,0,1,0,0,30000,77400,2,107400,53700
e_e002314,e002314,2023-06-03,2023-06-04,22;4,남,30,10,7,0,6,7,1,2,0,0,20000,96050,2,116050,58025
e_e002316,e002316,2023-06-10,2023-06-11,5;6;9;22,여,30,6,6,0,11,6,1,6,0,0,33800,75570,2,109370,54685
e_e002318,e002318,2023-06-05,2023-06-07,22;23;26,남,30,4,12,0,12,12,1,5,0,500000,12200,637800,3,1150000,383333.3333
e_e002323,e002323,2023-06-03,2023-06-05,1;3;6;21;22,여,20,3,11,0,10,11,1,13,0,0,8000,66500,3,74500,24833.33333
e_e002330,e002330,2023-06-03,2023-06-04,1;27;3;4;5,남,30,4,5,0,6,5,3,7,0,0,42000,92600,2,134600,67300
e_e002332,e002332,2023-06-03,2023-06-04,22;4;1,여,30,5,4,0,5,4,2,2,0,0,1300,757200,2,758500,379250
e_e002336,e002336,2023-06-03,2023-06-04,27;21;3;21,여,30,5,7,0,11,7,0,8,0,0,3600,71500,2,75100,37550
e_e002340,e002340,2023-06-03,2023-06-04,1;4;6,여,20,4,9,0,10,9,1,1,0,0,8000,123600,2,131600,65800
e_e002342,e002342,2023-06-05,2023-06-07,22;24;3;5,여,50,6,10,0,9,10,2,3,0,0,40000,191900,3,231900,77300
e_e002351,e002351,2023-06-07,2023-06-09,22;23;27;28,남,20,3,15,0,17,15,1,20,0,198000,64000,307600,3,569600,189866.6667
e_e002364,e002364,2023-06-05,2023-06-07,12;22;3,남,40,3,16,0,17,16,1,12,0,44800,22900,83000,3,150700,50233.33333
e_e002375,e002375,2023-06-07,2023-06-08,3;11;6;21,남,30,3,11,0,13,11,1,6,2200,0,12800,72500,2,87500,43750
e_e002376,e002376,2023-06-19,2023-06-21,1;21;24;3,남,20,2,24,0,28,24,0,20,0,40000,65500,56500,3,162000,54000
e_e002389,e002389,2023-06-05,2023-06-06,1;21,여,60,3,8,0,7,8,1,5,0,0,15000,64800,2,79800,39900
e_e002391,e002391,2023-06-06,2023-06-07,1;21;22;24;26,여,30,5,6,0,8,6,0,3,0,0,4400,84700,2,89100,44550
e_e002392,e002392,2023-06-10,2023-06-11,24,여,20,4,9,0,9,9,0,1,0,30000,5700,122700,2,158400,79200
e_e002394,e002394,2023-06-03,2023-06-05,22;8,여,40,5,9,0,9,9,7,9,28800,370000,0,531809,3,930609,310203
e_e002396,e002396,2023-06-03,2023-06-05,8,남,40,9,7,0,6,7,3,3,0,129270,21400,127900,3,278570,92856.66667
e_e002399,e002399,2023-06-04,2023-06-05,2;5;6;8;9,남,60,4,5,0,4,5,3,6,182180,0,59500,0,2,241680,120840
e_e002401,e002401,2023-06-04,2023-06-05,1;24;27;4;5,여,60,2,4,0,11,4,1,5,1500,0,5000,49000,2,55500,27750
e_e002402,e002402,2023-06-10,2023-06-11,1;2;3;4;5,남,30,3,5,0,8,5,1,1,1100,0,4600,71800,2,77500,38750
e_e002405,e002405,2023-06-11,2023-06-12,13;21;9,남,50,5,6,0,7,6,3,2,0,0,35000,212400,2,247400,123700
e_e002409,e002409,2023-06-06,2023-06-07,12;22;4,여,50,6,8,0,6,8,3,4,0,0,43800,72000,2,115800,57900
e_e002410,e002410,2023-06-03,2023-06-05,11;2;26;6,남,60,5,11,0,15,11,6,4,46500,0,30000,241900,3,318400,106133.3333
e_e002411,e002411,2023-06-04,2023-06-05,1;26;4,남,30,6,5,0,5,5,1,2,0,0,10000,52000,2,62000,31000
e_e002412,e002412,2023-06-03,2023-06-04,1;12;22;4;6,여,30,4,9,0,8,9,0,1,0,0,5150,102500,2,107650,53825
e_e002414,e002414,2023-06-09,2023-06-11,1;4,남,20,3,15,0,13,15,0,1,0,0,70400,141700,3,212100,70700
e_e002415,e002415,2023-06-03,2023-06-05,2;22;4;6;9,남,20,2,9,0,11,9,1,1,0,50000,20550,84700,3,155250,51750
e_e002421,e002421,2023-06-05,2023-06-06,22;5,남,30,3,7,0,13,7,0,10,0,0,38800,255800,2,294600,147300
e_e002422,e002422,2023-06-04,2023-06-06,1;6,여,20,4,17,0,20,17,0,1,0,0,82300,500400,3,582700,194233.3333
e_e002423,e002423,2023-06-05,2023-06-07,1;2;3;5;6;9;12;21;22;24;26;28,남,20,6,15,0,18,15,1,2,0,0,75000,202300,3,277300,92433.33333
e_e002425,e002425,2023-06-04,2023-06-05,27;28;6;1,여,30,4,6,0,4,6,1,2,0,0,26800,64000,2,90800,45400
e_e002433,e002433,2023-06-05,2023-06-06,22;1,남,30,4,7,0,8,7,1,4,20000,0,58900,47960,2,126860,63430
e_e002437,e002437,2023-06-03,2023-06-04,21;22;27,남,30,6,4,0,8,4,3,1,10000,0,0,26500,2,36500,18250
e_e002451,e002451,2023-06-04,2023-06-05,1;3;4;5;7,여,50,4,6,0,7,6,0,7,0,0,3100,16800,2,19900,9950
e_e002456,e002456,2023-06-03,2023-06-05,12;22,여,20,4,10,0,7,10,0,2,0,0,15000,18300,3,33300,11100
e_e002462,e002462,2023-06-07,2023-06-09,11;2;22;26;6,남,30,8,10,0,10,10,2,9,0,29100,29800,59700,3,118600,39533.33333
e_e002465,e002465,2023-06-06,2023-06-07,1;22;24;6,남,30,6,6,0,4,6,0,3,30000,0,50000,36800,2,116800,58400
e_e002467,e002467,2023-06-03,2023-06-05,1;2;22;23;24,여,30,4,16,0,17,16,1,1,0,220000,24300,282900,3,527200,175733.3333
e_e002470,e002470,2023-06-17,2023-06-18,6;6;3;3,여,20,1,6,0,8,6,1,1,0,0,5800,30550,2,36350,18175
e_e002471,e002471,2023-06-14,2023-06-16,12;2;21;22;9,여,30,2,14,0,24,14,2,8,46700,215000,43000,532000,3,836700,278900
e_e002476,e002476,2023-06-10,2023-06-11,24;27;6;9,남,40,7,8,0,10,8,1,1,0,0,3000,84000,2,87000,43500
e_e002477,e002477,2023-07-08,2023-07-09,21;27;3,여,40,7,8,0,8,8,1,6,0,0,8000,327390,2,335390,167695
e_e002479,e002479,2023-06-16,2023-06-18,23,여,30,4,13,0,11,13,3,1,0,378000,12400,185260,3,575660,191886.6667
e_e002481,e002481,2023-06-15,2023-06-17,22;6,남,30,7,9,0,8,9,1,8,0,70000,10000,194900,3,274900,91633.33333
e_e002483,e002483,2023-06-15,2023-06-17,1;12;13;3;6,여,30,4,16,0,17,16,1,3,0,85000,25000,130400,3,240400,80133.33333
e_e002491,e002491,2023-06-23,2023-06-25,22;27;8,남,20,5,8,0,8,8,1,2,0,149000,70000,202760,3,421760,140586.6667
e_e002495,e002495,2023-07-08,2023-07-10,5,남,40,5,7,0,6,7,18,9,456980,700000,88400,171110,3,1416490,472163.3333
e_e002506,e002506,2023-06-10,2023-06-12,22;27;8,남,30,6,7,0,11,7,1,10,0,60000,59500,146200,3,265700,88566.66667
e_e002507,e002507,2023-06-11,2023-06-13,1;13;2;21;27,여,40,2,11,0,14,11,3,1,0,170000,100100,143570,3,413670,137890
e_e002508,e002508,2023-06-24,2023-06-26,1;7;21;22,여,20,4,7,0,10,7,0,2,0,0,16900,328780,3,345680,115226.6667
e_e002511,e002511,2023-06-10,2023-06-11,24,여,30,5,5,0,5,5,1,2,3500,0,9500,133200,2,146200,73100
e_e002513,e002513,2023-06-17,2023-06-19,27,여,40,3,9,0,7,9,0,4,0,0,6600,6700,3,13300,4433.333333
e_e002514,e002514,2023-06-17,2023-06-19,2;21;22;24;8,남,20,5,9,0,9,9,5,4,0,350000,28800,170070,3,548870,182956.6667
e_e002527,e002527,2023-06-11,2023-06-12,1;21;3,여,30,3,6,0,5,6,0,2,2500,0,0,52900,2,55400,27700
e_e002536,e002536,2023-06-27,2023-06-29,21;22;26;28;3,여,20,4,18,0,20,18,0,4,0,0,41270,46500,3,87770,29256.66667
e_e002541,e002541,2023-06-10,2023-06-12,22;23;24;4,남,30,4,10,0,10,10,1,3,2200,278000,16600,125600,3,422400,140800
e_e002548,e002548,2023-06-17,2023-06-19,4;9;6;26,여,30,1,17,0,22,17,1,9,0,90000,176500,139650,3,406150,135383.3333
e_e002550,e002550,2023-06-13,2023-06-15,12;2;22;26;3,여,20,5,9,0,9,9,0,4,0,169000,9100,71900,3,250000,83333.33333
e_e002551,e002551,2023-06-17,2023-06-19,1;22;26,여,20,1,16,0,15,16,1,1,0,0,30250,69400,3,99650,33216.66667
e_e002555,e002555,2023-07-02,2023-07-04,12;22;23;25;27,여,20,4,5,0,11,5,1,4,0,159000,50000,105320,3,314320,104773.3333
e_e002556,e002556,2023-06-23,2023-06-25,1;22;4,남,30,4,8,0,7,8,1,1,0,97666,92700,56400,3,246766,82255.33333
e_e002557,e002557,2023-06-24,2023-06-26,1;23;3;4;6,남,60,4,14,0,20,14,1,9,0,224500,81600,313600,3,619700,206566.6667
e_e002558,e002558,2023-06-10,2023-06-12,7;7;22,여,40,4,8,0,10,8,4,2,0,350000,135200,319150,3,804350,268116.6667
e_e002565,e002565,2023-06-18,2023-06-19,6;2;22;4,여,30,4,5,0,4,5,1,2,0,0,43000,44800,2,87800,43900
e_e002566,e002566,2023-06-14,2023-06-16,4;22;1,남,20,1,13,0,10,13,0,2,0,0,34000,171400,3,205400,68466.66667
e_e002569,e002569,2023-07-07,2023-07-09,1;6;7;3;12,여,20,4,19,0,28,19,1,6,0,0,60300,137400,3,197700,65900
e_e002570,e002570,2023-06-10,2023-06-12,21;22;24;26,남,50,7,6,0,12,6,3,5,440490,390000,52200,61500,3,944190,314730
e_e002572,e002572,2023-06-09,2023-06-10,1;4;6;22;26;28,여,40,2,5,0,9,5,0,6,0,0,9500,198200,2,207700,103850
e_e002574,e002574,2023-07-01,2023-07-02,1;22;4;6;9,여,20,4,3,0,3,3,1,1,103200,0,3700,13000,2,119900,59950
e_e002576,e002576,2023-06-25,2023-06-27,1;11;22;23;4,여,60,3,11,0,10,11,3,1,0,233801,40000,74900,3,348701,116233.6667
e_e002577,e002577,2023-06-11,2023-06-13,2;22;3;6;8,남,30,5,10,0,18,10,1,5,0,13900,203700,228570,3,446170,148723.3333
e_e002579,e002579,2023-07-01,2023-07-02,13;6;9,남,30,4,12,0,12,12,0,1,0,0,122700,93100,2,215800,107900
e_e002582,e002582,2023-06-18,2023-06-20,3;6;22;4;1;11;23;7;1;24;21,여,60,3,11,0,12,11,1,8,0,135000,20000,117800,3,272800,90933.33333
e_e002583,e002583,2023-06-10,2023-06-12,22;7,남,30,2,16,0,19,16,1,3,1500,0,4200,274600,3,280300,93433.33333
e_e002584,e002584,2023-06-10,2023-06-12,2;23;6,남,30,5,8,0,8,8,3,9,150000,150000,8000,269700,3,577700,192566.6667
e_e002589,e002589,2023-06-23,2023-06-25,12;26;22,여,60,2,10,0,15,10,1,3,0,148000,49500,229090,3,426590,142196.6667
e_e002590,e002590,2023-06-11,2023-06-12,22;11;26;21,남,30,4,5,0,4,5,1,3,0,0,24000,92700,2,116700,58350
e_e002593,e002593,2023-06-25,2023-06-26,28,여,50,4,5,0,3,5,3,2,0,0,40000,51000,2,91000,45500
e_e002597,e002597,2023-06-19,2023-06-21,5;8,여,30,1,5,0,7,5,3,16,0,60000,0,160100,3,220100,73366.66667
e_e002599,e002599,2023-06-10,2023-06-11,25,남,30,6,6,0,5,6,1,1,0,0,36000,88100,2,124100,62050
e_e002600,e002600,2023-06-11,2023-06-12,1,남,20,5,6,0,4,6,1,2,0,0,400,180000,2,180400,90200
e_e002605,e002605,2023-06-11,2023-06-12,12;22;3,여,30,6,6,0,7,6,1,9,0,0,2300,38000,2,40300,20150
e_e002606,e002606,2023-06-20,2023-06-21,11;21;27;4;6,여,30,3,5,0,5,5,0,6,0,0,10000,46200,2,56200,28100
e_e002607,e002607,2023-06-23,2023-06-25,22;25,여,20,4,11,0,10,11,1,3,0,137000,53200,134100,3,324300,108100
e_e002610,e002610,2023-06-30,2023-07-02,2;21,남,30,5,11,0,12,11,3,14,100000,20000,35000,61660,3,216660,72220
e_e002622,e002622,2023-06-17,2023-06-19,2;21,남,30,5,8,0,11,8,3,2,0,199000,70000,398280,3,667280,222426.6667
e_e002625,e002625,2023-06-30,2023-07-02,1;22;23,여,30,4,7,0,8,7,1,2,0,194990,64634,100800,3,360424,120141.3333
e_e002627,e002627,2023-07-07,2023-07-09,1;2;22;5;8,남,40,4,8,0,13,8,3,10,0,136980,54000,231860,3,422840,140946.6667
e_e002633,e002633,2023-06-25,2023-06-27,10;22;26,남,30,5,5,0,5,5,5,4,0,370000,33100,243450,3,646550,215516.6667
e_e002634,e002634,2023-06-26,2023-06-27,4;6;22,여,30,3,5,0,4,5,0,2,0,0,9200,98000,2,107200,53600
e_e002635,e002635,2023-07-01,2023-07-02,21;22;26;27;9,여,30,7,4,0,8,4,3,1,0,0,15000,381000,2,396000,198000
e_e002638,e002638,2023-06-30,2023-07-02,1;23;24;26;27,남,20,3,14,0,14,14,1,1,480000,100000,93000,152850,3,825850,275283.3333
e_e002641,e002641,2023-06-24,2023-06-26,1;22;26;6;4,남,20,1,14,0,19,14,1,4,0,0,7500,119700,3,127200,42400
e_e002650,e002650,2023-06-11,2023-06-12,1;22;24;26,남,60,5,10,0,9,10,3,6,0,0,12000,120000,2,132000,66000
e_e002662,e002662,2023-07-01,2023-07-02,1;22,남,20,4,5,0,3,5,1,18,0,0,2000,37200,2,39200,19600
e_e002673,e002673,2023-06-17,2023-06-18,10;2;21;5,여,40,7,5,0,4,5,2,7,59200,0,44200,156500,2,259900,129950
e_e002677,e002677,2023-06-10,2023-06-12,1;22;23;26,남,30,5,7,0,7,7,1,9,0,0,12500,13600,3,26100,8700
e_e002681,e002681,2023-06-24,2023-06-26,1;12;3;5;6,남,20,2,18,0,17,18,0,18,70000,30000,90000,241400,3,431400,143800
e_e002683,e002683,2023-06-25,2023-06-27,21;22;24;26;5,여,30,5,9,0,9,9,2,1,0,100000,9100,149000,3,258100,86033.33333
e_e002684,e002684,2023-07-08,2023-07-09,1;11;22;6,여,60,4,5,0,3,5,3,1,0,0,56800,134500,2,191300,95650
e_e002697,e002697,2023-06-10,2023-06-12,1;22;7,여,40,4,13,0,15,13,2,2,0,168362,101100,174900,3,444362,148120.6667
e_e002699,e002699,2023-06-25,2023-06-26,2;21;22;26,남,30,8,5,0,6,5,1,9,0,0,57400,57500,2,114900,57450
e_e002705,e002705,2023-06-17,2023-06-18,21;22;26;5,남,30,9,6,0,5,6,1,4,0,0,7800,75000,2,82800,41400
e_e002719,e002719,2023-06-10,2023-06-11,10;2;4;5,남,30,1,3,0,4,3,3,4,17200,0,10000,124500,2,151700,75850
e_e002721,e002721,2023-06-23,2023-06-24,1;26;6,남,50,6,5,0,3,5,2,1,0,0,0,99700,2,99700,49850
e_e002728,e002728,2023-06-24,2023-06-26,2;21;22;26;5,여,30,4,6,0,12,6,1,2,73800,120000,96700,144700,3,435200,145066.6667
e_e002736,e002736,2023-06-17,2023-06-18,1;21;4;6,여,50,1,10,0,10,10,0,1,0,0,57300,68300,2,125600,62800
e_e002737,e002737,2023-06-14,2023-06-15,13;6,남,50,7,8,0,7,8,2,2,0,0,10000,120400,2,130400,65200
e_e002739,e002739,2023-07-01,2023-07-02,1;26;3;6,여,20,1,7,0,9,7,2,15,0,0,2500,120250,2,122750,61375
e_e002740,e002740,2023-06-17,2023-06-19,1;23;4;5,여,30,5,14,0,15,14,3,2,0,202000,10000,175200,3,387200,129066.6667
e_e002742,e002742,2023-06-15,2023-06-16,21;24;27;3;6,여,30,4,9,0,15,9,1,10,0,0,0,60600,2,60600,30300
e_e002745,e002745,2023-07-01,2023-07-03,1;21;22;26;7,여,30,4,18,0,25,18,3,15,0,150000,270600,380700,3,801300,267100
e_e002746,e002746,2023-06-17,2023-06-19,1;4;22;26,여,20,1,17,0,14,17,0,1,0,0,51800,167400,3,219200,73066.66667
e_e002747,e002747,2023-06-16,2023-06-18,3;22;26;27;28;21;12;11,여,30,8,16,0,13,16,1,4,0,0,15050,343900,3,358950,119650
e_e002753,e002753,2023-06-10,2023-06-12,11;2;23;6;7,여,20,4,11,0,16,11,1,4,0,30000,107000,145400,3,282400,94133.33333
e_e002754,e002754,2023-06-29,2023-07-01,22;26;4;6,남,20,4,9,0,9,9,1,2,0,120920,43100,201500,3,365520,121840
e_e002755,e002755,2023-06-17,2023-06-18,1;3;4;6;22,남,50,11,6,0,7,6,0,2,0,0,0,24300,2,24300,12150
e_e002756,e002756,2023-06-16,2023-06-18,10;2;22;26,남,20,5,13,0,14,13,1,7,62900,0,55000,296130,3,414030,138010
e_e002759,e002759,2023-06-10,2023-06-11,1,여,50,3,8,0,9,8,0,1,0,0,3100,37700,2,40800,20400
e_e002760,e002760,2023-06-10,2023-06-11,11;2;22;24,남,30,3,5,0,4,5,1,1,0,0,0,85200,2,85200,42600
e_e002763,e002763,2023-07-01,2023-07-03,23;24,남,20,4,7,0,7,7,1,9,0,157000,65200,57300,3,279500,93166.66667
e_e002764,e002764,2023-06-25,2023-06-26,2;22;25;26;28,남,30,3,6,0,4,6,1,5,0,0,67840,64500,2,132340,66170
e_e002767,e002767,2023-06-17,2023-06-19,1;21;22;27,여,20,5,7,0,13,7,12,6,322300,500000,10000,463480,3,1295780,431926.6667
e_e002770,e002770,2023-07-01,2023-07-03,1;23,여,30,5,15,0,16,15,1,5,0,381123,21000,110090,3,512213,170737.6667
e_e002773,e002773,2023-06-17,2023-06-18,1;2;3;4;5,여,60,4,5,0,8,5,1,2,0,0,50000,74000,2,124000,62000
e_e002775,e002775,2023-06-24,2023-06-25,2;27;28,여,40,8,7,0,12,7,2,10,0,0,34000,137000,2,171000,85500
e_e002782,e002782,2023-07-08,2023-07-10,21;22;24;8,여,30,1,3,0,2,3,3,6,168460,170000,33600,0,3,372060,124020
e_e002784,e002784,2023-06-23,2023-06-25,1;27;3;24;22;21;6,여,20,2,14,0,13,14,0,1,157000,103977,83300,124850,3,469127,156375.6667
e_e002786,e002786,2023-06-10,2023-06-11,2;26,여,30,6,5,0,6,5,3,1,0,0,1500,32700,2,34200,17100
e_e002793,e002793,2023-06-13,2023-06-14,10;3,남,40,4,8,0,7,8,0,4,19000,0,9400,32000,2,60400,30200
e_e002800,e002800,2023-06-10,2023-06-12,2;22;23;24;26,여,60,1,9,0,9,9,3,9,0,60000,10000,336400,3,406400,135466.6667
e_e002812,e002812,2023-06-10,2023-06-12,1;22;4,남,30,6,23,0,24,23,1,3,0,113219,204600,189200,3,507019,169006.3333
e_e002915,e002915,2023-06-18,2023-06-20,25,여,20,5,7,0,10,7,1,3,72780,159000,55000,105600,3,392380,130793.3333
e_e002916,e002916,2023-07-08,2023-07-10,22;6,여,30,4,9,0,7,9,0,3,0,0,53600,276500,3,330100,110033.3333
e_e002922,e002922,2023-06-17,2023-06-18,1;22;24;26;4,남,30,5,7,0,10,7,1,7,0,0,46889,108150,2,155039,77519.5
e_e002923,e002923,2023-06-25,2023-06-27,22;8,여,40,6,4,0,4,4,5,6,146890,229000,0,47300,3,423190,141063.3333
e_e002925,e002925,2023-06-10,2023-06-11,2;21;6,남,60,3,5,0,5,5,4,6,0,0,47200,223000,2,270200,135100
e_e002928,e002928,2023-06-10,2023-06-12,12;21;22;28;3,여,30,4,7,0,8,7,0,18,178740,0,42000,169400,3,390140,130046.6667
e_e002931,e002931,2023-06-11,2023-06-12,25;28,남,50,7,4,0,2,4,3,1,0,0,10000,42000,2,52000,26000
e_e002932,e002932,2023-06-17,2023-06-18,1;21;22;24;26,여,60,3,6,0,5,6,1,3,0,0,20000,150540,2,170540,85270
e_e002935,e002935,2023-06-17,2023-06-19,23;22;2,여,30,2,6,0,5,6,5,3,94600,690000,0,193000,3,977600,325866.6667
e_e002937,e002937,2023-06-10,2023-06-12,21;22;23;26,여,20,4,12,0,12,12,1,4,0,80869,47000,325100,3,452969,150989.6667
e_e002938,e002938,2023-06-12,2023-06-13,1;22;26,여,20,4,10,0,9,10,1,5,0,0,6000,62810,2,68810,34405
e_e002939,e002939,2023-06-24,2023-06-26,22,여,30,4,10,0,9,10,0,5,10800,329000,140959,440420,3,921179,307059.6667
e_e002940,e002940,2023-07-08,2023-07-10,2;22;24;27;5,여,30,1,8,0,6,8,9,7,0,380000,141000,856500,3,1377500,459166.6667
e_e002949,e002949,2023-06-24,2023-06-25,5,여,40,7,9,0,7,9,1,1,0,0,70200,82000,2,152200,76100
e_e002957,e002957,2023-06-17,2023-06-19,1;4;8,남,40,7,9,0,11,9,2,3,0,1200000,5000,817390,3,2022390,674130
e_e002958,e002958,2023-06-17,2023-06-19,22;26;27;4;5,여,30,4,10,0,9,10,2,3,0,74000,51000,296578,3,421578,140526
e_e002965,e002965,2023-06-17,2023-06-19,1;3;22,남,30,3,9,0,7,9,1,3,0,0,40100,99810,3,139910,46636.66667
e_e002972,e002972,2023-06-24,2023-06-25,1;22;6,여,30,3,10,0,9,10,0,2,26300,0,122400,84600,2,233300,116650
e_e002973,e002973,2023-06-23,2023-06-25,22;27;8,여,60,3,8,0,10,8,4,5,0,0,42200,67920,3,110120,36706.66667
e_e002976,e002976,2023-07-07,2023-07-09,1;23;3;6,여,30,6,15,0,16,15,0,5,0,109500,105100,246339,3,460939,153646.3333
e_e002980,e002980,2023-06-24,2023-06-26,27,남,20,4,7,0,4,7,2,5,0,0,1800,165000,3,166800,55600
e_e002981,e002981,2023-06-15,2023-06-16,21;22;24;26,여,60,3,4,0,4,4,1,4,0,0,0,76000,2,76000,38000
e_e002984,e002984,2023-06-18,2023-06-19,5;6;22;24,여,20,4,4,0,4,4,1,7,700,0,67606,18400,2,86706,43353
e_e002985,e002985,2023-06-18,2023-06-19,1;22;24;5;6,남,40,4,4,0,4,4,2,9,0,0,12050,140300,2,152350,76175
e_e002986,e002986,2023-06-17,2023-06-19,1;2;24;6;9,남,20,4,9,0,10,9,1,10,0,60000,71250,115800,3,247050,82350
e_e002987,e002987,2023-06-16,2023-06-17,1;22;24;26,여,30,2,7,0,10,7,1,3,0,0,2600,32400,2,35000,17500
e_e002991,e002991,2023-06-10,2023-06-12,22;12;3;4;21,여,40,2,23,0,22,23,3,5,0,0,35000,502700,3,537700,179233.3333
e_e003000,e003000,2023-06-29,2023-06-30,4;4;4;22;27,여,20,1,8,0,8,8,0,1,2500,0,8350,12000,2,22850,11425
e_e003001,e003001,2023-06-16,2023-06-18,1;23;4;6;9,여,30,5,16,0,24,16,1,1,0,316750,137700,357900,3,812350,270783.3333
e_e003002,e003002,2023-07-07,2023-07-09,11;21;22;24;26,남,30,2,6,0,6,6,1,1,16600,180000,43200,0,3,239800,79933.33333
e_e003003,e003003,2023-06-12,2023-06-13,1;3;9;21;22;24;25;26,남,60,7,5,0,6,5,1,2,0,0,25300,156490,2,181790,90895
e_e003004,e003004,2023-07-01,2023-07-03,22;23;9;12;24;4;26,남,30,4,14,0,14,14,1,9,0,110000,15600,90900,3,216500,72166.66667
e_e003006,e003006,2023-06-11,2023-06-12,12;21;22;6,남,30,7,7,0,6,7,1,2,0,0,14500,82000,2,96500,48250
e_e003017,e003017,2023-06-11,2023-06-13,1;12;2;23;3,남,30,5,17,0,25,17,1,2,0,40000,95051,131200,3,266251,88750.33333
e_e003019,e003019,2023-06-15,2023-06-16,1;4;6;13;1;1;1,남,30,2,8,0,7,8,0,5,0,0,35000,76320,2,111320,55660
e_e003020,e003020,2023-07-02,2023-07-04,2;22;27;4;6,남,20,2,16,0,16,16,1,5,335200,90000,137700,332700,3,895600,298533.3333
e_e003022,e003022,2023-07-01,2023-07-03,23;24;22;3;1,여,30,7,9,0,11,9,2,2,0,250000,32500,172300,3,454800,151600
e_e003023,e003023,2023-07-08,2023-07-10,8;22;24;5,남,40,5,8,0,11,8,3,6,91200,27500,30000,77000,3,225700,75233.33333
e_e003025,e003025,2023-06-11,2023-06-12,2;3;6;9,남,60,12,9,0,10,9,1,21,0,0,25000,81500,2,106500,53250
e_e003033,e003033,2023-06-11,2023-06-13,2;22;23;26,남,30,4,7,0,8,7,1,4,0,87360,65000,189290,3,341650,113883.3333
e_e003034,e003034,2023-06-18,2023-06-20,2;21;22;23;6,남,20,2,5,0,7,5,1,2,0,63000,158220,118400,3,339620,113206.6667
e_e003039,e003039,2023-06-16,2023-06-18,1,여,30,11,6,0,8,6,0,2,160000,120000,14500,92850,3,387350,129116.6667
e_e003040,e003040,2023-06-19,2023-06-20,1;11;3;4,남,40,1,6,0,7,6,1,2,0,0,12000,60900,2,72900,36450
e_e003045,e003045,2023-06-17,2023-06-18,1;24;3;4;6,여,30,4,10,0,13,10,0,1,0,0,9700,133500,2,143200,71600
e_e003051,e003051,2023-06-24,2023-06-26,22;3;4,남,60,2,14,0,17,14,1,7,0,80000,12000,105200,3,197200,65733.33333
e_e003056,e003056,2023-06-25,2023-06-26,22;24;26;4;6,여,20,2,3,0,3,3,1,3,0,0,7500,172000,2,179500,89750
e_e003062,e003062,2023-06-23,2023-06-25,1;2;22;4;6,남,30,4,10,0,13,10,1,15,0,73997,8800,183300,3,266097,88699
e_e003065,e003065,2023-07-02,2023-07-03,1;2;21;24;4,여,50,8,11,0,10,11,2,5,0,0,28900,148600,2,177500,88750
e_e003068,e003068,2023-06-11,2023-06-12,1;4;6;9,남,40,5,8,0,6,8,1,3,0,0,30900,42600,2,73500,36750
e_e003071,e003071,2023-06-14,2023-06-16,2;3;22;1;6,남,20,1,16,0,19,16,1,1,0,40000,129200,411200,3,580400,193466.6667
e_e003073,e003073,2023-07-04,2023-07-06,1;11;2,여,20,1,7,0,6,7,7,5,0,718000,23500,308550,3,1050050,350016.6667
e_e003079,e003079,2023-07-01,2023-07-03,12;21;27;3,여,30,4,13,0,15,13,1,9,0,0,75600,881500,3,957100,319033.3333
e_e003080,e003080,2023-06-24,2023-06-26,8;27,남,30,6,5,0,7,5,0,4,35000,418000,10000,161890,3,624890,208296.6667
e_e003083,e003083,2023-06-23,2023-06-24,1;22;24;3,여,40,3,7,0,11,7,1,10,0,0,16000,20600,2,36600,18300
e_e003086,e003086,2023-06-15,2023-06-17,1;22;4;6;7,여,20,2,9,0,7,9,0,4,0,0,4000,92000,3,96000,32000
e_e003095,e003095,2023-06-25,2023-06-26,2;22,남,30,5,6,0,6,6,3,2,68000,0,1900,208900,2,278800,139400
e_e003097,e003097,2023-06-17,2023-06-18,28,남,20,4,4,0,2,4,1,4,2000,0,0,11000,2,13000,6500
e_e003102,e003102,2023-06-30,2023-07-02,1;22;23;4,남,30,6,6,0,8,6,1,7,264650,264650,4350,40000,3,573650,191216.6667
e_e003103,e003103,2023-06-17,2023-06-18,2,여,30,1,4,0,4,4,3,7,67800,0,12000,110000,2,189800,94900
e_e003107,e003107,2023-06-24,2023-06-26,2,남,50,5,11,0,13,11,3,10,0,104010,45240,233100,3,382350,127450
e_e003109,e003109,2023-06-24,2023-06-26,24,남,40,3,9,0,7,9,3,4,0,276230,21000,280700,3,577930,192643.3333
e_e003115,e003115,2023-06-25,2023-06-27,2;21;22;23;6,여,30,3,10,0,13,10,3,10,39760,150000,57000,191800,3,438560,146186.6667
e_e003116,e003116,2023-06-13,2023-06-14,1;22,여,20,1,9,0,8,9,0,3,0,0,8200,118100,2,126300,63150
e_e003120,e003120,2023-07-02,2023-07-04,22;26,여,30,1,8,0,7,8,1,7,0,249000,20000,157000,3,426000,142000
e_e003126,e003126,2023-06-24,2023-06-26,1;22;4;5;8,여,20,5,10,0,13,10,2,2,0,205000,50000,408700,3,663700,221233.3333
e_e003133,e003133,2023-07-08,2023-07-09,21;22;27;4,남,40,5,8,0,8,8,0,7,0,0,2000,46000,2,48000,24000
e_e003137,e003137,2023-06-24,2023-06-25,5;1;22,여,20,4,6,0,4,6,1,1,0,0,50000,126300,2,176300,88150
e_e003138,e003138,2023-07-01,2023-07-02,2,남,40,4,4,0,4,4,2,3,1500,0,9000,68000,2,78500,39250
e_e003143,e003143,2023-07-01,2023-07-03,1;3;4;23;24,여,20,4,16,0,24,16,0,7,0,135000,110700,183750,3,429450,143150
e_e003150,e003150,2023-06-23,2023-06-25,8,여,30,4,5,0,5,5,1,7,0,50000,0,23000,3,73000,24333.33333
e_e003156,e003156,2023-06-18,2023-06-20,1;22;23,여,40,1,8,0,10,8,0,2,0,100000,30000,143600,3,273600,91200
e_e003158,e003158,2023-06-15,2023-06-16,21;22;24;26;27,여,20,1,6,0,6,6,1,2,0,0,7500,69580,2,77080,38540
e_e003159,e003159,2023-06-24,2023-06-26,21;24;26;27;4,남,40,7,12,0,12,12,4,1,0,0,30000,382500,3,412500,137500
e_e003162,e003162,2023-06-17,2023-06-19,1;22;23;3,여,30,4,19,0,27,19,0,7,204200,166858,133680,47800,3,552538,184179.3333
e_e003172,e003172,2023-06-26,2023-06-28,1;23;6,여,30,2,10,0,11,10,0,7,0,89729,67800,50400,3,207929,69309.66667
e_e003175,e003175,2023-06-26,2023-06-28,11;25,여,30,3,7,0,5,7,3,9,52890,30000,0,78150,3,161040,53680
e_e003180,e003180,2023-07-01,2023-07-02,1;24;6,남,30,6,8,0,10,8,1,5,0,0,1800,99800,2,101600,50800
e_e003184,e003184,2023-07-08,2023-07-10,8,여,20,5,8,0,16,8,1,7,8000,77000,56000,263480,3,404480,134826.6667
e_e003190,e003190,2023-06-26,2023-06-28,2;22;9;9,남,20,4,12,0,15,12,1,7,20000,60000,184670,222100,3,486770,162256.6667
e_e003194,e003194,2023-07-01,2023-07-03,3;4;6,여,40,4,11,0,16,11,3,7,0,0,3850,138000,3,141850,47283.33333
e_e003196,e003196,2023-06-16,2023-06-18,1;10;2;23;4,여,20,2,15,0,18,15,1,2,23647,146000,28000,211200,3,408847,136282.3333
e_e003198,e003198,2023-06-24,2023-06-26,1;2;7;8;9,남,20,1,7,0,5,7,2,7,6000,150000,30750,131390,3,318140,106046.6667
e_e003199,e003199,2023-06-22,2023-06-23,1;6;22;26;3,여,30,1,7,0,5,7,2,7,0,0,44400,118000,2,162400,81200
e_e003202,e003202,2023-07-07,2023-07-09,22;23;24;7;21;27;28;5,남,20,6,8,0,10,8,1,5,0,179000,0,247200,3,426200,142066.6667
e_e003204,e003204,2023-06-14,2023-06-15,21,남,20,2,6,0,7,6,1,1,0,0,7000,52000,2,59000,29500
e_e003205,e003205,2023-06-30,2023-07-02,1;3;4;6;7;27;26;25;24;23;22;21;12;9;11,여,20,5,9,0,11,9,0,3,0,0,7500,467800,3,475300,158433.3333
e_e003206,e003206,2023-06-16,2023-06-17,21;22;26;24;1;4,여,30,5,7,0,7,7,0,3,0,0,32700,153800,2,186500,93250
e_e003210,e003210,2023-06-24,2023-06-26,21;22;23;24;6,여,20,2,9,0,15,9,1,8,30000,202177,50000,144520,3,426697,142232.3333
e_e003212,e003212,2023-06-15,2023-06-17,21;23;4,여,30,4,10,0,17,10,0,2,33900,68900,12100,35770,3,150670,50223.33333
e_e003222,e003222,2023-06-23,2023-06-25,24;22,여,20,4,9,0,5,9,1,8,0,0,7500,166100,3,173600,57866.66667
e_e003223,e003223,2023-06-24,2023-06-26,1;22;26;4;6,여,30,3,19,0,19,19,3,5,0,0,55550,305000,3,360550,120183.3333
e_e003227,e003227,2023-06-26,2023-06-28,2,남,30,4,5,0,4,5,5,8,0,510000,238560,124000,3,872560,290853.3333
e_e003230,e003230,2023-06-24,2023-06-26,6;1;22,여,30,4,11,0,12,11,0,10,0,0,108400,322950,3,431350,143783.3333
e_e003231,e003231,2023-06-17,2023-06-18,1;27,여,30,6,4,0,2,4,1,3,0,0,40110,28500,2,68610,34305
e_e003235,e003235,2023-07-01,2023-07-03,2;22;5;8,여,30,5,9,0,10,9,4,14,54050,270000,52600,292550,3,669200,223066.6667
e_e003237,e003237,2023-06-24,2023-06-26,21,여,30,5,8,0,9,8,1,6,0,109000,60000,93720,3,262720,87573.33333
e_e003241,e003241,2023-07-08,2023-07-10,2;7;12;22,남,30,5,7,0,7,7,1,2,0,0,55900,109500,3,165400,55133.33333
e_e003245,e003245,2023-06-17,2023-06-19,1;4;10;23;26;24;22;28,남,20,5,11,0,12,11,1,1,0,122000,12000,122000,3,256000,85333.33333
e_e003251,e003251,2023-06-17,2023-06-19,21;4;6,남,20,3,22,0,21,22,0,1,0,0,31700,159800,3,191500,63833.33333
e_e003258,e003258,2023-07-08,2023-07-09,2;24;26;4;6,남,30,4,8,0,7,8,0,9,0,0,16800,109850,2,126650,63325
e_e003259,e003259,2023-06-17,2023-06-18,1;12;3;4;9,여,20,1,8,0,9,8,0,1,0,0,3700,119500,2,123200,61600
e_e003262,e003262,2023-06-17,2023-06-18,26;22;7,여,20,1,9,0,7,9,0,8,0,0,14650,233000,2,247650,123825
e_e003267,e003267,2023-07-01,2023-07-03,2;21;22;23;6,남,40,5,15,0,18,15,1,8,0,197262,3000,147950,3,348212,116070.6667
e_e003269,e003269,2023-06-18,2023-06-19,5;8,여,40,6,3,0,2,3,8,5,87050,0,52000,16000,2,155050,77525
e_e003271,e003271,2023-06-18,2023-06-19,2;21;22;5,여,40,7,7,0,5,7,1,4,66000,0,2900,26000,2,94900,47450
e_e003272,e003272,2023-06-24,2023-06-26,1;2;4;5;6,남,30,6,11,0,12,11,5,8,0,370000,0,154800,3,524800,174933.3333
e_e003275,e003275,2023-06-19,2023-06-20,22;8,남,60,1,3,0,2,3,2,3,0,90000,0,0,2,90000,45000
e_e003276,e003276,2023-06-17,2023-06-18,21;4,여,60,1,5,0,4,5,1,5,0,0,11600,49000,2,60600,30300
e_e003278,e003278,2023-07-01,2023-07-03,3;11;13;21;22;24;26,여,40,1,7,0,6,7,2,11,0,90000,5600,48700,3,144300,48100
e_e003279,e003279,2023-06-24,2023-06-25,2;22;3,남,20,4,6,0,8,6,1,2,5000,0,5000,56500,2,66500,33250
e_e003280,e003280,2023-06-18,2023-06-20,1;22;25;9,여,20,4,7,0,7,7,1,7,0,159000,55000,104940,3,318940,106313.3333
e_e003282,e003282,2023-06-18,2023-06-19,1;2;22;23;7,여,20,2,7,0,12,7,1,2,0,0,5000,61200,2,66200,33100
e_e003283,e003283,2023-07-01,2023-07-02,1;1;22;22,남,20,1,11,0,9,11,1,7,0,0,11350,60000,2,71350,35675
e_e003285,e003285,2023-06-25,2023-06-27,22;24;5,여,20,4,11,0,12,11,1,7,0,70000,86200,261670,3,417870,139290
e_e003288,e003288,2023-06-22,2023-06-23,2;22;25;4,여,20,4,5,0,7,5,1,1,0,0,27000,38400,2,65400,32700
e_e003289,e003289,2023-06-17,2023-06-19,1;2;27;6,남,20,3,11,0,10,11,1,9,40000,90000,19000,100000,3,249000,83000
e_e003291,e003291,2023-07-07,2023-07-09,8;21;24;22,여,20,4,15,0,18,15,1,2,11400,68000,9800,231200,3,320400,106800
e_e003293,e003293,2023-06-17,2023-06-19,1;22;23;26,남,40,5,9,0,11,9,6,7,0,550000,60800,861680,3,1472480,490826.6667
e_e003294,e003294,2023-06-22,2023-06-24,22;27;28;5;6,남,20,4,10,0,9,10,0,8,0,0,4350,27200,3,31550,10516.66667
e_e003296,e003296,2023-06-24,2023-06-26,1;21;22;26;8,여,30,7,7,0,7,7,1,4,0,109000,3000,147490,3,259490,86496.66667
e_e003297,e003297,2023-06-18,2023-06-19,1;4,남,20,4,7,0,5,7,0,2,0,0,58000,123800,2,181800,90900
e_e003298,e003298,2023-06-24,2023-06-25,11;22;3;6,여,30,5,3,0,2,3,3,1,0,0,10500,20000,2,30500,15250
e_e003300,e003300,2023-06-18,2023-06-20,6;2;22;21;1;26,여,20,4,15,0,22,15,1,12,20000,135780,168800,522400,3,846980,282326.6667
e_e003303,e003303,2023-06-18,2023-06-19,22;24;26;27;8,여,20,5,4,0,4,4,1,8,0,0,7000,74000,2,81000,40500
e_e003307,e003307,2023-06-16,2023-06-17,21,남,50,3,5,0,3,5,2,4,0,0,10000,85400,2,95400,47700
e_e003308,e003308,2023-06-18,2023-06-19,1;12;2;21;6,여,30,4,7,0,7,7,3,11,0,0,10000,345430,2,355430,177715
e_e003311,e003311,2023-06-24,2023-06-26,11;2;23;3,남,30,4,10,0,11,10,1,7,41565,141554,55900,107400,3,346419,115473
e_e003314,e003314,2023-06-24,2023-06-25,28;26;22;21;4,남,30,5,11,0,11,11,1,7,0,0,3000,14100,2,17100,8550
e_e003323,e003323,2023-06-17,2023-06-18,22;3;4,남,20,4,10,0,14,10,0,8,0,0,33250,61100,2,94350,47175
e_e003324,e003324,2023-06-17,2023-06-19,2;6;1,여,40,1,7,0,5,7,3,12,6000,0,33000,311220,3,350220,116740
e_e003326,e003326,2023-06-26,2023-06-28,22;24;26,여,30,5,7,0,7,7,3,8,0,120967,53000,238420,3,412387,137462.3333
e_e003328,e003328,2023-06-19,2023-06-21,28;8,여,30,2,8,0,10,8,0,6,0,13000,29000,171000,3,213000,71000
e_e003329,e003329,2023-06-30,2023-07-02,23;22,남,60,6,5,0,9,5,6,7,0,352000,26100,330000,3,708100,236033.3333
e_e003330,e003330,2023-06-16,2023-06-17,6;1;22,여,30,4,5,0,4,5,1,2,0,0,88500,51000,2,139500,69750
e_e003331,e003331,2023-06-16,2023-06-18,8,여,60,4,5,0,6,5,4,1,0,98500,63400,114340,3,276240,92080
e_e003332,e003332,2023-07-01,2023-07-03,2,남,30,5,7,0,11,7,1,17,0,147660,40000,255510,3,443170,147723.3333
e_e003334,e003334,2023-07-02,2023-07-03,2;6,남,30,5,9,0,10,9,0,6,0,0,2900,120000,2,122900,61450
e_e003335,e003335,2023-07-06,2023-07-08,1;2;3;4;5,여,20,2,12,0,12,12,1,7,0,138766,313400,325500,3,777666,259222
e_e003336,e003336,2023-07-01,2023-07-03,1;22;3;4;6,여,20,4,12,0,11,12,1,8,0,44000,80500,392300,3,516800,172266.6667
e_e003337,e003337,2023-06-16,2023-06-17,1;11;2;21;6,여,30,7,3,0,4,3,2,2,141000,0,33000,179500,2,353500,176750
e_e003341,e003341,2023-06-25,2023-06-27,22;23;4;7,여,20,4,9,0,10,9,1,1,38000,112000,0,122300,3,272300,90766.66667
e_e003342,e003342,2023-06-21,2023-06-23,22;23;24,여,20,3,10,0,10,10,1,2,0,143100,60700,305660,3,509460,169820
e_e003348,e003348,2023-07-09,2023-07-10,22;28,남,30,2,6,0,5,6,1,7,0,0,9400,6300,2,15700,7850
e_e003349,e003349,2023-06-29,2023-07-01,2;22;5,여,20,2,17,0,19,17,1,13,10400,35000,29700,148150,3,223250,74416.66667
e_e003356,e003356,2023-06-24,2023-06-26,13;26;28,남,30,3,7,0,9,7,1,3,65000,30000,41500,122500,3,259000,86333.33333
e_e003357,e003357,2023-06-17,2023-06-19,1;21;22;4;6,남,20,5,16,0,16,16,1,13,0,68000,66000,228300,3,362300,120766.6667
e_e003360,e003360,2023-07-01,2023-07-03,22;24;25;26;27,남,20,2,10,0,11,10,3,8,0,199900,48500,431070,3,679470,226490
e_e003364,e003364,2023-06-17,2023-06-18,1;11;21;6;9,여,20,4,5,0,8,5,0,3,0,0,2700,8600,2,11300,5650
e_e003369,e003369,2023-07-01,2023-07-03,1;2;4;23,남,40,4,10,0,13,10,1,18,0,72000,26200,68300,3,166500,55500
e_e003371,e003371,2023-07-03,2023-07-05,1;23;6,남,30,6,15,0,21,15,1,3,138800,430509,20200,143400,3,732909,244303
e_e003378,e003378,2023-06-23,2023-06-25,1;4;6,여,60,3,7,0,5,7,0,2,0,0,22000,194230,3,216230,72076.66667
e_e003380,e003380,2023-06-20,2023-06-22,6;22;26,남,20,2,13,0,14,13,1,4,0,130000,143400,390100,3,663500,221166.6667
e_e003381,e003381,2023-06-17,2023-06-18,2;22,여,30,5,4,0,5,4,1,3,0,0,4300,35500,2,39800,19900
e_e003383,e003383,2023-06-23,2023-06-24,1;22;26;4,여,20,1,8,0,7,8,1,1,0,0,30150,91900,2,122050,61025
e_e003386,e003386,2023-06-24,2023-06-26,10;22;5;7;8,여,20,4,6,0,6,6,1,2,0,184300,110000,133610,3,427910,142636.6667
e_e003388,e003388,2023-06-29,2023-07-01,10;2;22;26;27,남,20,4,9,0,10,9,1,2,0,167000,26000,248450,3,441450,147150
e_e003394,e003394,2023-06-17,2023-06-18,2,여,30,4,5,0,4,5,2,9,0,0,1500,73800,2,75300,37650
e_e003400,e003400,2023-06-30,2023-07-02,4;2;8;22,여,20,3,9,0,14,9,1,11,0,0,113920,139220,3,253140,84380
e_e003402,e003402,2023-07-04,2023-07-06,1;4;6;21;12;22;6;21;24;22;26;27;24,여,20,2,11,0,14,11,1,3,15000,50000,53230,114900,3,233130,77710
e_e003407,e003407,2023-06-17,2023-06-18,1;3,남,30,4,5,0,5,5,1,7,0,0,3200,66500,2,69700,34850
e_e003408,e003408,2023-06-21,2023-06-22,1;2;3;4;6,남,20,1,5,0,7,5,2,3,0,0,21350,94500,2,115850,57925
e_e003409,e003409,2023-06-18,2023-06-20,22;6,여,30,4,11,0,11,11,1,2,0,45000,50750,173500,3,269250,89750
e_e003411,e003411,2023-06-24,2023-06-26,2;21;22;23;5,여,30,5,20,0,24,20,2,7,64000,196900,86200,274900,3,622000,207333.3333
e_e003412,e003412,2023-06-21,2023-06-22,1;24;4,남,60,4,6,0,7,6,1,4,0,0,5400,68200,2,73600,36800
e_e003413,e003413,2023-06-27,2023-06-28,1;22;24;26,여,30,4,6,0,6,6,0,7,0,0,160900,16000,2,176900,88450
e_e003415,e003415,2023-06-24,2023-06-25,21;22,남,40,6,5,0,7,5,1,2,5980,0,34000,69000,2,108980,54490
e_e003416,e003416,2023-07-04,2023-07-05,1;21;24;26;4,여,20,4,8,0,19,8,0,7,0,0,6050,421900,2,427950,213975
e_e003417,e003417,2023-06-17,2023-06-19,6;22;1,남,20,4,16,0,17,16,0,7,154000,110000,22000,204970,3,490970,163656.6667
e_e003419,e003419,2023-06-17,2023-06-18,12;2;6,여,20,2,10,0,11,10,1,6,0,0,86424,163500,2,249924,124962
e_e003431,e003431,2023-07-01,2023-07-03,12;3;5;7,여,20,4,14,0,13,14,1,7,0,70000,70200,211300,3,351500,117166.6667
e_e003433,e003433,2023-06-17,2023-06-18,5,남,30,5,7,0,6,7,2,7,118000,0,0,119800,2,237800,118900
e_e003434,e003434,2023-06-17,2023-06-18,2,여,40,3,3,0,3,3,3,7,0,0,10000,30400,2,40400,20200
e_e003435,e003435,2023-06-17,2023-06-18,1;22;4,여,30,5,8,0,7,8,1,7,0,0,14500,69990,2,84490,42245
e_e003438,e003438,2023-06-18,2023-06-19,24;27;28,여,20,6,9,0,11,9,1,4,0,0,1650,65000,2,66650,33325
e_e003439,e003439,2023-07-07,2023-07-09,1;2;4;5;6,여,20,4,9,0,14,9,1,1,33700,127316,62200,133400,3,356616,118872
e_e003440,e003440,2023-06-17,2023-06-19,13;2;3;4;6,여,60,4,11,0,10,11,2,10,80000,150000,115000,266510,3,611510,203836.6667
e_e003442,e003442,2023-06-21,2023-06-23,1;22;23;3;6,여,40,1,7,0,7,7,1,7,88400,45000,20000,70970,3,224370,74790
e_e003449,e003449,2023-06-17,2023-06-18,13;21;22,여,60,2,5,0,5,5,1,9,0,0,36600,124000,2,160600,80300
e_e003463,e003463,2023-07-05,2023-07-07,2;22;23;26,남,30,5,9,0,13,9,1,10,0,60000,38204,294750,3,392954,130984.6667
e_e003465,e003465,2023-06-17,2023-06-19,1;21;22;23;6,여,20,4,16,0,15,16,1,7,0,60000,82450,184500,3,326950,108983.3333
e_e003467,e003467,2023-06-23,2023-06-24,3;13;22,여,60,1,6,0,6,6,1,3,0,0,2000,180030,2,182030,91015
e_e003468,e003468,2023-06-18,2023-06-19,2;21;22,남,20,4,5,0,6,5,1,9,13000,0,3000,98000,2,114000,57000
e_e003469,e003469,2023-06-25,2023-06-26,1;13;2;3,여,20,4,4,0,3,4,1,1,35800,0,5000,48000,2,88800,44400
e_e003470,e003470,2023-07-01,2023-07-03,1;4;5;6;7,여,20,5,11,0,9,11,1,5,0,0,41250,302000,3,343250,114416.6667
e_e003471,e003471,2023-06-17,2023-06-19,1;8,남,20,6,12,0,12,12,1,12,0,120000,53400,213530,3,386930,128976.6667
e_e003472,e003472,2023-07-01,2023-07-03,1;21;22;23;26,여,20,6,12,0,10,12,1,4,0,129000,50000,279600,3,458600,152866.6667
e_e003475,e003475,2023-06-18,2023-06-20,1;23;3,남,30,4,9,0,9,9,2,1,0,165000,33000,115510,3,313510,104503.3333
e_e003477,e003477,2023-06-24,2023-06-25,1;4;22,여,30,5,5,0,8,5,1,5,0,0,10000,32500,2,42500,21250
e_e003482,e003482,2023-07-02,2023-07-04,1;2;4;22;24;26;25;5,남,20,4,11,0,13,11,1,13,0,0,49104,109000,3,158104,52701.33333
e_e003483,e003483,2023-06-23,2023-06-24,1;22;9,여,20,1,11,0,9,11,1,2,2000,0,3900,14000,2,19900,9950
e_e003485,e003485,2023-06-18,2023-06-19,11,여,30,2,3,0,3,3,3,6,0,0,2500,35500,2,38000,19000
e_e003486,e003486,2023-06-25,2023-06-26,21;8,여,30,5,5,0,6,5,2,4,0,99000,132060,103740,2,334800,167400
e_e003495,e003495,2023-07-02,2023-07-03,12;21;22;26,여,60,5,4,0,3,4,0,1,0,0,0,5400,2,5400,2700
e_e003497,e003497,2023-06-18,2023-06-19,1;2;26;3;5,여,40,4,4,0,5,4,2,2,0,0,0,77100,2,77100,38550
e_e003502,e003502,2023-06-18,2023-06-20,2;21;26;22,여,30,5,10,0,13,10,2,22,7000,59000,43000,134000,3,243000,81000
e_e003506,e003506,2023-07-01,2023-07-03,5;7;22;23,남,30,2,15,0,18,15,4,4,104000,291622,66250,171900,3,633772,211257.3333
e_e003514,e003514,2023-06-29,2023-07-01,4;7;23;23,여,20,4,8,0,7,8,1,3,10400,568700,30950,74400,3,684450,228150
e_e003515,e003515,2023-07-01,2023-07-03,22;26;27;4,남,30,6,8,0,5,8,0,8,21900,0,10000,79400,3,111300,37100
e_e003518,e003518,2023-06-22,2023-06-24,1;2;22;23;4,남,20,2,7,0,9,7,0,1,64000,96400,10000,110100,3,280500,93500
e_e003520,e003520,2023-06-24,2023-06-26,2;22,남,30,2,10,0,8,10,2,2,0,0,51700,509800,3,561500,187166.6667
e_e003521,e003521,2023-07-01,2023-07-02,22;24;5,남,20,4,6,0,4,6,1,13,0,0,10000,96200,2,106200,53100
e_e003527,e003527,2023-06-22,2023-06-23,11;22,여,20,5,4,0,4,4,0,2,20000,0,53800,54100,2,127900,63950
e_e003530,e003530,2023-06-18,2023-06-19,5;4;24,여,30,5,5,0,3,5,2,2,0,0,0,75900,2,75900,37950
e_e003535,e003535,2023-06-18,2023-06-19,1;22;26;4;6,남,20,4,6,0,5,6,1,2,0,0,37700,125700,2,163400,81700
e_e003540,e003540,2023-06-24,2023-06-25,1;11;2,여,40,1,6,0,8,6,1,9,0,0,3900,33800,2,37700,18850
e_e003547,e003547,2023-06-24,2023-06-26,1;2,여,20,2,16,0,15,16,0,7,0,0,6300,22600,3,28900,9633.333333
e_e003549,e003549,2023-06-18,2023-06-19,1;22;5;9,여,50,1,5,0,7,5,2,6,37596,0,54400,66500,2,158496,79248
e_e003555,e003555,2023-06-24,2023-06-25,22;24;26,여,20,5,5,0,3,5,3,4,0,0,30000,78700,2,108700,54350
e_e003561,e003561,2023-06-26,2023-06-28,22;21;26;4;10,여,20,1,13,0,12,13,1,7,0,90000,34000,94810,3,218810,72936.66667
e_e003564,e003564,2023-06-24,2023-06-25,11;21;24;27;6,여,30,7,5,0,4,5,3,1,0,0,25000,69800,2,94800,47400
e_e003569,e003569,2023-07-01,2023-07-03,6;21;22;26;1;24,여,50,2,12,0,15,12,2,15,0,0,60000,131630,3,191630,63876.66667
e_e003570,e003570,2023-06-22,2023-06-24,21;22;23;24;4,여,20,3,14,0,14,14,0,1,0,49500,248803,76000,3,374303,124767.6667
e_e003572,e003572,2023-06-21,2023-06-23,1;3;7;24;22,남,20,2,13,0,19,13,1,6,0,86857,67300,202000,3,356157,118719
e_e003574,e003574,2023-06-23,2023-06-24,6;7,여,30,4,8,0,6,8,0,1,134000,0,7400,87300,2,228700,114350
e_e003576,e003576,2023-07-05,2023-07-07,12;2;22;5,여,20,4,11,0,12,11,1,15,29500,159000,21200,142990,3,352690,117563.3333
e_e003580,e003580,2023-06-20,2023-06-21,21;22;24;27;8,여,40,7,4,0,3,4,2,1,117000,0,11600,65500,2,194100,97050
e_e003582,e003582,2023-06-24,2023-06-25,1;22,여,50,2,9,0,10,9,3,1,0,0,30000,128020,2,158020,79010
e_e003589,e003589,2023-07-02,2023-07-04,21;22;7,여,40,5,9,0,7,9,5,5,0,216000,34100,357200,3,607300,202433.3333
e_e003591,e003591,2023-06-24,2023-06-26,23;22;1;4;26,여,20,5,8,0,10,8,1,3,0,0,6900,138080,3,144980,48326.66667
e_e003593,e003593,2023-07-01,2023-07-02,22;26;3;6,여,20,4,9,0,14,9,1,13,14000,0,17100,61500,2,92600,46300
e_e003596,e003596,2023-06-20,2023-06-21,2;22;26;3;4,남,40,4,8,0,6,8,2,5,0,0,12900,103900,2,116800,58400
e_e003602,e003602,2023-06-23,2023-06-24,1;6,여,30,2,8,0,8,8,1,6,0,0,2400,240700,2,243100,121550
e_e003603,e003603,2023-07-08,2023-07-10,1;28;3;5;9,남,20,1,9,0,9,9,3,4,0,152700,16800,138400,3,307900,102633.3333
e_e003609,e003609,2023-07-01,2023-07-02,22;26;5;6,남,20,5,6,0,5,6,1,2,335200,0,0,57000,2,392200,196100
e_e003611,e003611,2023-06-25,2023-06-27,22;26;6,여,20,4,6,0,4,6,0,3,50800,0,99600,123000,3,273400,91133.33333
e_e003614,e003614,2023-06-24,2023-06-26,1;4;7;21;22;24;28;26;27;9;12;5,남,30,5,10,0,14,10,0,2,0,0,0,235682,3,235682,78560.66667
e_e003615,e003615,2023-06-24,2023-06-25,11;9,여,30,8,5,0,4,5,1,1,35000,0,6800,357000,2,398800,199400
e_e003617,e003617,2023-06-24,2023-06-26,1;2;22;6,여,30,5,13,0,12,13,1,12,0,110000,9000,322300,3,441300,147100
e_e003618,e003618,2023-06-24,2023-06-26,1;22;24;26,여,30,6,10,0,9,10,1,4,0,0,12900,143200,3,156100,52033.33333
e_e003620,e003620,2023-07-01,2023-07-02,6;2;22,여,40,5,8,0,8,8,1,3,0,0,37750,51800,2,89550,44775
e_e003627,e003627,2023-06-24,2023-06-25,1;2;6,남,40,5,3,0,3,3,2,1,0,0,2000,73100,2,75100,37550
e_e003628,e003628,2023-07-01,2023-07-02,1;2;22;4;6,여,20,4,9,0,7,9,1,3,0,0,7000,120400,2,127400,63700
e_e003630,e003630,2023-07-03,2023-07-04,22;4;6,남,20,1,11,0,11,11,1,4,0,0,5700,97100,2,102800,51400
e_e003632,e003632,2023-06-24,2023-06-26,1;2,남,20,3,6,0,5,6,1,3,0,0,76400,104700,3,181100,60366.66667
e_e003638,e003638,2023-07-08,2023-07-09,13;1;5,여,20,5,6,0,4,6,1,5,0,0,10000,76100,2,86100,43050
e_e003640,e003640,2023-06-24,2023-06-26,1;2;22;24;7,여,20,1,16,0,23,16,1,4,71000,50000,133900,134400,3,389300,129766.6667
e_e003643,e003643,2023-06-24,2023-06-26,1;4;6;7;9,여,20,5,15,0,17,15,0,3,0,0,24650,80600,3,105250,35083.33333
e_e003646,e003646,2023-06-23,2023-06-24,2;22,여,20,4,3,0,3,3,1,4,0,0,4400,82800,2,87200,43600
e_e003648,e003648,2023-06-22,2023-06-23,1;4;22;24;26;3,남,30,6,7,0,8,7,0,2,0,0,80000,61900,2,141900,70950
e_e003657,e003657,2023-07-01,2023-07-03,22;21;26,여,20,4,10,0,6,10,0,6,0,0,3300,111500,3,114800,38266.66667
e_e003663,e003663,2023-07-01,2023-07-03,1;23;2;21,여,60,1,13,0,15,13,2,8,8600,427380,80100,182300,3,698380,232793.3333
e_e003664,e003664,2023-06-28,2023-06-29,1;28;3;4;7,남,20,4,7,0,13,7,1,12,0,0,0,70200,2,70200,35100
e_e003669,e003669,2023-06-21,2023-06-23,1;6;4,여,20,1,13,0,15,13,0,5,0,0,92000,43200,3,135200,45066.66667
e_e003673,e003673,2023-07-08,2023-07-10,1;24;27;5;8,남,20,4,9,0,7,9,1,11,0,100000,183410,99100,3,382510,127503.3333
e_e003675,e003675,2023-06-21,2023-06-22,1;22;5;6;7,남,30,5,4,0,4,4,1,1,0,0,0,124200,2,124200,62100
e_e003677,e003677,2023-06-24,2023-06-25,22;4,남,60,4,5,0,3,5,1,6,0,0,0,65500,2,65500,32750
e_e003678,e003678,2023-06-24,2023-06-25,21;22,여,60,7,6,0,6,6,1,6,0,0,0,112800,2,112800,56400
e_e003679,e003679,2023-07-01,2023-07-03,1;10;24;28,남,30,4,14,0,15,14,2,17,0,0,20000,368300,3,388300,129433.3333
e_e003682,e003682,2023-07-08,2023-07-09,1;22;26,여,20,4,6,0,4,6,1,1,0,0,6000,69000,2,75000,37500
e_e003684,e003684,2023-06-24,2023-06-25,3;6,여,20,4,11,0,12,11,1,6,0,0,8000,41900,2,49900,24950
e_e003686,e003686,2023-06-23,2023-06-24,1,여,40,6,6,0,5,6,0,1,0,0,5900,264600,2,270500,135250
e_e003693,e003693,2023-06-24,2023-06-25,1;5,여,20,4,6,0,4,6,1,7,0,0,42200,411700,2,453900,226950
e_e003698,e003698,2023-06-24,2023-06-25,25,여,40,2,3,0,4,3,0,1,0,0,1000,27500,2,28500,14250
e_e003699,e003699,2023-07-03,2023-07-04,21;22;24;26,여,20,4,3,0,2,3,1,2,0,0,41040,0,2,41040,20520
e_e003700,e003700,2023-07-07,2023-07-09,24;27;4;10;5;7;6,남,20,4,17,0,20,17,0,2,0,25000,1000,383500,3,409500,136500
e_e003701,e003701,2023-06-27,2023-06-28,22,남,20,3,7,0,7,7,1,2,0,0,13500,147200,2,160700,80350
e_e003702,e003702,2023-07-02,2023-07-03,13;21;22;7,남,30,5,6,0,7,6,1,5,0,0,0,24400,2,24400,12200
e_e003707,e003707,2023-06-23,2023-06-24,1;21;22;4,남,20,2,7,0,7,7,1,2,0,0,99600,42400,2,142000,71000
e_e003716,e003716,2023-06-22,2023-06-24,22;26;4;5,여,20,2,11,0,11,11,1,4,2743,70000,12000,75900,3,160643,53547.66667
e_e003717,e003717,2023-07-01,2023-07-03,8;22;6,여,30,5,6,0,6,6,3,2,0,0,10000,428100,3,438100,146033.3333
e_e003721,e003721,2023-07-08,2023-07-10,2;5;6;2;22;21;26;24,여,30,4,5,0,4,5,5,1,0,379000,56000,243300,3,678300,226100
e_e003724,e003724,2023-06-29,2023-07-01,1;21;22;23;26,여,20,6,13,0,19,13,1,7,0,255000,42500,227140,3,524640,174880
e_e003725,e003725,2023-06-24,2023-06-25,27;6,여,20,5,4,0,4,4,0,3,0,0,54800,111000,2,165800,82900
e_e003726,e003726,2023-07-08,2023-07-10,5;22;1,남,40,4,6,0,6,6,3,3,70000,150000,20000,275600,3,515600,171866.6667
e_e003727,e003727,2023-07-08,2023-07-10,1;4;24;3;23;21,여,30,12,9,0,14,9,0,10,0,50000,35000,68000,3,153000,51000
e_e003729,e003729,2023-07-02,2023-07-03,1;6;22,여,20,4,10,0,10,10,0,7,18000,0,3500,127900,2,149400,74700
e_e003737,e003737,2023-06-23,2023-06-25,2;22,남,20,4,8,0,7,8,1,6,0,0,10600,113560,3,124160,41386.66667
e_e003741,e003741,2023-06-24,2023-06-25,1;2;22,여,20,4,6,0,4,6,1,1,700,0,3500,173200,2,177400,88700
e_e003744,e003744,2023-06-23,2023-06-25,1;22,여,20,4,10,0,7,10,0,5,0,0,7400,432800,3,440200,146733.3333
e_e003749,e003749,2023-06-24,2023-06-26,2;21;22;23;26,남,40,1,10,0,9,10,1,12,0,45000,75200,39000,3,159200,53066.66667
e_e003753,e003753,2023-06-24,2023-06-25,1;2;21;24;25,여,30,5,5,0,9,5,2,13,70000,0,0,174900,2,244900,122450
e_e003758,e003758,2023-06-24,2023-06-26,1;12;2;4;7,여,20,4,13,0,12,13,2,1,0,120000,6500,181300,3,307800,102600
e_e003761,e003761,2023-07-01,2023-07-03,1;21;5;8;9,남,20,8,9,0,13,9,1,4,0,0,41873,317050,3,358923,119641
e_e003765,e003765,2023-07-06,2023-07-08,2;22,남,20,4,11,0,13,11,1,3,0,66000,45000,307200,3,418200,139400
e_e003767,e003767,2023-07-01,2023-07-02,1,남,30,5,4,0,2,4,1,1,0,0,29000,59900,2,88900,44450
e_e003773,e003773,2023-07-05,2023-07-07,26;8,남,30,4,7,0,7,7,1,8,0,119000,43600,52800,3,215400,71800
e_e003775,e003775,2023-07-01,2023-07-02,1;22;5,여,30,6,6,0,4,6,1,1,0,0,16700,100400,2,117100,58550
e_e003777,e003777,2023-07-08,2023-07-10,22;23;26;4,여,30,4,9,0,7,9,1,3,0,170000,188000,264000,3,622000,207333.3333
e_e003779,e003779,2023-07-08,2023-07-09,21;24;26;27;28,여,20,5,6,0,6,6,1,2,0,0,0,63000,2,63000,31500
e_e003781,e003781,2023-07-08,2023-07-10,1;21;22;4,남,20,3,8,0,6,8,1,3,0,45000,45770,90800,3,181570,60523.33333
e_e003783,e003783,2023-06-24,2023-06-26,23;21;22,여,30,4,9,0,9,9,1,4,20698,212000,21600,190700,3,444998,148332.6667
e_e003791,e003791,2023-07-01,2023-07-02,1;2;22,여,20,4,14,0,19,14,1,6,0,0,13200,84300,2,97500,48750
e_e003792,e003792,2023-07-01,2023-07-03,2;21;22;24;9,남,50,6,13,0,19,13,5,19,0,49174,70000,501850,3,621024,207008
e_e003795,e003795,2023-07-01,2023-07-02,1;2;4;21;22;26;24;9;5,여,20,1,8,0,8,8,1,1,0,20600,12000,175100,2,207700,103850
e_e003797,e003797,2023-07-07,2023-07-09,6;22,여,20,5,11,0,11,11,1,4,0,98200,30900,162650,3,291750,97250
e_e003799,e003799,2023-06-24,2023-06-25,28;3,남,30,5,4,0,4,4,0,4,0,0,2000,1000,2,3000,1500
e_e003803,e003803,2023-06-24,2023-06-25,21;28;8,남,60,5,3,0,4,3,8,1,0,0,10000,0,2,10000,5000
e_e003807,e003807,2023-07-01,2023-07-02,21;22;24;27,남,30,5,7,0,5,7,1,4,5400,0,17000,54900,2,77300,38650
e_e003808,e003808,2023-06-25,2023-06-27,1;22;23;7,남,30,6,15,0,17,15,1,3,0,105240,92600,181150,3,378990,126330
e_e003809,e003809,2023-07-08,2023-07-09,22;24,여,30,5,7,0,5,7,1,5,0,0,4000,49100,2,53100,26550
e_e003810,e003810,2023-07-01,2023-07-02,26;3;22;3,여,30,7,5,0,3,5,1,1,21000,0,8500,49300,2,78800,39400
e_e003817,e003817,2023-06-24,2023-06-26,21;22;24;27;28,여,60,3,9,0,8,9,0,1,0,0,51400,30800,3,82200,27400
e_e003819,e003819,2023-06-23,2023-06-25,2;22;23,여,20,2,10,0,19,10,1,1,26900,103300,46850,233900,3,410950,136983.3333
e_e003821,e003821,2023-06-27,2023-06-28,1;2;22;24;4,여,30,4,10,0,10,10,1,6,0,150000,84100,109000,2,343100,171550
e_e003826,e003826,2023-06-24,2023-06-26,1;22;3;4;5,남,40,6,9,0,8,9,3,5,0,0,14500,187900,3,202400,67466.66667
e_e003830,e003830,2023-07-01,2023-07-02,21;22,남,30,6,6,0,9,6,1,11,0,0,50000,49500,2,99500,49750
e_e003833,e003833,2023-07-01,2023-07-02,1;4;22,여,30,4,7,0,5,7,1,1,0,0,19700,61900,2,81600,40800
e_e003834,e003834,2023-06-23,2023-06-24,1;3;6,남,30,4,16,0,15,16,0,4,0,0,9800,64900,2,74700,37350
e_e003840,e003840,2023-06-30,2023-07-02,1;22;23;26;6,여,20,5,10,0,14,10,0,5,0,67500,2500,86320,3,156320,52106.66667
e_e003842,e003842,2023-06-24,2023-06-25,1;6,남,60,4,4,0,2,4,1,1,30000,0,1500,24500,2,56000,28000
e_e003843,e003843,2023-06-25,2023-06-26,1;22;4,여,40,5,6,0,4,6,4,6,0,0,10000,143000,2,153000,76500
e_e003844,e003844,2023-06-24,2023-06-25,1;2;22;26;5,여,60,5,5,0,3,5,7,4,83000,0,11000,447000,2,541000,270500
e_e003845,e003845,2023-07-07,2023-07-09,2;22;23,남,20,4,14,0,16,14,1,3,11460,319000,99800,563300,3,993560,331186.6667
e_e003848,e003848,2023-06-25,2023-06-26,1;22;24;3,여,20,4,8,0,9,8,1,5,0,0,11200,132200,2,143400,71700
e_e003850,e003850,2023-07-01,2023-07-03,1;21;22;23;4,남,30,4,5,0,9,5,1,1,0,261000,20000,99800,3,380800,126933.3333
e_e003853,e003853,2023-06-29,2023-06-30,3;2;6;22;24;26,여,20,1,6,0,4,6,2,5,0,0,6000,21500,2,27500,13750
e_e003855,e003855,2023-07-01,2023-07-03,1;2;3;9;12;22;27;26;6;7,여,20,3,17,0,14,17,0,3,0,0,26020,167050,3,193070,64356.66667
e_e003856,e003856,2023-07-01,2023-07-03,6;2;11;4;3;21;22;24;26;27;28;4;2,여,30,1,13,0,9,13,1,6,0,0,14600,135300,3,149900,49966.66667
e_e003857,e003857,2023-06-24,2023-06-26,27;7;8,남,30,4,5,0,5,5,2,3,154220,60000,70000,33000,3,317220,105740
e_e003858,e003858,2023-06-24,2023-06-26,1;2;3;4;6,여,20,5,9,0,8,9,0,11,0,0,14000,28000,3,42000,14000
e_e003867,e003867,2023-07-01,2023-07-03,1;4;6;5,여,20,4,12,0,14,12,1,3,0,0,56350,254800,3,311150,103716.6667
e_e003868,e003868,2023-06-25,2023-06-26,22;28;4,남,40,5,4,0,5,4,3,3,0,0,3000,86100,2,89100,44550
e_e003870,e003870,2023-06-24,2023-06-26,2;21;22;23;5,남,60,5,8,0,12,8,5,2,0,286000,53000,348600,3,687600,229200
e_e003882,e003882,2023-06-25,2023-06-26,2;10,여,20,4,4,0,4,4,0,2,58000,0,9000,94000,2,161000,80500
e_e003885,e003885,2023-07-07,2023-07-09,1;10;21;22;24,여,20,6,7,0,12,7,1,1,0,75000,21500,84300,3,180800,60266.66667
e_e003886,e003886,2023-07-03,2023-07-05,2;22;23;26,여,40,5,10,0,12,10,3,10,18846,271600,38100,193060,3,521606,173868.6667
e_e003887,e003887,2023-06-23,2023-06-24,10;2;5,남,30,5,4,0,8,4,1,4,0,0,8600,116580,2,125180,62590
e_e003891,e003891,2023-07-01,2023-07-03,2;26;5,여,30,4,8,0,13,8,3,3,0,120000,36800,313000,3,469800,156600
e_e003892,e003892,2023-06-24,2023-06-26,21;22;4;6;9,남,20,4,16,0,17,16,1,1,0,26100,111950,408320,3,546370,182123.3333
e_e003894,e003894,2023-06-26,2023-06-27,1;2;22;6,여,20,3,3,0,2,3,0,1,2200,0,3800,11000,2,17000,8500
e_e003896,e003896,2023-06-25,2023-06-27,1;2;23;6,여,40,2,8,0,18,8,2,1,15000,127900,93190,333100,3,569190,189730
e_e003898,e003898,2023-06-25,2023-06-27,22;25;26,여,30,3,6,0,5,6,1,3,39728,140000,56400,70300,3,306428,102142.6667
e_e003900,e003900,2023-07-08,2023-07-09,1;12;2;27;3,여,20,4,14,0,13,14,1,4,0,0,25600,149000,2,174600,87300
e_e003906,e003906,2023-07-08,2023-07-09,6;13;21;22;24,여,20,3,7,0,9,7,1,6,0,0,15600,68000,2,83600,41800
e_e003909,e003909,2023-06-24,2023-06-25,2;21;24;26;28,남,30,6,4,0,2,4,2,1,0,0,31200,42000,2,73200,36600
e_e003915,e003915,2023-06-24,2023-06-25,8;22;2;21,남,20,4,7,0,9,7,1,6,0,0,2200,81000,2,83200,41600
e_e003928,e003928,2023-07-02,2023-07-04,1;21;22;23;26,여,20,2,7,0,13,7,1,2,0,230000,40000,536800,3,806800,268933.3333
e_e003929,e003929,2023-07-22,2023-07-23,6;11;22;21;24,여,40,1,3,0,11,3,0,1,27340,0,66000,20000,2,113340,56670
e_e003933,e003933,2023-06-24,2023-06-25,4,남,30,4,5,0,6,5,1,3,30000,0,29100,89630,2,148730,74365
e_e003935,e003935,2023-07-01,2023-07-02,1;22;26,남,30,2,8,0,6,8,3,1,0,0,48200,165200,2,213400,106700
e_e003937,e003937,2023-07-08,2023-07-09,1;22;26;6,여,40,2,6,0,5,6,3,1,0,0,23200,860000,2,883200,441600
e_e003945,e003945,2023-07-08,2023-07-10,1;2;4;6;12;7;13;21;22;23;24;28;27;26,여,20,2,21,0,22,21,1,13,0,55000,12500,133300,3,200800,66933.33333
e_e003949,e003949,2023-06-27,2023-06-28,22;28;5,여,40,12,4,0,3,4,0,7,0,0,6200,10500,2,16700,8350
e_e003958,e003958,2023-07-06,2023-07-08,1;22,남,20,3,7,0,7,7,1,1,0,108050,4800,47800,3,160650,53550
e_e003963,e003963,2023-06-24,2023-06-26,1;2;21;23;3,여,60,2,8,0,7,8,1,1,0,40000,20000,146800,3,206800,68933.33333
e_e003965,e003965,2023-06-25,2023-06-26,1;13;24;26;3,남,20,4,7,0,7,7,0,1,0,0,1800,12200,2,14000,7000
e_e003967,e003967,2023-06-24,2023-06-26,1;8,남,20,3,9,0,9,9,0,5,0,0,18000,49720,3,67720,22573.33333
e_e003968,e003968,2023-07-07,2023-07-09,1;4;6;3;22;11;27;21;24,여,20,4,14,0,14,14,1,11,8750,35000,22900,184500,3,251150,83716.66667
e_e003971,e003971,2023-06-24,2023-06-25,11;4;6,남,60,8,6,0,7,6,1,3,0,0,16000,74900,2,90900,45450
e_e003975,e003975,2023-06-25,2023-06-27,2;21;5;6;9,남,60,3,6,0,13,6,8,8,179200,276200,50000,130600,3,636000,212000
e_e003976,e003976,2023-06-28,2023-06-29,2,여,40,6,5,0,5,5,0,13,0,0,38800,29500,2,68300,34150
e_e003978,e003978,2023-06-27,2023-06-28,8,남,50,8,3,0,5,3,2,1,0,0,10000,0,2,10000,5000
e_e003980,e003980,2023-07-03,2023-07-05,1;2;24;26;28,여,20,2,11,0,12,11,1,11,0,58000,40000,173010,3,271010,90336.66667
e_e003992,e003992,2023-06-28,2023-06-29,2;21;22;26;3,여,30,4,5,0,7,5,0,5,0,0,22000,17000,2,39000,19500
e_e003996,e003996,2023-07-01,2023-07-03,6,남,30,4,13,0,10,13,1,6,0,0,12000,114600,3,126600,42200
e_e003997,e003997,2023-07-22,2023-07-23,1;7;26;22;6,여,30,3,8,0,11,8,1,1,0,0,4300,209300,2,213600,106800
e_e003998,e003998,2023-07-02,2023-07-03,1;21;22;4;6,여,40,1,7,0,7,7,3,1,0,0,0,100000,2,100000,50000
e_e003999,e003999,2023-07-03,2023-07-04,1;2;22;24;5,남,30,4,6,0,7,6,1,1,0,25000,17000,120180,2,162180,81090
e_e004005,e004005,2023-07-08,2023-07-10,3;4;6;11;21;22;23;24,여,20,5,14,0,16,14,1,11,0,347985,75200,137300,3,560485,186828.3333
e_e004010,e004010,2023-06-30,2023-07-02,21;22;24;5,남,30,5,7,0,7,7,1,10,0,0,30000,107110,3,137110,45703.33333
e_e004013,e004013,2023-07-06,2023-07-07,2;24;3;5;6,남,20,3,6,0,5,6,1,10,0,0,10800,45000,2,55800,27900
e_e004017,e004017,2023-06-28,2023-06-30,1;27;4;5;8,여,20,4,6,0,8,6,1,4,0,126000,3300,67000,3,196300,65433.33333
e_e004020,e004020,2023-07-06,2023-07-08,2;21;22;23;9,여,30,1,7,0,9,7,2,16,0,192280,15985,131400,3,339665,113221.6667
e_e004027,e004027,2023-06-27,2023-06-28,21;24;8,남,50,12,3,0,1,3,2,2,0,0,20800,0,2,20800,10400
e_e004033,e004033,2023-07-02,2023-07-03,1;22;24;6,여,20,3,7,0,9,7,0,7,0,0,6000,31000,2,37000,18500
e_e004037,e004037,2023-06-26,2023-06-28,1;21;22;26,여,20,1,19,0,14,19,0,2,0,0,93450,177000,3,270450,90150
e_e004042,e004042,2023-07-05,2023-07-07,2;23;24;27;6,남,30,3,13,0,20,13,0,3,0,25000,4200,23200,3,52400,17466.66667
e_e004044,e004044,2023-06-28,2023-06-30,1;22;6;4;9,남,20,1,14,0,12,14,0,2,0,0,6600,46900,3,53500,17833.33333
e_e004048,e004048,2023-07-01,2023-07-03,2;21;24;26;6,남,60,3,10,0,9,10,3,16,0,149000,55100,227800,3,431900,143966.6667
e_e004050,e004050,2023-07-02,2023-07-03,1;22;24;26,여,30,9,4,0,5,4,3,4,0,0,50000,60500,2,110500,55250
e_e004051,e004051,2023-07-01,2023-07-02,1;22;24;26;3,남,60,2,6,0,9,6,2,2,0,0,10000,108750,2,118750,59375
e_e004053,e004053,2023-06-27,2023-06-28,1;21;22;4,여,30,2,6,0,6,6,0,7,0,0,2550,17200,2,19750,9875
e_e004057,e004057,2023-06-25,2023-06-26,2,여,40,4,7,0,5,7,3,8,0,0,43800,137000,2,180800,90400
e_e004058,e004058,2023-07-07,2023-07-08,3,여,30,3,6,0,6,6,0,7,0,0,6200,59300,2,65500,32750
e_e004062,e004062,2023-07-07,2023-07-09,22;23;26;3;4,남,20,2,9,0,8,9,0,6,0,70000,25000,25100,3,120100,40033.33333
e_e004066,e004066,2023-07-02,2023-07-03,1;22;26;6,여,20,3,13,0,19,13,0,1,111000,0,76400,156910,2,344310,172155
e_e004071,e004071,2023-06-30,2023-07-02,23;24;4,여,20,4,12,0,11,12,1,3,0,80000,10800,136800,3,227600,75866.66667
e_e004072,e004072,2023-07-01,2023-07-02,1;3;22;6,남,20,1,10,0,8,10,1,1,0,0,34700,74000,2,108700,54350
e_e004073,e004073,2023-06-30,2023-07-02,8;1;21;22;26,남,20,5,9,0,12,9,1,4,174480,318000,48400,129820,3,670700,223566.6667
e_e004074,e004074,2023-07-06,2023-07-08,1;22;26,여,20,3,17,0,23,17,0,9,0,0,2400,44900,3,47300,15766.66667
e_e004076,e004076,2023-07-02,2023-07-04,10;21;22;23;26,여,60,1,7,0,12,7,4,2,0,299000,0,391800,3,690800,230266.6667
e_e004084,e004084,2023-07-01,2023-07-02,21;22;24;26;4,여,20,4,8,0,8,8,1,2,0,0,10600,67870,2,78470,39235
e_e004087,e004087,2023-07-08,2023-07-10,1;22;21;26;24;3,여,60,2,9,0,6,9,1,7,0,0,47700,182800,3,230500,76833.33333
e_e004100,e004100,2023-07-07,2023-07-09,12;2;24,남,30,5,9,0,8,9,1,10,0,65000,70100,220800,3,355900,118633.3333
e_e004101,e004101,2023-06-30,2023-07-01,1;11;2,남,40,1,7,0,7,7,1,1,11000,0,34400,67000,2,112400,56200
e_e004105,e004105,2023-07-08,2023-07-09,22;24;5,남,20,4,5,0,7,5,1,8,0,0,46200,73000,2,119200,59600
e_e004107,e004107,2023-07-03,2023-07-04,24;22;26;1;21,남,40,6,5,0,4,5,0,10,0,0,0,78000,2,78000,39000
e_e004114,e004114,2023-07-01,2023-07-02,1;21;22,남,60,1,5,0,4,5,1,1,0,0,2500,146080,2,148580,74290
e_e004116,e004116,2023-07-08,2023-07-09,2;22;24;4,여,30,3,5,0,4,5,0,1,0,0,5200,107500,2,112700,56350
e_e004122,e004122,2023-07-07,2023-07-09,1;23;22;5,여,30,2,10,0,18,10,3,16,0,154000,60000,417400,3,631400,210466.6667
e_e004132,e004132,2023-06-30,2023-07-01,21;22;26;28,여,60,3,6,0,4,6,1,5,0,0,25000,56500,2,81500,40750
e_e004135,e004135,2023-06-30,2023-07-01,22;4,남,30,4,7,0,8,7,0,2,0,0,31100,13000,2,44100,22050
e_e004141,e004141,2023-07-01,2023-07-03,23;24;4;6,남,20,3,10,0,15,10,1,1,313200,120000,91000,253400,3,777600,259200
e_e004142,e004142,2023-07-16,2023-07-18,21;22;5;9,남,30,2,6,0,10,6,2,2,0,69000,35059,132500,3,236559,78853
e_e004146,e004146,2023-07-22,2023-07-24,2;4;26;21;22,여,20,4,14,0,12,14,1,13,0,80000,12000,101580,3,193580,64526.66667
e_e004148,e004148,2023-07-11,2023-07-13,11;22;3;6;9,남,20,2,12,0,12,12,0,1,0,45000,18000,83400,3,146400,48800
e_e004149,e004149,2023-07-16,2023-07-18,1;23;26,여,20,6,11,0,12,11,1,2,0,60000,8700,276700,3,345400,115133.3333
e_e004151,e004151,2023-06-29,2023-06-30,22;6,여,20,2,9,0,7,9,0,3,0,0,10900,114500,2,125400,62700
e_e004154,e004154,2023-07-01,2023-07-02,22;26;6,여,20,5,7,0,5,7,1,5,20000,0,18851,133000,2,171851,85925.5
e_e004162,e004162,2023-06-29,2023-07-01,23;26;27;6,남,20,2,15,0,20,15,0,2,0,52727,27650,74600,3,154977,51659
e_e004165,e004165,2023-07-01,2023-07-02,1;2;21;22;9,여,20,4,4,0,6,4,2,2,0,0,9650,76000,2,85650,42825
e_e004166,e004166,2023-07-08,2023-07-09,2;21;22;24;5,남,20,4,11,0,13,11,0,13,0,0,7100,105900,2,113000,56500
e_e004168,e004168,2023-07-15,2023-07-16,12;22;23;4,여,20,4,7,0,5,7,1,2,0,0,14200,154300,2,168500,84250
e_e004172,e004172,2023-07-08,2023-07-10,21;23;24;26;22,여,30,6,11,0,9,11,3,4,0,320166,165500,276500,3,762166,254055.3333
e_e004173,e004173,2023-06-30,2023-07-02,22,남,20,3,8,0,10,8,1,1,0,50000,70000,89500,3,209500,69833.33333
e_e004174,e004174,2023-07-03,2023-07-05,23;22;5;1,남,20,2,7,0,7,7,1,1,0,131100,79500,165790,3,376390,125463.3333
e_e004187,e004187,2023-07-01,2023-07-02,1;2;22;5;6,여,30,3,5,0,4,5,1,2,0,0,15000,77300,2,92300,46150
e_e004190,e004190,2023-07-08,2023-07-10,21;22;5;8,여,40,5,9,0,11,9,2,6,0,70000,36000,204750,3,310750,103583.3333
e_e004194,e004194,2023-07-03,2023-07-04,2,남,20,5,7,0,5,7,0,7,0,0,5000,82000,2,87000,43500
e_e004195,e004195,2023-07-08,2023-07-09,5;22;24,여,50,12,5,0,3,5,2,8,0,0,10500,386500,2,397000,198500
e_e004205,e004205,2023-07-01,2023-07-02,1;22;3;6,여,20,5,11,0,13,11,0,3,0,0,4300,73500,2,77800,38900
e_e004207,e004207,2023-06-29,2023-07-01,8,여,40,1,7,0,6,7,2,2,0,225000,0,135400,3,360400,120133.3333
e_e004214,e004214,2023-07-01,2023-07-02,21;22;27;3;4,남,50,4,6,0,5,6,3,7,2800,0,2900,204500,2,210200,105100
e_e004219,e004219,2023-06-30,2023-07-02,1;3;4;6;9,여,30,5,18,0,26,18,0,7,0,189121,30000,121450,3,340571,113523.6667
e_e004222,e004222,2023-07-07,2023-07-08,1;22;6,여,30,4,5,0,5,5,1,2,15600,0,41800,0,2,57400,28700
e_e004225,e004225,2023-06-29,2023-06-30,1;3;5;6,남,40,4,17,0,16,17,6,1,0,0,6400,154600,2,161000,80500
e_e004228,e004228,2023-07-01,2023-07-02,2;24;5;6;7,남,30,5,6,0,7,6,1,14,0,0,64000,64500,2,128500,64250
e_e004230,e004230,2023-07-02,2023-07-03,22;28;3,여,30,8,5,0,4,5,4,2,0,0,118000,431500,2,549500,274750
e_e004234,e004234,2023-07-01,2023-07-03,22;3;7,남,40,4,10,0,10,10,1,5,10500,147000,31300,203410,3,392210,130736.6667
e_e004237,e004237,2023-07-02,2023-07-03,21;22;4,남,40,5,3,0,4,3,2,1,0,0,11200,41000,2,52200,26100
e_e004238,e004238,2023-07-01,2023-07-03,1;2;21;22,여,30,7,7,0,9,7,2,6,0,40000,49700,103800,3,193500,64500
e_e004240,e004240,2023-07-01,2023-07-03,1;10;2;21;5,여,20,4,11,0,9,11,1,12,0,0,50000,156000,3,206000,68666.66667
e_e004241,e004241,2023-07-01,2023-07-03,1;4;13;26;3;22,여,50,1,8,0,7,8,0,6,0,0,33600,32000,3,65600,21866.66667
e_e004243,e004243,2023-07-01,2023-07-03,1;22;23;7,남,30,1,17,0,31,17,2,4,0,151000,61650,311000,3,523650,174550
e_e004245,e004245,2023-07-02,2023-07-03,24;28;3;4;6,남,30,5,7,0,5,7,1,1,0,0,7950,125800,2,133750,66875
e_e004247,e004247,2023-07-02,2023-07-04,1;22;23;24;7,여,20,2,16,0,14,16,1,3,0,67728,54700,203300,3,325728,108576
e_e004251,e004251,2023-07-01,2023-07-03,21;5;8,여,20,6,8,0,10,8,7,1,0,0,0,551720,3,551720,183906.6667
e_e004254,e004254,2023-06-30,2023-07-02,1;2;8;6;9;22;23;27;26,남,20,4,7,0,6,7,1,2,308000,151050,29300,95310,3,583660,194553.3333
e_e004256,e004256,2023-06-27,2023-06-29,3;4;6,여,60,3,8,0,8,8,3,5,0,105000,61600,107600,3,274200,91400
e_e004268,e004268,2023-07-02,2023-07-04,1;22;24;4;8,남,30,4,8,0,11,8,1,6,0,159000,5050,191219,3,355269,118423
e_e004281,e004281,2023-07-01,2023-07-03,9,여,20,2,10,0,7,10,1,2,60000,0,13400,94600,3,168000,56000
e_e004288,e004288,2023-07-01,2023-07-03,22;6,여,50,2,11,0,12,11,0,16,0,0,8300,18900,3,27200,9066.666667
e_e004291,e004291,2023-07-08,2023-07-10,1;2;22;26;5,남,20,4,15,0,12,15,1,10,0,0,54200,214953,3,269153,89717.66667
e_e004294,e004294,2023-07-01,2023-07-02,5;22;2;26,남,30,5,6,0,6,6,4,4,0,0,0,213460,2,213460,106730
e_e004295,e004295,2023-07-19,2023-07-20,1;21,여,20,1,6,0,5,6,0,4,0,0,8000,43220,2,51220,25610
e_e004300,e004300,2023-07-01,2023-07-03,22,남,20,7,16,0,15,16,1,7,0,0,55800,100500,3,156300,52100
e_e004304,e004304,2023-07-15,2023-07-16,1;2;3;4;6,남,20,5,5,0,9,5,1,7,0,0,7000,62600,2,69600,34800
e_e004309,e004309,2023-07-08,2023-07-10,27;4;21,여,60,4,11,0,7,11,2,8,0,0,7500,153100,3,160600,53533.33333
e_e004310,e004310,2023-07-01,2023-07-02,1;22;25;5,남,40,5,3,0,5,3,2,6,100000,0,0,80000,2,180000,90000
e_e004313,e004313,2023-07-07,2023-07-09,21;24;27,여,20,4,14,0,15,14,0,7,0,51988,55400,123000,3,230388,76796
e_e004315,e004315,2023-07-01,2023-07-02,1;4,남,20,3,12,0,12,12,1,1,0,0,32043,91200,2,123243,61621.5
e_e004317,e004317,2023-08-05,2023-08-06,1;22;9,남,30,3,7,0,6,7,1,10,0,0,10000,127000,2,137000,68500
e_e004324,e004324,2023-07-08,2023-07-10,1;21;3,남,30,5,8,0,8,8,1,15,158630,0,0,52000,3,210630,70210
e_e004326,e004326,2023-07-08,2023-07-10,21;22;24;27;28,남,20,5,9,0,7,9,2,1,0,0,0,72400,3,72400,24133.33333
e_e004333,e004333,2023-07-29,2023-07-30,21;26;3;4;6,남,60,5,7,0,5,7,1,7,0,0,27000,43000,2,70000,35000
e_e004334,e004334,2023-06-30,2023-07-02,4;22;23;24;26;1;6,남,40,7,15,0,16,15,0,7,0,90000,49200,217200,3,356400,118800
e_e004336,e004336,2023-06-30,2023-07-01,5;9,남,30,2,6,0,5,6,0,2,0,0,7200,8500,2,15700,7850
e_e004338,e004338,2023-07-09,2023-07-10,1;22;24;4;5,여,30,4,6,0,9,6,1,8,0,0,8100,59800,2,67900,33950
e_e004340,e004340,2023-07-02,2023-07-03,1;22,여,20,4,6,0,6,6,1,2,0,0,1200,133000,2,134200,67100
e_e004341,e004341,2023-07-17,2023-07-19,1;23;4;6;7,남,20,1,13,0,13,13,1,6,0,267314,12000,212500,3,491814,163938
e_e004342,e004342,2023-07-03,2023-07-05,1;22;4;6;9,남,20,2,20,0,21,20,0,11,0,72000,28900,149600,3,250500,83500
e_e004344,e004344,2023-07-01,2023-07-03,12;3,여,30,4,12,0,16,12,0,11,0,0,41700,136280,3,177980,59326.66667
e_e004349,e004349,2023-07-28,2023-07-30,1;22;23;4;7,여,20,3,12,0,11,12,1,1,0,130000,31000,384690,3,545690,181896.6667
e_e004354,e004354,2023-07-01,2023-07-02,2;4;22,여,30,5,5,0,3,5,1,2,0,0,12000,74800,2,86800,43400
e_e004357,e004357,2023-07-01,2023-07-03,1;2;21;22;5,남,30,5,12,0,16,12,1,12,0,93060,25000,290600,3,408660,136220
e_e004360,e004360,2023-07-01,2023-07-02,5,남,30,4,10,0,8,10,0,1,0,0,4000,154200,2,158200,79100
e_e004369,e004369,2023-07-03,2023-07-05,1;21;22;23;7,여,20,2,11,0,12,11,1,13,38000,154000,22900,96200,3,311100,103700
e_e004371,e004371,2023-07-08,2023-07-09,1;22;24,남,40,6,6,0,5,6,1,5,0,0,1700,41800,2,43500,21750
e_e004372,e004372,2023-07-01,2023-07-03,1;3;4;6;9,남,20,5,17,0,17,17,1,11,20000,0,10300,217000,3,247300,82433.33333
e_e004373,e004373,2023-06-30,2023-07-02,28;3,여,20,4,14,0,20,14,0,9,9600,95890,26940,642200,3,774630,258210
e_e004380,e004380,2023-07-01,2023-07-02,4;9,여,30,4,4,0,4,4,3,5,75600,0,9900,51000,2,136500,68250
e_e004381,e004381,2023-07-01,2023-07-02,1;2;26;4;7,여,20,4,8,0,9,8,0,5,3000,0,45600,28800,2,77400,38700
e_e004384,e004384,2023-07-16,2023-07-17,1;22;6,여,40,4,5,0,4,5,2,3,0,0,5000,143400,2,148400,74200
e_e004391,e004391,2023-07-08,2023-07-09,22;28;3;4,남,40,1,6,0,5,6,1,1,0,0,12700,35500,2,48200,24100
e_e004392,e004392,2023-07-08,2023-07-10,1;22;3;4;6,남,20,5,14,0,16,14,1,7,0,0,9000,155300,3,164300,54766.66667
e_e004393,e004393,2023-07-21,2023-07-23,22;26;4;6;7,여,20,3,15,0,14,15,1,13,0,45000,72600,154600,3,272200,90733.33333
e_e004395,e004395,2023-07-15,2023-07-16,1;6,여,30,5,5,0,7,5,1,1,45000,0,12000,114800,2,171800,85900
e_e004396,e004396,2023-07-15,2023-07-17,22;24;26;10,남,40,5,7,0,6,7,3,9,0,261000,57800,125180,3,443980,147993.3333
e_e004398,e004398,2023-07-02,2023-07-03,1,남,20,1,6,0,4,6,1,3,0,0,56000,31000,2,87000,43500
e_e004402,e004402,2023-07-01,2023-07-02,22,여,40,8,5,0,5,5,0,5,0,0,3500,38060,2,41560,20780
e_e004409,e004409,2023-07-02,2023-07-03,1;21;22;4,남,20,4,6,0,5,6,0,4,0,0,30000,55300,2,85300,42650
e_e004415,e004415,2023-07-28,2023-07-30,21;5;8,남,20,5,8,0,7,8,1,12,0,240000,185880,79400,3,505280,168426.6667
e_e004416,e004416,2023-07-22,2023-07-24,22;26;5,남,20,5,9,0,8,9,2,1,5970,330000,164580,122080,3,622630,207543.3333
e_e004417,e004417,2023-07-22,2023-07-24,2;24;4,여,20,4,7,0,12,7,0,7,37000,132000,0,90100,3,259100,86366.66667
e_e004421,e004421,2023-07-27,2023-07-29,23,남,30,5,4,0,8,4,2,4,0,419000,0,158000,3,577000,192333.3333
e_e004422,e004422,2023-07-14,2023-07-16,21;22;24;26;28,여,60,4,7,0,8,7,7,5,214600,90000,11500,176770,3,492870,164290
e_e004423,e004423,2023-07-14,2023-07-15,1;12;2;4;6,남,60,6,5,0,3,5,1,7,22731,0,22731,70000,2,115462,57731
e_e004432,e004432,2023-07-07,2023-07-08,5,여,40,1,4,0,2,4,1,4,120000,0,23600,0,2,143600,71800
e_e004434,e004434,2023-07-22,2023-07-24,22;6,여,20,4,9,0,8,9,1,5,330000,0,49750,247300,3,627050,209016.6667
e_e004443,e004443,2023-07-02,2023-07-03,12;21;22;26;4,여,20,5,7,0,9,7,1,16,0,0,47590,140300,2,187890,93945
e_e004447,e004447,2023-07-01,2023-07-02,1;22;26;27;6,여,60,4,11,0,9,11,1,4,0,0,7000,119400,2,126400,63200
e_e004449,e004449,2023-07-09,2023-07-11,2,여,60,4,7,0,9,7,4,16,3000,134000,51973,213500,3,402473,134157.6667
e_e004451,e004451,2023-07-02,2023-07-03,21;22;1;4;26,여,40,5,6,0,6,6,0,7,135000,0,26000,24800,2,185800,92900
e_e004455,e004455,2023-07-22,2023-07-24,22;5;6;8;9,남,20,4,8,0,11,8,5,1,0,420000,46000,478960,3,944960,314986.6667
e_e004457,e004457,2023-07-08,2023-07-09,1;22;26;6,여,20,4,11,0,13,11,0,5,0,0,4500,63900,2,68400,34200
e_e004459,e004459,2023-07-10,2023-07-11,11;2;21;3;6,여,20,2,8,0,7,8,0,7,0,0,2700,24500,2,27200,13600
e_e004463,e004463,2023-07-01,2023-07-03,1;10;2;22;3,여,20,6,28,0,30,28,0,11,0,0,12600,104400,3,117000,39000
e_e004464,e004464,2023-07-17,2023-07-19,1;11;23;26;4,여,30,4,18,0,19,18,0,4,0,70000,75700,183810,3,329510,109836.6667
e_e004466,e004466,2023-07-02,2023-07-04,22;23,여,20,2,16,0,15,16,0,3,0,130000,78540,139300,3,347840,115946.6667
e_e004468,e004468,2023-07-22,2023-07-23,2;3;4;6;9,여,30,8,6,0,7,6,1,1,0,0,26400,126000,2,152400,76200
e_e004472,e004472,2023-07-06,2023-07-07,6;1;11;21,여,30,4,7,0,8,7,0,6,0,0,3800,7000,2,10800,5400
e_e004473,e004473,2023-07-15,2023-07-17,1;2;4;7;24;23;26;22;21;10,여,20,2,11,0,32,11,1,3,0,98306,35850,283250,3,417406,139135.3333
e_e004479,e004479,2023-07-01,2023-07-02,22;26;24,여,20,2,4,0,7,4,0,2,0,0,32200,377300,2,409500,204750
e_e004482,e004482,2023-07-01,2023-07-02,2,여,40,2,3,0,2,3,3,1,100000,0,25900,139000,2,264900,132450
e_e004485,e004485,2023-07-06,2023-07-08,22;4;6,여,60,1,9,0,7,9,4,10,0,0,156600,278000,3,434600,144866.6667
e_e004486,e004486,2023-07-02,2023-07-03,11;2;26;6,남,40,8,4,0,2,4,5,1,0,0,20000,34000,2,54000,27000
e_e004488,e004488,2023-07-03,2023-07-04,1;11;21;22;7,남,20,3,11,0,11,11,1,4,0,0,6550,150300,2,156850,78425
e_e004489,e004489,2023-07-28,2023-07-30,21;22;24;26;5,여,20,4,16,0,14,16,1,27,0,0,30000,121480,3,151480,50493.33333
e_e004499,e004499,2023-07-29,2023-07-30,24;26;4,여,40,8,4,0,2,4,2,2,0,0,2500,123000,2,125500,62750
e_e004503,e004503,2023-07-02,2023-07-03,22;6,여,60,3,6,0,5,6,2,3,0,0,22000,94500,2,116500,58250
e_e004505,e004505,2023-07-30,2023-07-31,1;22;4;5;6,여,30,4,8,0,10,8,1,4,284000,0,8520,69100,2,361620,180810
e_e004506,e004506,2023-08-05,2023-08-07,22;23;24;26;5,여,20,4,8,0,8,8,3,12,0,388990,492000,563170,3,1444160,481386.6667
e_e004510,e004510,2023-07-29,2023-07-31,6;2;5;4;9;6;21;23;26;12;11;10,여,30,4,11,0,15,11,1,13,0,166685,114400,910500,3,1191585,397195
e_e004511,e004511,2023-07-20,2023-07-21,2;22;27;28;3,여,20,6,8,0,14,8,1,5,0,0,12000,61700,2,73700,36850
e_e004515,e004515,2023-07-02,2023-07-03,1;2;23;3;4,남,20,4,7,0,8,7,1,1,0,20000,2600,47300,2,69900,34950
e_e004520,e004520,2023-07-21,2023-07-22,27;9,여,40,4,4,0,2,4,3,2,0,0,0,72800,2,72800,36400
e_e004525,e004525,2023-07-09,2023-07-10,12;27;6,남,40,6,6,0,7,6,1,9,1000,0,40000,40000,2,81000,40500
e_e004547,e004547,2023-07-08,2023-07-09,3;2;4;6;11;26;27,남,30,6,5,0,7,5,3,9,0,0,35000,118000,2,153000,76500
e_e004548,e004548,2023-07-08,2023-07-10,6;4;5;22,남,30,3,17,0,26,17,0,1,0,20000,46600,52800,3,119400,39800
e_e004549,e004549,2023-07-22,2023-07-24,10;2;21;23;24,여,40,11,10,0,12,10,3,3,0,172562,1200,133900,3,307662,102554
e_e004551,e004551,2023-07-03,2023-07-05,1;12;3;4;6,여,30,4,21,0,24,21,1,20,0,126100,167100,174200,3,467400,155800
e_e004552,e004552,2023-07-07,2023-07-09,1;8;21;22;23;25,여,20,4,9,0,14,9,3,10,245500,264000,100000,189600,3,799100,266366.6667
e_e004557,e004557,2023-07-26,2023-07-27,6,남,20,4,7,0,5,7,1,2,18000,0,18900,88600,2,125500,62750
e_e004561,e004561,2023-07-22,2023-07-23,1;4;5;6;9,여,30,5,6,0,9,6,0,6,0,0,21800,111500,2,133300,66650
e_e004563,e004563,2023-07-26,2023-07-28,12;22;23;5;6,남,20,1,8,0,6,8,1,2,0,25000,15400,122000,3,162400,54133.33333
e_e004565,e004565,2023-07-09,2023-07-10,21;22;24;27;8,남,40,7,6,0,7,6,2,4,0,0,30000,294000,2,324000,162000
e_e004567,e004567,2023-07-13,2023-07-14,1;21;27,남,60,4,7,0,5,7,0,4,0,0,4750,26060,2,30810,15405
e_e004573,e004573,2023-07-04,2023-07-06,1;22;23;6,남,20,2,7,0,13,7,1,10,0,191153,14900,105500,3,311553,103851
e_e004575,e004575,2023-07-15,2023-07-16,11;22;24;4;6,여,20,1,11,0,9,11,1,1,0,0,6600,159200,2,165800,82900
e_e004587,e004587,2023-07-04,2023-07-05,11;2;22;6,여,30,3,6,0,6,6,0,4,0,0,3950,21300,2,25250,12625
e_e004588,e004588,2023-07-08,2023-07-09,2;10;22,남,30,7,6,0,6,6,1,4,48420,0,9900,50000,2,108320,54160
e_e004589,e004589,2023-07-08,2023-07-09,1;2;5;6,남,20,5,6,0,4,6,1,2,87000,0,55000,543600,2,685600,342800
e_e004592,e004592,2023-07-12,2023-07-13,6;12;22,여,20,2,7,0,7,7,1,4,0,0,143000,149420,2,292420,146210
e_e004596,e004596,2023-07-04,2023-07-06,22;23;6,남,20,2,26,0,30,26,1,18,0,194502,16400,214100,3,425002,141667.3333
e_e004602,e004602,2023-07-08,2023-07-09,2;5,남,20,4,6,0,5,6,1,5,0,0,63000,83000,2,146000,73000
e_e004606,e004606,2023-07-22,2023-07-23,22;27;3;6,남,60,5,8,0,12,8,1,5,0,0,0,68000,2,68000,34000
e_e004612,e004612,2023-07-15,2023-07-16,2;22;26,여,20,4,4,0,7,4,1,2,8190,0,14500,60700,2,83390,41695
e_e004614,e004614,2023-07-09,2023-07-10,22;3;4,여,20,4,8,0,6,8,1,5,0,0,7500,42500,2,50000,25000
e_e004617,e004617,2023-07-08,2023-07-10,26;3;6,남,50,6,11,0,10,11,2,7,0,0,50000,125450,3,175450,58483.33333
e_e004623,e004623,2023-07-16,2023-07-17,10;22;23;24;5,남,20,6,7,0,8,7,1,4,56000,0,8700,115050,2,179750,89875
e_e004627,e004627,2023-07-16,2023-07-17,9,남,30,8,5,0,5,5,1,2,0,0,1350,69300,2,70650,35325
e_e004629,e004629,2023-07-08,2023-07-09,13,여,40,3,11,0,10,11,0,4,0,0,5850,8000,2,13850,6925
e_e004634,e004634,2023-07-15,2023-07-16,1;24;26;6,남,30,6,7,0,8,7,1,4,0,0,5000,80500,2,85500,42750
e_e004640,e004640,2023-07-11,2023-07-12,1;21;22;4;6,남,20,1,5,0,4,5,0,2,23200,0,3300,24000,2,50500,25250
e_e004644,e004644,2023-07-10,2023-07-11,2;22;24,여,20,4,4,0,2,4,1,10,0,0,63100,38300,2,101400,50700
e_e004645,e004645,2023-07-09,2023-07-10,22,여,20,5,6,0,5,6,1,4,0,0,1000,57800,2,58800,29400
e_e004651,e004651,2023-07-08,2023-07-09,1;22;26;6,남,20,2,9,0,8,9,1,1,0,0,17000,139600,2,156600,78300
e_e004653,e004653,2023-07-22,2023-07-23,21;22;25,남,60,5,4,0,4,4,3,3,0,0,20000,138000,2,158000,79000
e_e004655,e004655,2023-07-08,2023-07-09,1;6;4,여,30,4,6,0,5,6,1,10,0,0,2700,122100,2,124800,62400
e_e004657,e004657,2023-07-09,2023-07-11,1;22;26,여,20,4,15,0,14,15,1,12,0,0,60650,189500,3,250150,83383.33333
e_e004658,e004658,2023-07-08,2023-07-09,23;26,여,20,4,9,0,9,9,1,1,0,0,85800,70300,2,156100,78050
e_e004668,e004668,2023-07-08,2023-07-10,1;22;24;3,남,30,4,12,0,17,12,3,4,0,0,66000,504020,3,570020,190006.6667
e_e004673,e004673,2023-07-28,2023-07-31,3;6;24;2,여,30,6,24,0,28,24,0,25,0,233200,118000,225700,4,576900,144225
e_e004675,e004675,2023-07-07,2023-07-10,22;27;3;5;8,여,50,6,9,0,24,9,3,23,190650,90000,40000,154600,4,475250,118812.5
e_e004678,e004678,2023-07-09,2023-07-11,10;21;22;23;26,남,20,6,9,0,12,9,1,9,11400,204000,16100,111230,3,342730,114243.3333
e_e004681,e004681,2023-07-08,2023-07-10,1;2;6;23;24;27;21;28;26,남,20,4,16,0,20,16,1,1,0,110000,5000,298400,3,413400,137800
e_e004685,e004685,2023-07-08,2023-07-09,1;21;22;24;26,남,30,6,7,0,5,7,2,1,0,0,31000,118750,2,149750,74875
e_e004687,e004687,2023-08-05,2023-08-07,11;2;4;5;6,남,40,6,6,0,7,6,6,6,0,296000,0,73000,3,369000,123000
e_e004688,e004688,2023-07-09,2023-07-10,1;22;4;6,여,20,4,10,0,8,10,1,2,8300,0,31300,255900,2,295500,147750
e_e004695,e004695,2023-08-05,2023-08-07,5;21;22;24;5;22;21;24,여,20,2,10,0,10,10,1,8,0,120000,10000,131760,3,261760,87253.33333
e_e004703,e004703,2023-07-05,2023-07-09,1;2;22;23;26,남,30,6,31,0,41,31,1,6,0,190000,55200,308900,5,554100,110820
e_e004709,e004709,2023-07-15,2023-07-17,1;22;5,여,20,5,7,0,10,7,5,3,0,216000,65000,568530,3,849530,283176.6667
e_e004712,e004712,2023-07-15,2023-07-16,1;2;4;6,여,40,4,6,0,10,6,1,4,0,0,8500,63500,2,72000,36000
e_e004716,e004716,2023-07-14,2023-07-17,13;21;22;24;26,남,20,2,16,0,20,16,2,16,0,70000,0,187170,4,257170,64292.5
e_e004717,e004717,2023-07-09,2023-07-10,22;4;6,남,30,3,10,0,12,10,2,3,0,0,17200,399400,2,416600,208300
e_e004719,e004719,2023-07-12,2023-07-13,11;2;21;22;5,여,30,4,3,0,2,3,6,3,0,0,2600,55000,2,57600,28800
e_e004720,e004720,2023-07-16,2023-07-17,1;21;22;4;5,여,60,4,4,0,6,4,1,4,0,0,7800,39420,2,47220,23610
e_e004722,e004722,2023-07-06,2023-07-09,1;22;23;6,남,20,1,20,0,21,20,0,11,44000,130000,55100,347200,4,576300,144075
e_e004724,e004724,2023-07-29,2023-07-30,6;4;22,남,30,4,8,0,8,8,2,11,0,0,105350,186700,2,292050,146025
e_e004729,e004729,2023-07-08,2023-07-09,1;22;26;4,남,20,4,7,0,8,7,1,6,0,0,10000,80100,2,90100,45050
e_e004730,e004730,2023-07-14,2023-07-17,1;2;3;5;6,여,20,4,16,0,18,16,1,2,0,55000,13350,129800,4,198150,49537.5
e_e004733,e004733,2023-07-28,2023-07-30,22;23;26;3;6,여,40,4,12,0,13,12,3,2,0,267500,72800,140000,3,480300,160100
e_e004772,e004772,2023-08-06,2023-08-07,1;26;27;6;9,남,50,8,9,0,7,9,3,3,0,0,4500,208380,2,212880,106440
e_e004773,e004773,2023-07-06,2023-07-08,21;22;27;5;8,남,30,4,6,0,9,6,0,42,8700,14000,43800,25000,3,91500,30500
e_e004774,e004774,2023-07-20,2023-07-24,1;2;22;26;9,남,30,6,30,0,40,30,0,38,0,210900,161650,616790,5,989340,197868
e_e004780,e004780,2023-07-21,2023-07-24,1;26,여,20,4,16,0,16,16,1,5,0,250000,123400,15071450,4,15444850,3861212.5
e_e004782,e004782,2023-07-11,2023-07-14,1;22;24;27;28,남,20,4,17,0,10,17,0,3,3000,76999,8100,220900,4,308999,77249.75
e_e004784,e004784,2023-07-30,2023-08-01,1;2;4;5;9,여,20,2,16,0,20,16,1,14,0,95000,66200,668320,3,829520,276506.6667
e_e004792,e004792,2023-08-03,2023-08-06,1;23;5;21;22;23,여,40,5,9,0,15,9,3,5,0,905744,20000,393600,4,1319344,329836
e_e004799,e004799,2023-07-29,2023-07-31,8;24,여,20,6,10,0,8,10,1,11,0,70000,53800,88580,3,212380,70793.33333
e_e004800,e004800,2023-07-14,2023-07-17,1;2;3;4;6,남,20,1,14,0,19,14,1,2,0,131000,73200,273500,4,477700,119425
e_e004815,e004815,2023-07-20,2023-07-22,2;21;22;23;8,남,30,8,5,0,5,5,2,3,55000,360000,3000,84000,3,502000,167333.3333
e_e004818,e004818,2023-07-09,2023-07-10,21,남,60,8,5,0,4,5,3,3,0,0,0,69600,2,69600,34800
e_e004819,e004819,2023-07-09,2023-07-10,28;3,남,40,12,6,0,6,6,3,3,0,0,0,71500,2,71500,35750
e_e004821,e004821,2023-07-22,2023-07-24,12;22;3;4,여,20,4,12,0,10,12,1,3,0,0,51100,244500,3,295600,98533.33333
e_e004830,e004830,2023-08-01,2023-08-03,1;22;26;6,여,20,2,9,0,8,9,0,2,0,0,88500,85500,3,174000,58000
e_e004839,e004839,2023-07-29,2023-08-01,1;2;5;8,여,40,1,13,0,15,13,4,29,0,12500,15000,97990,4,125490,31372.5
e_e004843,e004843,2023-07-29,2023-08-01,1;21;22;26,남,20,4,12,0,12,12,2,7,66310,750000,44400,323311,4,1184021,296005.25
e_e004845,e004845,2023-07-10,2023-07-11,1;22;4,남,30,4,4,0,4,4,0,2,0,0,4550,27000,2,31550,15775
e_e004854,e004854,2023-07-07,2023-07-10,1;3;4,남,20,1,18,0,18,18,1,17,0,0,61650,136900,4,198550,49637.5
e_e004857,e004857,2023-07-14,2023-07-17,1;11;22;26;4,남,30,6,16,0,20,16,2,2,0,0,55000,321340,4,376340,94085
e_e004858,e004858,2023-08-04,2023-08-07,1;22;26;4,남,20,1,23,0,23,23,1,7,0,140000,242000,690600,4,1072600,268150
e_e004859,e004859,2023-07-22,2023-07-24,2;23,여,20,5,9,0,9,9,3,13,44000,409860,78723,317531,3,850114,283371.3333
e_e004860,e004860,2023-07-07,2023-07-10,1;22;23;3;4,여,20,4,28,0,40,28,1,59,0,135000,28300,195400,4,358700,89675
e_e004861,e004861,2023-07-11,2023-07-13,1;2;22;5;7,남,30,2,8,0,8,8,1,6,0,120000,41000,408300,3,569300,189766.6667
e_e004864,e004864,2023-07-06,2023-07-08,26;4,여,20,1,11,0,13,11,1,11,0,45000,38900,87500,3,171400,57133.33333
e_e004865,e004865,2023-07-14,2023-07-17,1;22;24;26;4,남,20,4,18,0,15,18,1,7,0,0,13000,253600,4,266600,66650
e_e004867,e004867,2023-08-04,2023-08-07,10;2;22;27;6,남,60,7,8,0,10,8,5,5,0,1320000,261500,82000,4,1663500,415875
e_e004868,e004868,2023-07-19,2023-07-22,1;21;4,여,20,5,16,0,14,16,1,7,0,232089,82000,162100,4,476189,119047.25
e_e004877,e004877,2023-08-04,2023-08-06,22;8,여,20,4,7,0,5,7,1,8,0,132859,35000,105680,3,273539,91179.66667
e_e004878,e004878,2023-07-15,2023-07-16,1;2;21;22;4,여,30,5,6,0,5,6,0,1,0,0,6000,82300,2,88300,44150
e_e004879,e004879,2023-07-19,2023-07-22,1;2;3;4;6,여,20,1,24,0,23,24,1,1,40600,90000,159600,303400,4,593600,148400
e_e004881,e004881,2023-07-15,2023-07-16,1;22;4;7,남,30,4,16,0,16,16,3,1,29200,0,22760,169100,2,221060,110530
e_e004882,e004882,2023-07-07,2023-07-10,1;22;4;6,여,30,4,14,0,19,14,1,3,139200,0,279480,372860,4,791540,197885
e_e004885,e004885,2023-07-08,2023-07-09,22;27,남,20,4,6,0,8,6,3,9,0,0,7500,48550,2,56050,28025
e_e004899,e004899,2023-07-08,2023-07-10,22;3;6,남,30,5,9,0,10,9,1,1,0,67000,30900,32900,3,130800,43600
e_e004905,e004905,2023-07-29,2023-08-01,1;12;2;3;9,여,40,4,16,0,23,16,1,6,0,88084,37100,357450,4,482634,120658.5
e_e004914,e004914,2023-07-21,2023-07-23,1;23;4,남,30,6,10,0,9,10,1,5,0,55800,8000,211910,3,275710,91903.33333
e_e004915,e004915,2023-07-31,2023-08-01,22;24;4,여,60,5,13,0,17,13,2,7,0,0,20400,174600,2,195000,97500
e_e004917,e004917,2023-07-16,2023-07-18,22;7,여,20,4,11,0,9,11,1,2,0,57000,3900,156100,3,217000,72333.33333
e_e004919,e004919,2023-07-28,2023-07-31,1;21;3;4;7,남,60,5,21,0,35,21,1,2,0,838373,21700,51100,4,911173,227793.25
e_e004925,e004925,2023-07-08,2023-07-09,21;9,여,60,1,6,0,11,6,1,14,0,0,63000,378700,2,441700,220850
e_e004927,e004927,2023-07-29,2023-07-31,21;22;26,남,40,11,8,0,6,8,4,9,0,808706,31200,671680,3,1511586,503862
e_e004931,e004931,2023-07-30,2023-07-31,6,남,40,7,6,0,7,6,2,5,123000,0,25240,338400,2,486640,243320
e_e004941,e004941,2023-07-08,2023-07-09,22;4,남,30,5,9,0,10,9,1,6,1500,0,32696,61100,2,95296,47648
e_e004945,e004945,2023-07-22,2023-07-24,2;22;26,여,20,4,10,0,15,10,1,3,80000,64503,3600,201500,3,349603,116534.3333
e_e004948,e004948,2023-07-16,2023-07-18,1;12;22;5;8,여,30,4,7,0,9,7,1,2,0,139000,31500,65600,3,236100,78700
e_e004952,e004952,2023-07-08,2023-07-09,1;22;6,여,40,4,7,0,7,7,2,1,6500,0,66350,122750,2,195600,97800
e_e004961,e004961,2023-07-23,2023-07-25,2;6;1;22,여,30,5,12,0,16,12,2,31,42000,140000,90900,250300,3,523200,174400
e_e004970,e004970,2023-07-08,2023-07-09,22;26;4,남,30,5,8,0,6,8,1,6,0,0,2000,212600,2,214600,107300
e_e004975,e004975,2023-07-13,2023-07-14,1;22,남,20,1,3,0,3,3,1,1,0,0,12000,21600,2,33600,16800
e_e004976,e004976,2023-07-09,2023-07-10,1;22;24;26;9;27,여,40,4,10,0,24,10,2,1,0,0,8000,157100,2,165100,82550
e_e004977,e004977,2023-07-27,2023-07-29,1;21;23;4,남,30,5,15,0,18,15,1,5,0,308550,0,94300,3,402850,134283.3333
e_e004979,e004979,2023-07-11,2023-07-14,22;3;4,남,30,1,16,0,15,16,1,3,0,100000,16000,202300,4,318300,79575
e_e004983,e004983,2023-07-15,2023-07-16,1;22;4,여,40,3,9,0,10,9,1,1,0,0,5000,79500,2,84500,42250
e_e004984,e004984,2023-07-22,2023-07-24,10;21;22;23;4,여,30,4,12,0,12,12,1,1,0,200552,3000,1357110,3,1560662,520220.6667
e_e004987,e004987,2023-07-19,2023-07-21,2;22;23,남,20,4,11,0,11,11,1,5,0,70000,5000,267200,3,342200,114066.6667
e_e004989,e004989,2023-07-09,2023-07-10,11;22;24;3;6,남,20,2,10,0,11,10,1,2,0,0,14000,116000,2,130000,65000
e_e004990,e004990,2023-07-13,2023-07-16,1;2;21;22;4,여,40,4,16,0,13,16,2,4,0,0,58300,164300,4,222600,55650
e_e005011,e005011,2023-07-22,2023-07-23,1;3;13;22;26;3,여,40,4,14,0,17,14,0,2,0,0,8200,43000,2,51200,25600
e_e005014,e005014,2023-07-26,2023-07-30,1;2;22;4;6,여,30,5,18,0,24,18,2,2,0,0,119944,740300,5,860244,172048.8
e_e005015,e005015,2023-07-11,2023-07-12,21;22;24;26;5,남,40,5,4,0,5,4,3,2,0,0,3000,110000,2,113000,56500
e_e005025,e005025,2023-08-01,2023-08-03,11;2;23;6;9,여,30,7,14,0,15,14,3,7,4000,260000,8150,151200,3,423350,141116.6667
e_e005026,e005026,2023-07-22,2023-07-24,2,남,20,5,11,0,11,11,1,2,0,280000,0,244100,3,524100,174700
e_e005028,e005028,2023-07-21,2023-07-23,1;21;22;23;24,여,30,5,12,0,18,12,0,3,0,144150,6200,345600,3,495950,165316.6667
e_e005102,e005102,2023-07-15,2023-07-16,2;22;27;4,남,30,5,5,0,7,5,1,1,0,0,50700,34200,2,84900,42450
e_e005106,e005106,2023-07-15,2023-07-16,1;21;22;3;4,여,20,6,8,0,8,8,1,5,0,0,3000,46500,2,49500,24750
e_e005110,e005110,2023-08-05,2023-08-07,1;2;21;22;24,남,30,5,7,0,6,7,3,2,136720,350000,50000,45520,3,582240,194080
e_e005111,e005111,2023-07-12,2023-07-13,1;21;22;26;9,남,30,5,6,0,7,6,1,1,0,0,0,1035020,2,1035020,517510
e_e005116,e005116,2023-07-29,2023-07-31,12;2;21;24;9,여,40,7,5,0,7,5,3,5,0,272000,67000,84000,3,423000,141000
e_e005127,e005127,2023-07-14,2023-07-17,2;21;22;27;6,여,20,2,29,0,30,29,0,15,0,0,6100,27660,4,33760,8440
e_e005154,e005154,2023-07-24,2023-07-27,1;2;3;4;6,여,20,2,18,0,23,18,0,3,0,50000,49400,285700,4,385100,96275
e_e005156,e005156,2023-07-22,2023-07-23,1;21;22;24,남,30,5,5,0,5,5,1,1,0,0,0,97000,2,97000,48500
e_e005157,e005157,2023-07-17,2023-07-18,22;3;6,남,60,1,7,0,10,7,2,2,0,0,54100,128500,2,182600,91300
e_e005160,e005160,2023-07-17,2023-07-19,1;10;22;23;5,여,30,1,11,0,12,11,2,6,13300,608000,33300,66000,3,720600,240200
e_e005166,e005166,2023-07-16,2023-07-17,1;22;6,남,20,2,13,0,11,13,1,1,0,0,8700,180500,2,189200,94600
e_e005170,e005170,2023-07-20,2023-07-21,2,여,40,1,4,0,4,4,3,3,0,0,17800,59000,2,76800,38400
e_e005172,e005172,2023-07-27,2023-07-30,2;22;3;4;7,여,20,4,24,0,34,24,1,13,0,91150,28000,284100,4,403250,100812.5
e_e005175,e005175,2023-07-23,2023-07-24,3;4;8,남,30,5,7,0,6,7,2,3,0,0,7000,66900,2,73900,36950
e_e005185,e005185,2023-07-22,2023-07-23,1;21;22;26;4,남,20,4,6,0,5,6,2,1,0,0,35900,74700,2,110600,55300
e_e005187,e005187,2023-07-16,2023-07-17,2;3;5;7;9,여,50,4,5,0,3,5,2,1,0,0,12400,82500,2,94900,47450
e_e005189,e005189,2023-07-16,2023-07-17,2;3,남,30,5,5,0,7,5,3,2,0,0,4500,70200,2,74700,37350
e_e005194,e005194,2023-07-15,2023-07-16,1;3;4;7;9,남,40,6,8,0,11,8,2,1,0,0,8000,115300,2,123300,61650
e_e005197,e005197,2023-08-02,2023-08-04,5;22,여,40,5,6,0,6,6,4,6,0,198000,0,234970,3,432970,144323.3333
e_e005201,e005201,2023-07-29,2023-07-31,21;22;23;24;26,여,20,4,13,0,13,13,1,12,0,253000,24600,162800,3,440400,146800
e_e005206,e005206,2023-07-22,2023-07-24,22;23;26,여,20,5,16,0,17,16,2,1,0,565160,30550,155900,3,751610,250536.6667
e_e005207,e005207,2023-07-14,2023-07-15,1;11;2;22;9,여,60,6,5,0,7,5,1,1,0,0,2900,10000,2,12900,6450
e_e005217,e005217,2023-07-21,2023-07-24,21;23;24;28;4,남,20,4,16,0,25,16,1,1,208500,618310,12820,274400,4,1114030,278507.5
e_e005219,e005219,2023-07-15,2023-07-16,1;10;5,여,30,5,4,0,3,4,3,2,0,0,0,111000,2,111000,55500
e_e005220,e005220,2023-07-29,2023-07-31,21;22;24;26;8,남,60,6,8,0,9,8,6,4,0,380000,51250,168600,3,599850,199950
e_e005221,e005221,2023-07-30,2023-08-01,5;6;9;22;23;26,남,20,4,16,0,20,16,1,3,0,65000,40400,110760,3,216160,72053.33333
e_e005223,e005223,2023-07-15,2023-07-16,2;22;24,남,30,4,4,0,2,4,2,2,29000,0,0,31000,2,60000,30000
e_e005234,e005234,2023-07-27,2023-07-29,1;21;4;5;6,남,20,2,16,0,16,16,1,1,0,98000,115000,214300,3,427300,142433.3333
e_e005235,e005235,2023-08-04,2023-08-07,6;9,여,30,2,24,0,41,24,1,14,0,182250,15000,642900,4,840150,210037.5
e_e005238,e005238,2023-07-25,2023-07-26,2;3;22;24;26;27,여,20,2,6,0,5,6,1,10,0,0,67830,89600,2,157430,78715
e_e005239,e005239,2023-07-16,2023-07-18,5;22,남,50,7,6,0,9,6,6,6,179660,369300,48200,231800,3,828960,276320
e_e005240,e005240,2023-07-14,2023-07-15,10;21;24;1,여,30,2,9,0,10,9,0,1,19000,0,4100,47300,2,70400,35200
e_e005242,e005242,2023-08-01,2023-08-03,1;22;3;5;6,남,20,2,17,0,25,17,1,4,0,45000,44400,215760,3,305160,101720
e_e005245,e005245,2023-07-19,2023-07-22,1;4;5;6;7,남,20,2,21,0,25,21,1,5,0,59800,164850,328400,4,553050,138262.5
e_e005247,e005247,2023-07-28,2023-07-30,1;21;4;6;7,여,20,4,18,0,23,18,1,1,0,353380,6000,242300,3,601680,200560
e_e005257,e005257,2023-07-14,2023-07-16,1;22;23;4,남,20,1,13,0,13,13,1,1,0,128500,51900,59300,3,239700,79900
e_e005258,e005258,2023-07-28,2023-07-31,1;21;22;26;7,여,20,5,17,0,19,17,1,4,0,179463,1750,162640,4,343853,85963.25
e_e005263,e005263,2023-07-19,2023-07-24,22;26;6;1,여,30,5,27,0,25,27,1,3,0,416258,144600,552400,6,1113258,185543
e_e005264,e005264,2023-07-16,2023-07-17,1;22;4;6,남,30,7,7,0,7,7,0,2,0,0,16200,36300,2,52500,26250
e_e005271,e005271,2023-07-30,2023-08-01,22;5;8,여,30,3,6,0,7,6,3,6,59610,56000,27200,45000,3,187810,62603.33333
e_e005278,e005278,2023-07-22,2023-07-24,22;3;7,여,20,3,11,0,12,11,0,1,0,80750,68350,631100,3,780200,260066.6667
e_e005290,e005290,2023-07-15,2023-07-16,1;2;4;5;6,남,30,4,4,0,8,4,3,5,35000,0,23000,248000,2,306000,153000
e_e005294,e005294,2023-07-25,2023-07-27,2;5,남,40,4,7,0,5,7,3,6,90725,130000,214670,385050,3,820445,273481.6667
e_e005311,e005311,2023-07-22,2023-07-23,11;26;6,여,30,2,5,0,3,5,2,3,0,0,10000,48300,2,58300,29150
e_e005314,e005314,2023-08-05,2023-08-07,1;22;4;6,남,20,2,17,0,23,17,1,8,15000,63000,70000,172700,3,320700,106900
e_e005317,e005317,2023-08-04,2023-08-06,2;5;8,여,20,2,8,0,13,8,1,9,270000,270000,10000,84000,3,634000,211333.3333
e_e005318,e005318,2023-07-19,2023-07-20,21;22;24;26;3,남,50,4,13,0,11,13,0,6,0,0,5000,0,2,5000,2500
e_e005321,e005321,2023-07-30,2023-08-01,1;12;24;3;6,여,60,4,13,0,16,13,1,17,0,0,31100,119900,3,151000,50333.33333
e_e005327,e005327,2023-07-19,2023-07-20,22,여,20,4,6,0,6,6,0,1,0,0,8800,14400,2,23200,11600
e_e005331,e005331,2023-07-20,2023-07-23,1;2;21;4;6,여,30,2,25,0,34,25,0,8,0,59200,11500,48530,4,119230,29807.5
e_e005334,e005334,2023-08-04,2023-08-07,2;22;3;4;6,남,20,2,15,0,16,15,2,11,0,150000,93000,414000,4,657000,164250
e_e005335,e005335,2023-07-26,2023-07-27,22;26;28;8,남,20,5,4,0,4,4,1,2,43000,58999,37800,25600,2,165399,82699.5
e_e005340,e005340,2023-07-29,2023-07-31,1;2;22;23;26,남,20,1,9,0,11,9,1,6,0,216040,54800,130500,3,401340,133780
e_e005341,e005341,2023-07-20,2023-07-22,1;2;22;23;26,남,20,3,5,0,7,5,1,1,0,0,7000,94300,3,101300,33766.66667
e_e005344,e005344,2023-07-22,2023-07-23,1;6,남,30,5,8,0,8,8,0,1,132000,0,34700,80300,2,247000,123500
e_e005345,e005345,2023-07-29,2023-08-01,2;6;10;22,여,20,2,31,0,40,31,0,14,0,71000,187600,442600,4,701200,175300
e_e005351,e005351,2023-07-22,2023-07-24,21;22;24;26;5,여,20,6,10,0,13,10,4,1,0,455000,100240,370330,3,925570,308523.3333
e_e005368,e005368,2023-07-31,2023-08-02,10;22;23;26,여,20,4,14,0,20,14,1,22,0,260000,77500,290900,3,628400,209466.6667
e_e005370,e005370,2023-07-22,2023-07-23,22;26;6,여,40,4,11,0,12,11,1,1,0,0,48800,319800,2,368600,184300
e_e005391,e005391,2023-07-19,2023-07-20,1;12;2;22;24,여,60,1,11,0,16,11,1,5,0,0,6800,137600,2,144400,72200
e_e005395,e005395,2023-07-29,2023-07-30,1,여,50,4,12,0,14,12,0,2,0,0,5800,68200,2,74000,37000
e_e005407,e005407,2023-07-28,2023-07-31,2;21;22;23;24,남,30,1,20,0,33,20,3,3,0,462000,49200,618300,4,1129500,282375
e_e005408,e005408,2023-07-19,2023-07-21,12;22;24;4,여,20,1,15,0,14,15,2,1,0,77400,98900,168000,3,344300,114766.6667
e_e005418,e005418,2023-07-21,2023-07-24,1;2;22;26;6,여,20,3,16,0,19,16,0,2,190000,0,117300,261600,4,568900,142225
e_e005421,e005421,2023-07-21,2023-07-23,1;22;23;6,남,30,5,13,0,12,13,1,6,0,297351,13900,490400,3,801651,267217
e_e005423,e005423,2023-07-29,2023-07-30,1;22;4,여,30,2,7,0,8,7,0,16,0,0,2900,19300,2,22200,11100
e_e005438,e005438,2023-08-02,2023-08-04,2;23;5,남,30,6,6,0,13,6,1,9,0,69240,60220,259900,3,389360,129786.6667
e_e005440,e005440,2023-07-26,2023-07-28,11;21;22;24;4,여,30,4,8,0,15,8,1,33,0,70000,17000,141100,3,228100,76033.33333
e_e005442,e005442,2023-07-22,2023-07-24,22;27,여,50,7,7,0,8,7,2,2,261620,40000,50000,82180,3,433800,144600
e_e005443,e005443,2023-07-23,2023-07-25,12;24;27;28;3,남,40,6,10,0,8,10,4,27,0,134000,38400,75000,3,247400,82466.66667
e_e005446,e005446,2023-07-22,2023-07-23,1;3;4,남,30,5,5,0,4,5,0,4,0,0,46890,14000,2,60890,30445
e_e005447,e005447,2023-08-04,2023-08-07,1;2;22;26,여,20,4,38,0,36,38,0,17,0,0,25200,86400,4,111600,27900
e_e005448,e005448,2023-08-02,2023-08-06,1;22;4;6;9,여,20,2,27,0,41,27,1,8,0,98820,134200,353000,5,586020,117204
e_e005472,e005472,2023-07-24,2023-07-25,1;21;4;6,남,20,1,9,0,9,9,1,2,0,0,106710,310700,2,417410,208705
e_e005476,e005476,2023-08-02,2023-08-05,1;2;4;5;6,여,20,4,28,0,34,28,1,21,0,570223,148500,284500,4,1003223,250805.75
e_e005483,e005483,2023-07-22,2023-07-23,22;24;26;28;6,여,30,3,14,0,12,14,1,3,0,0,9736,70800,2,80536,40268
e_e005484,e005484,2023-07-22,2023-07-23,1;22;24,남,30,5,7,0,10,7,1,1,0,0,18683,60900,2,79583,39791.5
e_e005485,e005485,2023-07-21,2023-07-23,22;6;7,남,20,4,12,0,11,12,0,6,0,120000,117000,340100,3,577100,192366.6667
e_e005488,e005488,2023-07-22,2023-07-24,21;22;24;26;27,여,20,4,13,0,13,13,0,3,0,234000,10000,77200,3,321200,107066.6667
e_e005495,e005495,2023-07-22,2023-07-23,1;26;6,여,30,4,6,0,8,6,0,4,0,0,3100,55000,2,58100,29050
e_e005497,e005497,2023-07-22,2023-07-23,10;22,여,30,4,11,0,7,11,2,8,8700,0,13649,129800,2,152149,76074.5
e_e005504,e005504,2023-07-29,2023-07-31,1;27;24;21;12;4;6,여,20,5,15,0,17,15,0,10,0,0,27300,92200,3,119500,39833.33333
e_e005506,e005506,2023-08-04,2023-08-07,1;2;3;4;6,남,20,4,28,0,30,28,1,18,102800,190400,160750,128500,4,582450,145612.5
e_e005510,e005510,2023-07-23,2023-07-24,1;11;24;26;6,남,40,7,6,0,6,6,3,1,21000,0,50000,165480,2,236480,118240
e_e005517,e005517,2023-07-25,2023-07-26,1;6,남,20,4,18,0,16,18,1,1,0,0,11600,20600,2,32200,16100
e_e005518,e005518,2023-07-22,2023-07-23,6,여,30,3,8,0,7,8,1,7,0,0,52250,31500,2,83750,41875
e_e005527,e005527,2023-07-23,2023-07-24,22;3;4;6,남,30,5,6,0,5,6,1,4,36000,0,27500,94700,2,158200,79100
e_e005528,e005528,2023-07-22,2023-07-24,1;2;21;4;6,남,30,4,13,0,15,13,1,5,0,77000,55400,217220,3,349620,116540
e_e005532,e005532,2023-07-31,2023-08-02,2;22;5;6;9,남,50,1,25,0,33,25,3,18,0,88669,27766,671700,3,788135,262711.6667
e_e005551,e005551,2023-07-29,2023-07-30,2;24;23;22;10;21,여,20,4,5,0,5,5,1,1,84200,0,4000,130000,2,218200,109100
e_e005553,e005553,2023-07-28,2023-07-29,11;6,남,40,5,6,0,8,6,1,5,42500,0,24500,91700,2,158700,79350
e_e005555,e005555,2023-07-26,2023-07-27,12;22;24;27;6,여,20,2,6,0,6,6,0,2,0,0,6100,33000,2,39100,19550
e_e005562,e005562,2023-07-31,2023-08-02,8,여,40,4,8,0,10,8,3,15,0,255058,50000,151200,3,456258,152086
e_e005570,e005570,2023-07-29,2023-07-30,4;3;22,여,60,4,11,0,13,11,1,10,0,0,38200,99800,2,138000,69000
e_e005573,e005573,2023-07-26,2023-07-27,2,여,40,1,4,0,5,4,2,2,0,0,61000,55550,2,116550,58275
e_e005575,e005575,2023-08-04,2023-08-05,22;24;26;3;6,여,30,1,8,0,11,8,1,7,15000,0,7400,43500,2,65900,32950
e_e005577,e005577,2023-07-28,2023-07-30,2;5;7;22;8,여,20,4,7,0,11,7,1,2,0,275000,60000,147200,3,482200,160733.3333
e_e005579,e005579,2023-07-31,2023-08-02,1;7;21;23;22;24;26;4,남,20,3,9,0,21,9,1,12,0,45000,21300,154500,3,220800,73600
e_e005585,e005585,2023-07-25,2023-07-26,1,여,30,5,6,0,5,6,0,6,0,0,2700,135700,2,138400,69200
e_e005590,e005590,2023-07-29,2023-07-31,1;22;26;4,여,20,4,15,0,11,15,1,3,0,0,104150,342400,3,446550,148850
e_e005591,e005591,2023-08-03,2023-08-06,22;24;25;28;5,남,20,6,12,0,17,12,5,8,0,430000,0,332980,4,762980,190745
e_e005598,e005598,2023-07-29,2023-07-30,11;4;6;7;9,여,20,7,8,0,8,8,0,5,0,0,3100,36500,2,39600,19800
e_e005599,e005599,2023-07-27,2023-07-28,2;22;3,여,20,1,13,0,12,13,1,32,104000,0,240130,78800,2,422930,211465
e_e005602,e005602,2023-07-29,2023-07-30,22,여,20,4,7,0,6,7,1,12,0,0,3000,78500,2,81500,40750
e_e005605,e005605,2023-07-25,2023-07-26,1;4;5;6;9,여,40,1,8,0,11,8,1,3,0,0,7900,34300,2,42200,21100
e_e005617,e005617,2023-08-05,2023-08-07,1;2;22;4,남,30,5,13,0,10,13,1,9,0,0,15600,165900,3,181500,60500
e_e005619,e005619,2023-08-01,2023-08-04,10;21;22;23;24,남,20,2,17,0,19,17,0,17,0,163000,10600,167100,4,340700,85175
e_e005627,e005627,2023-07-28,2023-07-29,10;22,여,40,1,5,0,5,5,2,1,68400,0,32000,130100,2,230500,115250
e_e005642,e005642,2023-07-27,2023-07-29,1;2;22;23;24,여,20,2,7,0,15,7,1,7,0,0,30000,131900,3,161900,53966.66667
e_e005645,e005645,2023-08-02,2023-08-05,21;22;23;26,여,20,1,16,0,22,16,2,8,0,277612,70000,159500,4,507112,126778
e_e005662,e005662,2023-08-05,2023-08-07,1;21;22;6;7,남,20,2,13,0,18,13,1,8,40000,70000,48100,243580,3,401680,133893.3333
e_e005664,e005664,2023-07-31,2023-08-03,12;3;6,여,20,5,24,0,22,24,0,17,0,40000,5850,54800,4,100650,25162.5
e_e005665,e005665,2023-07-27,2023-07-28,12;3;6,여,50,4,8,0,9,8,0,8,0,0,7000,6000,2,13000,6500
e_e005676,e005676,2023-07-29,2023-07-30,2;4,여,30,2,6,0,6,6,2,4,0,0,6400,121100,2,127500,63750
e_e005679,e005679,2023-07-29,2023-07-31,6;21;22;23;24;26,남,30,5,18,0,23,18,1,18,1100,167018,59400,460400,3,687918,229306
e_e005682,e005682,2023-07-29,2023-07-30,1;22;6,여,20,1,5,0,6,5,2,1,0,0,0,1256000,2,1256000,628000
e_e005706,e005706,2023-08-03,2023-08-04,12;2;22,여,20,4,11,0,9,11,1,8,0,0,14000,47500,2,61500,30750
e_e005711,e005711,2023-07-30,2023-07-31,22,여,60,1,5,0,5,5,1,8,0,0,30160,34000,2,64160,32080
e_e005713,e005713,2023-07-31,2023-08-01,1;2;22,여,30,3,8,0,7,8,0,6,0,0,60900,27000,2,87900,43950
e_e005716,e005716,2023-07-31,2023-08-01,1;2;22,여,30,3,7,0,11,7,2,15,0,0,9200,282400,2,291600,145800
e_e005718,e005718,2023-07-28,2023-07-31,22;24;4;6,남,30,5,20,0,19,20,1,13,0,160414,176400,310900,4,647714,161928.5
e_e005745,e005745,2023-07-29,2023-07-30,4;6;9,남,30,5,6,0,5,6,1,2,8000,0,61000,85600,2,154600,77300
e_e005752,e005752,2023-07-29,2023-07-30,1;2;4;6;7,남,30,1,6,0,4,6,1,8,0,0,5600,54600,2,60200,30100
e_e005759,e005759,2023-08-02,2023-08-05,22;24;27;6;9,남,20,2,22,0,32,22,1,18,24200,176634,59000,387200,4,647034,161758.5
e_e005763,e005763,2023-08-05,2023-08-07,1;12;2;22;4,남,30,2,7,0,13,7,2,7,0,0,0,112500,3,112500,37500
e_e005765,e005765,2023-07-27,2023-07-28,4;1,남,40,5,6,0,5,6,1,2,27000,0,5400,78400,2,110800,55400
e_e005775,e005775,2023-08-02,2023-08-03,1;10;21;22,여,50,3,11,0,17,11,0,8,3200,0,3700,23000,2,29900,14950
e_e005781,e005781,2023-08-04,2023-08-07,21;25;5,여,20,3,15,0,21,15,4,15,178090,339812,12400,349520,4,879822,219955.5
e_e005790,e005790,2023-07-30,2023-08-01,8,남,30,6,11,0,9,11,2,11,0,140000,40000,102930,3,282930,94310
e_e005793,e005793,2023-07-28,2023-07-30,1;23;4,여,40,5,9,0,10,9,1,2,0,233429,5700,192400,3,431529,143843
e_e005803,e005803,2023-07-29,2023-07-30,1,남,20,4,6,0,7,6,0,4,0,0,4700,102300,2,107000,53500
e_e005804,e005804,2023-08-01,2023-08-02,1;11;3;4;6,여,30,4,5,0,7,5,0,4,17100,0,22000,13500,2,52600,26300
e_e005807,e005807,2023-08-19,2023-08-20,4;6,여,30,3,13,0,15,13,0,6,0,0,105650,206700,2,312350,156175
e_e005810,e005810,2023-07-29,2023-07-30,22;26;5,여,20,2,5,0,8,5,1,16,23250,0,52730,13600,2,89580,44790
e_e005813,e005813,2023-08-02,2023-08-05,1;4;23;6;22,여,20,4,23,0,24,23,0,11,4000,181748,68700,164930,4,419378,104844.5
e_e005822,e005822,2023-07-29,2023-07-30,1;22;27;6,남,40,2,6,0,7,6,2,17,0,0,0,73000,2,73000,36500
e_e005826,e005826,2023-07-30,2023-07-31,22;24;26,여,60,6,5,0,4,5,3,5,20000,0,22000,71600,2,113600,56800
e_e005831,e005831,2023-07-29,2023-07-30,1;22;26;4,남,20,4,8,0,8,8,1,5,0,0,4800,122800,2,127600,63800
e_e005833,e005833,2023-08-04,2023-08-06,23;6;9,남,20,4,7,0,8,7,1,16,0,79000,28400,143900,3,251300,83766.66667
e_e005840,e005840,2023-07-30,2023-07-31,4;22;5;24;6;3;26,남,20,1,5,0,10,5,1,9,0,0,10600,9780,2,20380,10190
e_e005853,e005853,2023-07-31,2023-08-01,1;21;22;27;5,여,20,4,4,0,5,4,1,2,0,0,1700,127500,2,129200,64600
e_e005860,e005860,2023-08-19,2023-08-21,12;21;22;24;4,여,60,3,11,0,11,11,4,13,200000,300000,137000,196400,3,833400,277800
e_e005862,e005862,2023-07-29,2023-07-30,1;11;22;26;4,여,30,4,9,0,11,9,1,13,0,0,6850,184866,2,191716,95858
e_e005863,e005863,2023-08-06,2023-08-08,1;22;23;26,여,40,5,6,0,9,6,6,6,18500,585000,58000,393650,3,1055150,351716.6667
e_e005876,e005876,2023-08-16,2023-08-18,23;8;27;22,여,30,6,10,0,9,10,0,7,0,181090,51500,202230,3,434820,144940
e_e005885,e005885,2023-07-29,2023-07-30,1;24;26;27;28,여,20,4,6,0,6,6,1,9,66000,0,40000,66400,2,172400,86200
e_e005886,e005886,2023-08-05,2023-08-07,1;22;26;4;7,남,30,4,15,0,12,15,3,10,0,0,105500,317600,3,423100,141033.3333
e_e005891,e005891,2023-08-12,2023-08-14,21;22;26;4;5,남,40,10,11,0,14,11,1,9,90000,90000,62000,240500,3,482500,160833.3333
e_e005899,e005899,2023-07-29,2023-07-30,2,남,40,5,3,0,5,3,2,7,48000,0,107500,146800,2,302300,151150
e_e005910,e005910,2023-07-30,2023-07-31,1;4;6,여,30,6,4,0,3,4,1,6,20300,0,8000,57000,2,85300,42650
e_e005915,e005915,2023-07-30,2023-07-31,1;22;24;4;5,여,30,4,9,0,14,9,0,10,0,0,5500,27900,2,33400,16700
e_e005922,e005922,2023-08-21,2023-08-24,2;22;23;26,여,20,2,19,0,19,19,1,4,11370,315000,52600,263250,4,642220,160555
e_e005926,e005926,2023-09-17,2023-09-19,1;10;21,여,60,1,10,0,12,10,1,7,0,140000,73000,245250,3,458250,152750
e_e005930,e005930,2023-08-26,2023-08-28,2;22;4;6,여,20,4,15,0,17,15,0,2,0,79399,13700,302900,3,395999,131999.6667
e_e005935,e005935,2023-07-30,2023-07-31,22;24;25;26;3,여,30,5,6,0,8,6,1,7,0,0,34700,47300,2,82000,41000
e_e005940,e005940,2023-08-04,2023-08-06,10,남,50,1,5,0,5,5,3,3,0,135000,52600,92900,3,280500,93500
e_e005945,e005945,2023-08-13,2023-08-16,22;23;24;7,남,30,7,13,0,18,13,1,12,235000,443000,30000,281800,4,989800,247450
e_e005947,e005947,2023-08-05,2023-08-07,5;10;11;21;22;23;2,여,40,2,6,0,13,6,4,18,7000,0,21600,140000,3,168600,56200
e_e005961,e005961,2023-08-11,2023-08-12,1;2;22;3,여,30,5,9,0,7,9,1,6,0,0,45600,56800,2,102400,51200
e_e005965,e005965,2023-08-05,2023-08-06,1;25;4,남,30,7,5,0,4,5,1,6,0,0,24770,23650,2,48420,24210
e_e005970,e005970,2023-08-04,2023-08-05,22,여,40,4,6,0,5,6,4,5,0,0,1800,61500,2,63300,31650
e_e005973,e005973,2023-07-30,2023-07-31,2;4,남,20,2,6,0,10,6,1,6,29500,0,33900,82000,2,145400,72700
e_e005978,e005978,2023-08-01,2023-08-03,1;21;22;5;8,여,20,1,6,0,11,6,1,40,0,255000,20000,77000,3,352000,117333.3333
e_e005999,e005999,2023-07-30,2023-07-31,1;22;25;26,여,20,4,7,0,7,7,1,12,0,0,3200,70000,2,73200,36600
e_e006003,e006003,2023-08-14,2023-08-15,1;22;26;5,남,20,2,5,0,3,5,1,3,0,0,5400,78800,2,84200,42100
e_e006005,e006005,2023-08-12,2023-08-13,1;6;9,여,20,4,8,0,7,8,1,6,0,0,31500,142900,2,174400,87200
e_e006014,e006014,2023-08-14,2023-08-16,1;22;23;26;27,여,30,4,13,0,15,13,1,5,0,59500,8500,70500,3,138500,46166.66667
e_e006016,e006016,2023-08-02,2023-08-04,21;22;23;4;6,여,60,3,12,0,12,12,1,5,0,87120,51000,233200,3,371320,123773.3333
e_e006022,e006022,2023-08-02,2023-08-04,3;4;5;6;9,여,40,5,15,0,17,15,3,4,0,302800,34100,140100,3,477000,159000
e_e006025,e006025,2023-08-07,2023-08-08,1;22;26,여,20,1,6,0,6,6,1,5,0,0,10100,72500,2,82600,41300
e_e006028,e006028,2023-07-30,2023-07-31,4;22;26,여,20,4,6,0,5,6,1,6,0,0,6000,154800,2,160800,80400
e_e006029,e006029,2023-08-05,2023-08-06,22;27;28;5,여,40,4,6,0,6,6,9,4,0,0,55000,246500,2,301500,150750
e_e006030,e006030,2023-08-28,2023-08-30,23;3;6,여,30,5,10,0,11,10,1,10,0,250000,2250,157360,3,409610,136536.6667
e_e006032,e006032,2023-07-30,2023-07-31,5,남,30,5,6,0,5,6,1,5,0,0,30000,121600,2,151600,75800
e_e006033,e006033,2023-07-30,2023-07-31,1;26;4;6,남,20,2,15,0,18,15,1,7,0,0,14550,123000,2,137550,68775
e_e006041,e006041,2023-08-30,2023-09-01,22;23;24,남,20,2,12,0,17,12,1,1,0,138000,10050,152480,3,300530,100176.6667
e_e006042,e006042,2023-08-13,2023-08-15,2;22;23,남,60,6,6,0,8,6,2,5,0,250000,85000,128390,3,463390,154463.3333
e_e006050,e006050,2023-08-16,2023-08-18,21;22;27,남,40,3,9,0,11,9,4,8,0,279900,69600,418588,3,768088,256029.3333
e_e006052,e006052,2023-08-06,2023-08-07,28;4;1;22;24;26;28,남,40,5,3,0,2,3,3,6,0,0,12400,44300,2,56700,28350
e_e006057,e006057,2023-08-05,2023-08-06,1;2;3;4;5,여,60,4,7,0,6,7,1,17,2000,0,10800,142600,2,155400,77700
e_e006059,e006059,2023-08-14,2023-08-16,22;23;3;6,여,30,4,15,0,13,15,1,15,0,150000,235600,319400,3,705000,235000
e_e006069,e006069,2023-08-01,2023-08-03,12;22;26;27;8,여,20,3,7,0,9,7,3,24,93460,197000,103000,241450,3,634910,211636.6667
e_e006073,e006073,2023-08-04,2023-08-05,8,여,60,1,4,0,4,4,4,6,100000,0,15040,215200,2,330240,165120
e_e006081,e006081,2023-08-26,2023-08-28,2;22;23;26,여,20,5,11,0,12,11,1,8,0,118843,53000,275000,3,446843,148947.6667
e_e006086,e006086,2023-08-26,2023-08-28,1;22;23;4;9,여,20,4,11,0,15,11,1,12,0,125000,80000,149700,3,354700,118233.3333
e_e006090,e006090,2023-08-24,2023-08-25,1;21;22,여,30,1,5,0,3,5,1,1,0,0,4800,205200,2,210000,105000
e_e006098,e006098,2023-08-05,2023-08-06,6;27;3;21;24,여,30,5,16,0,21,16,2,16,0,0,42050,153700,2,195750,97875
e_e006100,e006100,2023-08-22,2023-08-25,1;23;24;25;26,남,30,4,13,0,19,13,1,14,0,133000,24200,179076,4,336276,84069
e_e006128,e006128,2023-08-17,2023-08-18,1;2;3;6;9,여,20,1,9,0,16,9,1,12,0,0,21300,67100,2,88400,44200
e_e006133,e006133,2023-08-27,2023-08-28,2;26;6;7,남,20,5,5,0,8,5,1,7,0,0,11700,106000,2,117700,58850
e_e006136,e006136,2023-08-09,2023-08-12,1;2;4;7;6;9;12;22;26;27,여,20,2,35,0,38,35,0,15,0,48000,77950,139640,4,265590,66397.5
e_e006145,e006145,2023-08-01,2023-08-02,2,여,40,5,6,0,6,6,1,2,3100,0,34300,159500,2,196900,98450
e_e006151,e006151,2023-08-05,2023-08-07,23,남,20,5,10,0,10,10,1,6,0,289000,29650,470200,3,788850,262950
e_e006153,e006153,2023-08-18,2023-08-20,10;23;5,남,30,5,12,0,15,12,2,6,0,0,0,410600,3,410600,136866.6667
e_e006157,e006157,2023-08-14,2023-08-16,1;2;22;23;26,여,30,5,7,0,13,7,2,8,0,241200,26800,67000,3,335000,111666.6667
e_e006177,e006177,2023-08-05,2023-08-06,2;21;22;24;26,남,60,2,3,0,3,3,1,3,0,0,20000,0,2,20000,10000
e_e006179,e006179,2023-08-07,2023-08-10,1;23;4;7,여,30,7,17,0,16,17,1,10,0,420000,20200,434600,4,874800,218700
e_e006198,e006198,2023-08-15,2023-08-16,1;21;22;23;26,여,40,3,6,0,9,6,1,6,0,0,8900,68600,2,77500,38750
e_e006203,e006203,2023-08-03,2023-08-04,1;22,여,20,3,5,0,5,5,2,8,0,0,9839,79600,2,89439,44719.5
e_e006208,e006208,2023-08-02,2023-08-03,11;22;24;26;9,남,20,3,9,0,7,9,1,3,19800,0,30800,114100,2,164700,82350
e_e006213,e006213,2023-08-26,2023-08-28,1;4;6,남,40,5,10,0,11,10,1,4,0,140000,62500,568100,3,770600,256866.6667
e_e006214,e006214,2023-08-18,2023-08-19,26;22;21;6,여,20,2,12,0,16,12,1,8,0,0,12500,80300,2,92800,46400
e_e006218,e006218,2023-08-15,2023-08-16,21;22;24;26;27,남,30,5,6,0,6,6,1,6,0,0,0,8400,2,8400,4200
e_e006221,e006221,2023-08-19,2023-08-21,2;22;23;24;5,남,30,5,10,0,11,10,3,6,0,60000,0,243000,3,303000,101000
e_e006224,e006224,2023-08-17,2023-08-18,8,여,20,2,7,0,9,7,1,5,0,200000,24000,49733,2,273733,136866.5
e_e006225,e006225,2023-08-25,2023-08-26,21;22;23;6;7,여,20,2,6,0,7,6,1,2,0,35000,7000,20900,2,62900,31450
e_e006226,e006226,2023-08-27,2023-08-28,1;11;5;6,여,40,3,5,0,7,5,4,9,0,0,14600,76100,2,90700,45350
e_e006251,e006251,2023-08-18,2023-08-19,1;24;26,여,20,4,7,0,7,7,1,6,0,0,98400,223980,2,322380,161190
e_e006255,e006255,2023-08-07,2023-08-08,6;22;1,남,40,6,4,0,8,4,2,10,0,0,50000,59800,2,109800,54900
e_e006261,e006261,2023-08-03,2023-08-04,22;26,남,20,5,5,0,3,5,1,6,0,0,50600,92000,2,142600,71300
e_e006272,e006272,2023-08-05,2023-08-06,22;6,여,30,4,6,0,4,6,1,2,0,0,3000,81300,2,84300,42150
e_e006291,e006291,2023-08-19,2023-08-20,21,여,60,12,5,0,5,5,2,15,10000,0,15000,79000,2,104000,52000
e_e006314,e006314,2023-08-18,2023-08-19,1;2;22;5;7,여,20,2,9,0,11,9,1,4,21000,0,8000,84000,2,113000,56500
e_e006315,e006315,2023-08-04,2023-08-05,1;22;26;3,여,40,1,8,0,10,8,3,10,0,0,15000,126420,2,141420,70710
e_e006321,e006321,2023-08-05,2023-08-06,22;26;4;6,남,20,4,8,0,9,8,1,5,0,0,9900,149200,2,159100,79550
e_e006324,e006324,2023-08-12,2023-08-13,22;26;6,여,20,5,6,0,5,6,1,8,0,0,4300,61500,2,65800,32900
e_e006333,e006333,2023-08-03,2023-08-04,22,남,60,3,6,0,8,6,6,8,0,0,0,254000,2,254000,127000
e_e006341,e006341,2023-08-12,2023-08-13,6,여,20,1,5,0,3,5,0,3,0,0,3700,18500,2,22200,11100
e_e006348,e006348,2023-08-17,2023-08-18,21;22;5,여,40,4,8,0,7,8,2,8,0,0,32400,71100,2,103500,51750
e_e006351,e006351,2023-08-13,2023-08-14,1;21;22;27,남,60,7,3,0,2,3,9,2,0,0,0,226000,2,226000,113000
e_e006352,e006352,2023-08-06,2023-08-07,1;2,여,40,4,6,0,5,6,1,11,0,0,10820,110010,2,120830,60415
e_e006355,e006355,2023-08-14,2023-08-15,1;22,여,20,2,15,0,26,15,2,18,0,0,4800,122300,2,127100,63550
e_e006359,e006359,2023-08-03,2023-08-04,21;27;28,여,40,3,9,0,7,9,2,6,10000,0,26150,18000,2,54150,27075
e_e006371,e006371,2023-08-05,2023-08-06,22;26,여,20,3,9,0,8,9,1,1,40000,0,59700,144800,2,244500,122250
e_e006406,e006406,2023-08-12,2023-08-13,21;22;23;26;4,남,30,5,6,0,6,6,1,8,0,0,7000,204600,2,211600,105800
e_e006407,e006407,2023-08-27,2023-08-28,1;22;26;6,남,20,3,11,0,9,11,1,4,90000,0,60000,209400,2,359400,179700
e_e006414,e006414,2023-08-06,2023-08-07,1;21;22;24,남,40,6,6,0,4,6,2,4,0,0,0,554400,2,554400,277200
e_e006416,e006416,2023-08-17,2023-08-18,1;22;4;6,여,20,4,6,0,5,6,0,11,0,0,4500,59000,2,63500,31750
e_e006422,e006422,2023-08-12,2023-08-13,1;22;26;4,여,30,4,9,0,12,9,1,7,0,0,21000,31200,2,52200,26100
e_e006423,e006423,2023-08-17,2023-08-18,1;3;4;6,남,30,6,8,0,7,8,0,15,0,0,8000,7500,2,15500,7750
e_e006424,e006424,2023-08-05,2023-08-06,1;22;26;4;9,여,20,1,8,0,7,8,1,1,0,0,114200,246700,2,360900,180450
e_e006432,e006432,2023-08-05,2023-08-06,2,여,50,1,5,0,9,5,2,6,0,0,30000,240490,2,270490,135245
e_e006439,e006439,2023-08-13,2023-08-14,24;27,여,30,9,7,0,4,7,5,6,0,0,37200,344900,2,382100,191050
e_e006446,e006446,2023-08-14,2023-08-15,1;22;2;10;7;24,여,20,4,4,0,2,4,1,5,0,0,13200,61000,2,74200,37100
e_e006447,e006447,2023-08-06,2023-08-07,10;2;22;4;5,남,20,2,5,0,4,5,1,3,68990,0,38000,42900,2,149890,74945
e_e006448,e006448,2023-08-12,2023-08-13,22;5;8,남,60,6,4,0,4,4,10,8,60000,0,42000,45400,2,147400,73700
e_e006452,e006452,2023-08-15,2023-08-16,2;3;22;26,여,20,3,9,0,12,9,1,24,0,0,47000,159500,2,206500,103250
e_e006458,e006458,2023-08-12,2023-08-13,22;26,여,30,6,6,0,4,6,1,7,0,0,15850,80300,2,96150,48075
e_e006460,e006460,2023-08-19,2023-08-20,21;22;24;26,여,40,10,7,0,7,7,1,4,0,0,5000,81600,2,86600,43300
e_e006463,e006463,2023-08-19,2023-08-20,4;6,여,30,6,8,0,6,8,1,2,0,0,11600,104500,2,116100,58050
e_e006474,e006474,2023-08-06,2023-08-07,2;21;9,여,60,1,6,0,8,6,2,16,0,0,40000,181500,2,221500,110750
e_e006483,e006483,2023-08-07,2023-08-08,1;2;22;4,여,20,4,5,0,3,5,0,9,0,0,10000,13950,2,23950,11975
e_e006486,e006486,2023-08-20,2023-08-21,1;21;22;23,남,60,1,6,0,6,6,2,1,40700,0,48800,316400,2,405900,202950
e_e006489,e006489,2023-08-09,2023-08-10,12;2;21;22;6,남,40,6,22,0,23,22,0,15,56600,0,20350,42900,2,119850,59925
e_e006491,e006491,2023-08-14,2023-08-15,2;22;26;3,남,60,5,8,0,6,8,2,12,0,0,0,89900,2,89900,44950
e_e006492,e006492,2023-08-07,2023-08-08,27;28;3,여,60,3,7,0,5,7,1,10,0,0,20000,37600,2,57600,28800
e_e006495,e006495,2023-08-06,2023-08-07,1;21;22;24;3,여,20,3,7,0,10,7,0,11,0,0,5600,26100,2,31700,15850
e_e006497,e006497,2023-08-14,2023-08-16,1;2;23,남,40,8,12,0,13,12,2,7,0,177400,18450,271200,3,467050,155683.3333
e_e006505,e006505,2023-08-23,2023-08-24,22,여,20,1,6,0,10,6,1,2,0,0,10000,97700,2,107700,53850
e_e006506,e006506,2023-08-16,2023-08-17,1;11;2;21;22,남,30,4,6,0,9,6,2,4,0,0,0,35300,2,35300,17650
e_e006507,e006507,2023-08-17,2023-08-18,22;24;28;6,남,20,4,5,0,5,5,1,9,0,0,55000,82500,2,137500,68750
e_e006510,e006510,2023-08-13,2023-08-14,22;26;4;6,남,20,1,8,0,10,8,1,4,0,0,7000,62800,2,69800,34900
e_e006513,e006513,2023-08-17,2023-08-18,22;26;5;8,여,20,1,11,0,12,11,1,10,87000,0,0,62800,2,149800,74900
e_e006517,e006517,2023-08-19,2023-08-20,1;3;4;6,남,60,3,12,0,21,12,1,9,0,0,7000,54700,2,61700,30850
e_e006528,e006528,2023-08-29,2023-08-30,1;27;26;24;22;21;6,여,20,1,9,0,8,9,0,2,88000,0,3600,28300,2,119900,59950
e_e006529,e006529,2023-08-15,2023-08-16,2;22,여,40,6,7,0,7,7,3,14,31000,0,2600,38700,2,72300,36150
e_e006531,e006531,2023-08-20,2023-08-21,10,여,30,4,5,0,6,5,1,1,0,0,8450,46000,2,54450,27225
e_e006534,e006534,2023-08-19,2023-08-20,1;21;3;4;5,남,30,7,7,0,5,7,1,14,0,0,55100,64600,2,119700,59850
e_e006537,e006537,2023-08-13,2023-08-14,22;4;6;9,여,30,2,7,0,7,7,1,2,0,0,13000,71000,2,84000,42000
e_e006544,e006544,2023-08-17,2023-08-18,6;9;11;22;2;4;1;1;9,여,20,1,9,0,17,9,1,8,0,0,16300,92200,2,108500,54250
e_e006546,e006546,2023-08-11,2023-08-12,6;9,남,60,3,4,0,4,4,2,2,15000,0,40000,82000,2,137000,68500
e_e006550,e006550,2023-08-08,2023-08-09,2;21;22,여,60,2,6,0,7,6,3,7,0,0,33000,140100,2,173100,86550
e_e006552,e006552,2023-08-13,2023-08-14,1;22;27,여,20,3,4,0,5,4,1,1,0,0,800,84800,2,85600,42800
e_e006554,e006554,2023-08-12,2023-08-14,1;4;5,남,50,7,13,0,10,13,3,11,0,0,77000,442400,3,519400,173133.3333
e_e006555,e006555,2023-08-11,2023-08-12,1;12;6;7;9,남,30,4,11,0,9,11,0,8,0,0,44500,25800,2,70300,35150
e_e006557,e006557,2023-08-09,2023-08-10,2;21;22;26;5,여,30,1,4,0,9,4,2,6,22220,0,4000,104900,2,131120,65560
e_e006572,e006572,2023-09-10,2023-09-11,1;2;22;24;5,여,20,3,7,0,10,7,1,11,148000,0,31500,147600,2,327100,163550
e_e006575,e006575,2023-08-21,2023-08-22,1;12;22;3,여,20,2,12,0,11,12,1,9,0,0,5000,92500,2,97500,48750
e_e006577,e006577,2023-08-20,2023-08-21,4;3;6;24,여,40,1,8,0,10,8,0,12,0,0,3850,36500,2,40350,20175
e_e006585,e006585,2023-08-19,2023-08-20,1;22;3;4;5,여,20,5,9,0,11,9,1,10,0,0,11800,79500,2,91300,45650
e_e006587,e006587,2023-08-20,2023-08-21,10;2;22;24;26,남,30,4,5,0,5,5,1,2,0,0,25500,185660,2,211160,105580
e_e006588,e006588,2023-08-11,2023-08-12,1;2;22;24;4,남,60,1,5,0,5,5,1,3,0,0,7000,75800,2,82800,41400
e_e006591,e006591,2023-08-10,2023-08-11,11;26;6,남,30,1,5,0,4,5,1,6,0,0,4800,90600,2,95400,47700
e_e006592,e006592,2023-08-19,2023-08-20,2,남,30,4,7,0,7,7,0,5,0,0,10000,69300,2,79300,39650
e_e006593,e006593,2023-08-12,2023-08-13,1;2;4;6,여,20,4,5,0,5,5,1,5,0,0,5000,50200,2,55200,27600
e_e006600,e006600,2023-08-18,2023-08-19,13;2;21;22;24,여,50,1,10,0,11,10,0,8,0,0,65600,146000,2,211600,105800
e_e006602,e006602,2023-08-21,2023-08-22,1;11;2;6,여,40,4,7,0,5,7,1,1,30000,0,38600,102000,2,170600,85300
e_e006783,e006783,2023-08-19,2023-08-20,1;4;6,여,30,3,13,0,12,13,0,2,0,0,19100,74700,2,93800,46900
e_e006785,e006785,2023-08-17,2023-08-18,2;4,여,40,5,4,0,4,4,2,2,0,0,25000,143900,2,168900,84450
e_e006786,e006786,2023-08-19,2023-08-20,2;6,남,30,4,5,0,3,5,1,6,0,0,3350,65780,2,69130,34565
e_e006788,e006788,2023-08-13,2023-08-14,2;22;26;3,여,30,4,14,0,12,14,3,4,40000,0,6000,84300,2,130300,65150
e_e006789,e006789,2023-08-13,2023-08-14,1;6,여,30,4,11,0,10,11,0,3,0,0,55000,247900,2,302900,151450
e_e006791,e006791,2023-08-15,2023-08-16,10;2;21;22;26,남,20,4,7,0,4,7,1,1,0,0,5000,72640,2,77640,38820
e_e006793,e006793,2023-08-26,2023-08-27,2;26;4;6,여,50,5,10,0,8,10,0,10,0,0,9100,60000,2,69100,34550
e_e006794,e006794,2023-08-09,2023-08-10,1;21;22;28,남,40,3,5,0,6,5,0,4,0,0,10000,0,2,10000,5000
e_e006795,e006795,2023-08-15,2023-08-16,6;11;21;22;24;27;1,남,30,6,4,0,5,4,3,1,0,0,11900,58228,2,70128,35064
e_e006796,e006796,2023-08-24,2023-08-25,1;22,남,40,11,4,0,3,4,0,1,0,0,20000,2500,2,22500,11250
e_e006800,e006800,2023-08-13,2023-08-14,2;22;26;5,여,30,5,7,0,6,7,1,2,0,0,0,48800,2,48800,24400
e_e006801,e006801,2023-08-13,2023-08-14,2;4,남,30,4,4,0,5,4,3,4,0,0,6000,62000,2,68000,34000
e_e006802,e006802,2023-08-19,2023-08-20,2;3,남,30,7,8,0,5,8,1,9,0,0,0,66000,2,66000,33000
e_e006804,e006804,2023-08-26,2023-08-27,1;2;3;5,여,20,4,11,0,11,11,0,16,0,0,10400,46800,2,57200,28600
e_e006805,e006805,2023-08-15,2023-08-16,2;22;26;4;5,남,30,1,4,0,4,4,2,1,0,0,50000,33900,2,83900,41950
e_e006808,e006808,2023-08-13,2023-08-14,22;4;6,여,60,6,7,0,7,7,1,3,0,0,32600,67100,2,99700,49850
e_e006810,e006810,2023-08-14,2023-08-15,2;21;5,여,30,7,5,0,6,5,1,4,0,0,43400,121200,2,164600,82300
e_e006813,e006813,2023-08-14,2023-08-15,2;4,여,30,1,4,0,10,4,2,3,0,0,10000,160950,2,170950,85475
e_e006815,e006815,2023-08-11,2023-08-12,1;11;22;26;6,여,20,2,5,0,8,5,0,3,0,0,4600,45600,2,50200,25100
e_e006816,e006816,2023-08-11,2023-08-12,2;22,남,30,2,5,0,4,5,1,3,0,0,0,132440,2,132440,66220
e_e006818,e006818,2023-08-13,2023-08-14,22;4,여,40,2,4,0,4,4,2,7,0,0,56200,80500,2,136700,68350
e_e006820,e006820,2023-08-08,2023-08-09,1;3,여,30,3,4,0,4,4,0,7,0,0,3550,5500,2,9050,4525
e_e006823,e006823,2023-08-27,2023-08-28,10;2;22;8,여,30,4,5,0,6,5,1,5,98600,0,7000,96900,2,202500,101250
e_e006826,e006826,2023-08-26,2023-08-27,2;4,여,30,1,3,0,2,3,3,2,0,0,23940,97400,2,121340,60670
e_e006828,e006828,2023-08-09,2023-08-10,1;22;26,여,30,4,6,0,7,6,0,2,0,0,3300,218410,2,221710,110855
e_e006830,e006830,2023-08-13,2023-08-14,10;24;5;6,여,40,3,5,0,9,5,1,4,34000,0,150000,38200,2,222200,111100
e_e006831,e006831,2023-08-20,2023-08-21,11;4,여,30,1,8,0,9,8,3,7,0,0,0,296500,2,296500,148250
e_e006833,e006833,2023-08-26,2023-08-27,11;2;4;5,남,30,6,4,0,4,4,3,4,0,0,200,39000,2,39200,19600
e_e006834,e006834,2023-08-12,2023-08-13,21;22;24;26;3,여,60,1,5,0,7,5,2,4,0,0,15000,122500,2,137500,68750
e_e006837,e006837,2023-08-18,2023-08-19,22;4,여,60,4,4,0,7,4,1,3,0,0,14000,58000,2,72000,36000
e_e006840,e006840,2023-08-18,2023-08-19,2;4,여,40,3,4,0,4,4,1,2,59000,0,18400,22500,2,99900,49950
e_e006844,e006844,2023-08-11,2023-08-12,1;4,남,40,4,8,0,8,8,1,2,0,0,5000,69400,2,74400,37200
e_e006846,e006846,2023-08-16,2023-08-17,1;21;26;4,여,30,4,8,0,7,8,1,5,0,0,16000,119800,2,135800,67900
e_e006849,e006849,2023-08-14,2023-08-15,21;22;24;27;6,남,60,4,6,0,6,6,1,4,0,0,0,71000,2,71000,35500
e_e006851,e006851,2023-08-20,2023-08-21,22;26;4,남,40,5,7,0,6,7,3,2,0,0,0,118600,2,118600,59300
e_e006852,e006852,2023-08-26,2023-08-27,12;2;21;26;4,남,60,3,5,0,7,5,2,16,0,0,53600,94300,2,147900,73950
e_e006853,e006853,2023-08-22,2023-08-23,1;22,여,60,1,6,0,6,6,1,5,0,0,5000,51000,2,56000,28000
e_e006854,e006854,2023-08-24,2023-08-25,12;2;21;24;26,여,60,1,4,0,3,4,2,1,0,0,1000,104200,2,105200,52600
e_e006855,e006855,2023-08-12,2023-08-13,21;27;3;4,여,40,5,6,0,12,6,5,5,0,0,20000,306170,2,326170,163085
e_e006856,e006856,2023-08-12,2023-08-13,26;4;6,여,40,1,7,0,6,7,3,5,0,0,1600,209600,2,211200,105600
e_e006861,e006861,2023-08-13,2023-08-14,4,여,30,6,4,0,3,4,1,1,0,0,0,70500,2,70500,35250
e_e006862,e006862,2023-08-20,2023-08-21,1;6,여,20,5,7,0,5,7,0,2,123000,0,4950,28000,2,155950,77975
e_e006863,e006863,2023-08-14,2023-08-15,4;6,남,30,9,4,0,3,4,3,2,0,0,3000,52000,2,55000,27500
e_e006865,e006865,2023-08-17,2023-08-18,1;21;22;27;3,여,30,1,4,0,4,4,0,10,0,0,27700,17500,2,45200,22600
e_e006867,e006867,2023-08-12,2023-08-13,10;2;26;4,여,40,4,4,0,3,4,2,2,0,0,60000,20000,2,80000,40000
e_e006869,e006869,2023-08-14,2023-08-15,22;26;3;6,여,20,3,5,0,5,5,1,9,0,0,51650,117000,2,168650,84325
e_e006871,e006871,2023-08-27,2023-08-28,11;25;4,여,30,4,5,0,5,5,3,5,0,0,30000,50100,2,80100,40050
e_e006874,e006874,2023-08-17,2023-08-18,21;27;3;4;6,여,50,1,4,0,6,4,0,11,0,0,5100,9500,2,14600,7300
e_e006875,e006875,2023-08-12,2023-08-13,2;21;22;24;4,여,30,3,5,0,6,5,1,11,0,0,0,90900,2,90900,45450
e_e006876,e006876,2023-08-13,2023-08-14,2;21;22;26,여,20,5,7,0,6,7,1,6,0,0,53200,63200,2,116400,58200
e_e006877,e006877,2023-08-11,2023-08-12,2;21;22;24;26,남,30,5,4,0,4,4,1,3,0,0,0,70800,2,70800,35400
e_e006879,e006879,2023-08-19,2023-08-20,22;4;6,남,30,5,5,0,8,5,2,7,0,0,29000,76900,2,105900,52950
e_e006880,e006880,2023-08-14,2023-08-15,11;22;24;26;6,남,50,8,6,0,4,6,2,8,3200,0,51000,64300,2,118500,59250
e_e006882,e006882,2023-08-12,2023-08-13,1,여,30,5,11,0,11,11,0,15,0,0,4950,59440,2,64390,32195
e_e006883,e006883,2023-08-26,2023-08-27,10;12;22;24;6,남,60,5,8,0,6,8,1,10,0,0,3300,18000,2,21300,10650
e_e006884,e006884,2023-08-20,2023-08-21,25;6;8,남,30,6,4,0,4,4,1,1,0,0,13000,70000,2,83000,41500
e_e006886,e006886,2023-08-15,2023-08-16,1;22;26;4,남,20,4,9,0,9,9,1,4,0,0,36250,114100,2,150350,75175
e_e006887,e006887,2023-08-12,2023-08-13,1;22;24;6,여,20,3,10,0,11,10,0,21,0,0,20000,34300,2,54300,27150
e_e006890,e006890,2023-08-13,2023-08-14,11;3;6,남,40,10,8,0,7,8,1,16,0,0,5500,336310,2,341810,170905
e_e006892,e006892,2023-08-12,2023-08-13,2;21;24;26;27,남,20,5,7,0,5,7,1,5,0,0,2000,76000,2,78000,39000
e_e006893,e006893,2023-08-31,2023-09-01,1;4,여,30,4,7,0,7,7,0,1,0,0,22500,70330,2,92830,46415
e_e006894,e006894,2023-08-19,2023-08-20,3;4;6,여,30,6,6,0,4,6,3,5,0,0,0,177000,2,177000,88500
e_e006895,e006895,2023-08-12,2023-08-13,22;26;6,남,60,10,7,0,14,7,1,42,0,0,20000,77000,2,97000,48500
e_e006896,e006896,2023-08-26,2023-08-27,2;6,여,40,5,4,0,5,4,1,6,0,0,0,28000,2,28000,14000
e_e006897,e006897,2023-08-10,2023-08-11,2;22,여,30,6,5,0,5,5,1,2,0,0,8200,118400,2,126600,63300
e_e006899,e006899,2023-08-26,2023-08-27,2;22;6,남,20,4,6,0,6,6,1,5,0,0,23600,66000,2,89600,44800
e_e006900,e006900,2023-08-22,2023-08-23,1;22;4,여,20,7,6,0,4,6,0,1,0,0,5000,25500,2,30500,15250
e_e006901,e006901,2023-08-12,2023-08-13,4;6,남,30,5,4,0,3,4,3,1,0,0,0,22900,2,22900,11450
e_e006902,e006902,2023-08-19,2023-08-20,6;4;22;1,여,20,3,8,0,9,8,0,10,112000,0,5600,79500,2,197100,98550
e_e006905,e006905,2023-08-11,2023-08-12,2;22;4;6,여,30,5,6,0,5,6,0,7,0,0,15000,42700,2,57700,28850
e_e006906,e006906,2023-08-30,2023-08-31,1;26;4,여,20,1,20,0,22,20,0,19,0,0,3700,42500,2,46200,23100
e_e006907,e006907,2023-08-20,2023-08-21,2;21;22;26;27,남,30,4,6,0,7,6,1,21,0,0,22000,26000,2,48000,24000
e_e006908,e006908,2023-08-12,2023-08-13,22;4;6;9,남,40,10,5,0,6,5,2,9,0,0,13100,42400,2,55500,27750
e_e006909,e006909,2023-08-19,2023-08-20,3;4,여,30,7,5,0,3,5,3,14,0,0,0,25000,2,25000,12500
e_e006911,e006911,2023-08-18,2023-08-19,11;22;26;4;6,여,40,2,4,0,2,4,1,3,17500,0,12300,67500,2,97300,48650
e_e006912,e006912,2023-08-13,2023-08-14,2;22;26,여,20,4,4,0,4,4,1,2,0,0,0,80100,2,80100,40050
e_e006913,e006913,2023-08-16,2023-08-17,2,여,30,4,6,0,10,6,1,8,0,0,38100,117400,2,155500,77750
e_e006914,e006914,2023-08-12,2023-08-13,2;4;6,남,30,5,7,0,5,7,2,5,107700,0,35600,28000,2,171300,85650
e_e006915,e006915,2023-08-19,2023-08-20,22;4,여,40,5,3,0,5,3,2,4,50000,0,50000,399600,2,499600,249800
e_e006918,e006918,2023-08-20,2023-08-21,2;22;4;6,남,40,7,8,0,13,8,3,16,67600,0,40000,43000,2,150600,75300
e_e006919,e006919,2023-08-12,2023-08-13,2;4,남,40,7,6,0,4,6,2,2,0,0,0,154600,2,154600,77300
e_e006920,e006920,2023-08-19,2023-08-20,4;6,남,30,11,5,0,3,5,1,7,0,0,3100,129000,2,132100,66050
e_e006921,e006921,2023-08-15,2023-08-16,13;21;22;27;4,남,60,3,6,0,6,6,3,5,0,0,26000,135750,2,161750,80875
e_e006922,e006922,2023-08-26,2023-08-27,2;4,남,40,4,3,0,7,3,3,6,221000,0,56900,68000,2,345900,172950
e_e006924,e006924,2023-08-19,2023-08-20,2;4;6,남,40,5,4,0,4,4,0,5,0,0,0,4500,2,4500,2250
e_e006926,e006926,2023-08-11,2023-08-12,24;3;6,여,20,3,5,0,4,5,2,7,0,0,1500,34700,2,36200,18100
e_e006927,e006927,2023-08-12,2023-08-13,22;24;4,남,40,6,6,0,4,6,3,1,0,0,28800,82800,2,111600,55800
e_e006929,e006929,2023-08-13,2023-08-14,11;21;3;4;9,남,40,6,9,0,14,9,2,9,50700,0,2000,64800,2,117500,58750
e_e006930,e006930,2023-08-11,2023-08-12,2;4,여,60,3,4,0,4,4,2,7,183160,0,30200,167000,2,380360,190180
e_e006932,e006932,2023-08-26,2023-08-27,21;22;26;27;3,남,60,5,5,0,5,5,2,9,0,0,20000,71800,2,91800,45900
e_e006933,e006933,2023-08-15,2023-08-16,21;22;4;6,남,20,6,6,0,7,6,1,3,0,0,20000,92700,2,112700,56350
e_e006934,e006934,2023-08-19,2023-08-20,22;26;28;6,남,30,6,5,0,4,5,1,3,0,0,21400,34000,2,55400,27700
e_e006935,e006935,2023-08-26,2023-08-27,10;4;6,남,40,5,4,0,2,4,2,1,0,0,0,50600,2,50600,25300
e_e006936,e006936,2023-08-10,2023-08-11,11;2,여,40,1,4,0,3,4,1,1,0,0,10000,3000,2,13000,6500
e_e006937,e006937,2023-08-21,2023-08-22,21;7,남,60,4,5,0,5,5,1,3,0,0,1000,74000,2,75000,37500
e_e006939,e006939,2023-08-22,2023-08-23,2;22;26;4,여,20,5,9,0,7,9,0,2,0,0,16300,427100,2,443400,221700
e_e006941,e006941,2023-08-12,2023-08-13,2;22;4,남,40,6,5,0,5,5,2,9,0,0,19000,109000,2,128000,64000
e_e006944,e006944,2023-08-19,2023-08-20,22;26;4,여,60,3,4,0,4,4,3,2,0,0,44000,97200,2,141200,70600
e_e006946,e006946,2023-08-20,2023-08-21,6,여,60,6,11,0,9,11,1,24,0,0,13800,38990,2,52790,26395
e_e006947,e006947,2023-08-15,2023-08-16,2;22;26;6;7,여,20,4,4,0,2,4,1,3,0,0,26000,91000,2,117000,58500
e_e006949,e006949,2023-08-15,2023-08-16,4,남,40,5,7,0,5,7,2,2,0,0,29000,95200,2,124200,62100
e_e006950,e006950,2023-08-19,2023-08-20,11;27;4,여,30,6,5,0,3,5,1,3,0,0,6200,43500,2,49700,24850
e_e006951,e006951,2023-08-26,2023-08-27,24;6;9,남,60,5,11,0,14,11,1,7,0,0,12000,0,2,12000,6000
e_e006952,e006952,2023-08-19,2023-08-20,4;6,여,30,1,5,0,3,5,3,4,0,0,30000,58000,2,88000,44000
e_e006953,e006953,2023-08-12,2023-08-13,2;21;4;5;6,여,40,6,6,0,8,6,0,6,0,0,13100,30200,2,43300,21650
e_e006954,e006954,2023-08-26,2023-08-27,2;22;24;2,남,30,4,3,0,3,3,1,1,7990,0,47000,79000,2,133990,66995
e_e006955,e006955,2023-08-26,2023-08-27,11;4,남,30,5,4,0,5,4,2,3,0,0,0,198260,2,198260,99130
e_e007132,e007132,2023-08-23,2023-08-24,1;2;22,여,30,4,4,0,4,4,3,3,30420,0,0,87700,2,118120,59060
e_e007137,e007137,2023-08-13,2023-08-14,11;23;24,남,40,4,6,0,5,6,1,3,0,23000,0,37600,2,60600,30300
e_e007139,e007139,2023-08-15,2023-08-16,2;1;22,여,50,6,6,0,5,6,8,5,0,0,11680,355500,2,367180,183590
e_e007145,e007145,2023-08-10,2023-08-11,4;6;11;21;22;24;26,남,30,3,7,0,8,7,0,2,0,0,5000,37100,2,42100,21050
e_e007155,e007155,2023-08-12,2023-08-13,2;21;22;5,여,20,4,5,0,4,5,1,3,0,0,61200,120400,2,181600,90800
e_e007166,e007166,2023-08-20,2023-08-21,22;24;6,여,30,2,6,0,6,6,1,3,0,0,2391,33500,2,35891,17945.5
e_e007169,e007169,2023-08-16,2023-08-17,11;24;26;4,여,40,1,4,0,3,4,1,2,0,0,8800,32800,2,41600,20800
e_e007170,e007170,2023-08-12,2023-08-13,3;6;11;22;26;9,남,60,1,7,0,11,7,2,4,0,0,15000,140700,2,155700,77850
e_e007172,e007172,2023-08-14,2023-08-15,2;4,여,60,1,4,0,4,4,1,4,0,0,20000,94000,2,114000,57000
e_e007174,e007174,2023-08-12,2023-08-13,1;6,여,20,1,6,0,4,6,0,1,0,0,3500,23300,2,26800,13400
e_e007175,e007175,2023-08-14,2023-08-15,8;22;2,여,20,7,7,0,7,7,1,7,0,0,0,87550,2,87550,43775
e_e007192,e007192,2023-09-03,2023-09-04,22;24;26;27;6,여,30,7,7,0,4,7,0,2,0,0,3400,76300,2,79700,39850
e_e007193,e007193,2023-09-07,2023-09-08,21;12;24;26;27,여,20,2,11,0,14,11,1,4,0,0,7400,75700,2,83100,41550
e_e007196,e007196,2023-09-02,2023-09-03,22;23;6;7;9,여,30,1,11,0,15,11,0,1,0,0,100800,58860,2,159660,79830
e_e007198,e007198,2023-08-15,2023-08-16,22;3;4,여,40,5,9,0,8,9,2,6,0,0,20400,70100,2,90500,45250
e_e007200,e007200,2023-08-11,2023-08-12,2;22;3;6,남,20,2,11,0,9,11,1,12,0,0,37400,73100,2,110500,55250
e_e007202,e007202,2023-08-16,2023-08-17,1;2;6,여,30,1,5,0,6,5,2,3,0,0,0,127523,2,127523,63761.5
e_e007203,e007203,2023-08-13,2023-08-14,2;24;3;4;6,남,20,3,9,0,11,9,1,5,0,0,16000,12000,2,28000,14000
e_e007205,e007205,2023-08-19,2023-08-20,1;22,여,20,5,6,0,5,6,1,4,0,0,3000,233000,2,236000,118000
e_e007207,e007207,2023-08-25,2023-08-26,22;26;1,남,20,2,10,0,9,10,1,4,0,0,40900,167800,2,208700,104350
e_e007213,e007213,2023-09-02,2023-09-03,1;3;6;21;22;9,여,30,5,9,0,11,9,0,8,3000,0,4800,18500,2,26300,13150
e_e007214,e007214,2023-08-13,2023-08-14,22;4;5;6;9,남,30,5,8,0,9,8,0,8,0,0,30000,67000,2,97000,48500
e_e007216,e007216,2023-09-02,2023-09-03,9,여,30,4,7,0,8,7,0,1,104200,0,75000,19000,2,198200,99100
e_e007217,e007217,2023-08-15,2023-08-16,1;2;21;22;26,남,60,4,9,0,9,9,2,5,54150,0,2000,124000,2,180150,90075
e_e007218,e007218,2023-08-12,2023-08-13,6,여,20,4,7,0,8,7,1,5,20000,0,9200,89750,2,118950,59475
e_e007219,e007219,2023-08-12,2023-08-13,2;22;6,여,30,5,5,0,5,5,2,6,0,0,6830,58000,2,64830,32415
e_e007221,e007221,2023-08-15,2023-08-16,1;2;21;6;9,남,30,6,6,0,12,6,1,3,0,0,0,72120,2,72120,36060
e_e007227,e007227,2023-08-12,2023-08-13,1;6,여,20,5,8,0,7,8,1,7,0,0,5600,110800,2,116400,58200
e_e007228,e007228,2023-08-11,2023-08-12,5;21;26;1;22,여,30,6,5,0,4,5,1,10,0,0,0,188800,2,188800,94400
e_e007231,e007231,2023-08-19,2023-08-20,11;21;22;27;6,여,60,5,9,0,12,9,1,12,0,0,7000,6000,2,13000,6500
e_e007236,e007236,2023-08-13,2023-08-14,27;4;1,남,30,1,6,0,6,6,1,13,0,0,9600,42800,2,52400,26200
e_e007239,e007239,2023-08-13,2023-08-14,22;25;26;27;21,남,40,4,4,0,6,4,2,5,0,0,11800,94900,2,106700,53350
e_e007242,e007242,2023-08-29,2023-08-30,2;22;4;6,여,20,5,5,0,3,5,1,1,0,0,4300,1324000,2,1328300,664150
e_e007243,e007243,2023-08-11,2023-08-12,11;22;26;6,여,40,1,6,0,4,6,1,2,0,0,50000,75500,2,125500,62750
e_e007245,e007245,2023-08-31,2023-09-01,1;21;22;26,여,30,4,6,0,5,6,0,1,0,0,3100,35500,2,38600,19300
e_e007249,e007249,2023-08-10,2023-08-11,2;4,여,30,1,4,0,2,4,2,6,0,0,0,150830,2,150830,75415
e_e007255,e007255,2023-08-12,2023-08-13,1;10;22;4;6,남,20,4,11,0,10,11,0,9,0,0,43700,80684,2,124384,62192
e_e007269,e007269,2023-08-15,2023-08-16,22;26;5,남,50,5,4,0,2,4,3,5,25200,0,11000,344000,2,380200,190100
e_e007270,e007270,2023-08-12,2023-08-13,1;2,남,40,5,4,0,5,4,1,8,0,0,2000,31000,2,33000,16500
e_e007272,e007272,2023-08-12,2023-08-13,6,여,40,5,5,0,6,5,5,2,76000,0,55000,193700,2,324700,162350
e_e007277,e007277,2023-08-19,2023-08-20,21;22;24;5;8,남,60,3,4,0,6,4,9,2,0,0,0,118800,2,118800,59400
e_e007289,e007289,2023-08-15,2023-08-16,12;22;26,여,30,3,5,0,3,5,2,8,0,0,53900,37000,2,90900,45450
e_e007294,e007294,2023-08-26,2023-08-27,2;21;22;24;5,여,30,4,4,0,3,4,0,4,0,0,10000,0,2,10000,5000
e_e007296,e007296,2023-08-15,2023-08-16,1;22;4;6,여,20,4,7,0,5,7,1,13,36000,0,8100,44600,2,88700,44350
e_e007301,e007301,2023-08-25,2023-08-26,21;24;25,남,30,5,6,0,7,6,1,2,3000,0,65000,39500,2,107500,53750
e_e007304,e007304,2023-08-13,2023-08-14,24;26;3;4;6,남,30,4,7,0,10,7,0,6,0,0,6600,68500,2,75100,37550
e_e007306,e007306,2023-08-20,2023-08-21,2;1;4;6;22;24;26,남,20,4,5,0,5,5,1,4,37250,0,25700,40300,2,103250,51625
e_e007310,e007310,2023-08-15,2023-08-16,11;3;4;6;9,남,40,5,3,0,1,3,1,3,0,0,12000,0,2,12000,6000
e_e007311,e007311,2023-08-26,2023-08-27,1;13;21;22;3,남,30,5,7,0,6,7,0,12,0,0,5000,9300,2,14300,7150
e_e007312,e007312,2023-08-12,2023-08-13,11;4,남,30,12,5,0,5,5,2,1,0,0,9600,84100,2,93700,46850
e_e007315,e007315,2023-08-14,2023-08-15,10;21;22,남,20,7,5,0,6,5,1,7,0,0,6600,156500,2,163100,81550
e_e007316,e007316,2023-08-19,2023-08-20,1;4;22;6;26;2,여,20,3,8,0,6,8,1,1,50160,0,12000,87400,2,149560,74780
e_e007328,e007328,2023-08-14,2023-08-15,2;21;22;26,여,50,5,4,0,6,4,4,2,15000,0,18000,135500,2,168500,84250
e_e007332,e007332,2023-08-16,2023-08-17,13;21;26;6,여,20,2,7,0,10,7,0,18,0,0,4550,7100,2,11650,5825
e_e007334,e007334,2023-08-13,2023-08-14,1,남,40,5,3,0,4,3,2,3,0,0,0,189540,2,189540,94770
e_e007338,e007338,2023-08-16,2023-08-17,21;22;24;26;4,남,20,7,6,0,5,6,0,3,0,0,50500,76000,2,126500,63250
e_e007339,e007339,2023-08-14,2023-08-15,1;10;2;22,남,40,6,3,0,4,3,3,2,0,0,0,181000,2,181000,90500
e_e007341,e007341,2023-08-23,2023-08-24,1;2;22;4,여,30,5,9,0,13,9,0,3,0,0,101800,34500,2,136300,68150
e_e007342,e007342,2023-08-27,2023-08-28,12;2;5;6;8,여,20,4,8,0,7,8,1,12,0,0,60000,109000,2,169000,84500
e_e007354,e007354,2023-08-13,2023-08-14,1;4,남,20,1,4,0,5,4,0,3,0,0,0,6300,2,6300,3150
e_e007357,e007357,2023-08-13,2023-08-14,11,남,50,5,4,0,2,4,3,8,0,0,2500,117000,2,119500,59750
e_e007362,e007362,2023-08-15,2023-08-16,4,남,30,9,5,0,5,5,1,6,0,0,20000,48800,2,68800,34400
e_e007379,e007379,2023-08-30,2023-08-31,1;21;23;4;6,여,20,4,6,0,10,6,0,6,0,0,8050,18000,2,26050,13025
e_e007385,e007385,2023-08-15,2023-08-16,1;22;6,여,30,4,5,0,4,5,1,18,0,0,2500,53100,2,55600,27800
e_e007388,e007388,2023-08-16,2023-08-17,27;22;2;10;5,여,20,1,4,0,6,4,2,5,0,0,6000,103500,2,109500,54750
e_e007391,e007391,2023-08-17,2023-08-18,22;24;4;6,남,20,2,6,0,5,6,0,5,0,0,3700,29500,2,33200,16600
e_e007394,e007394,2023-08-20,2023-08-21,1;22;4;6,남,20,2,6,0,8,6,1,8,246000,0,14350,86500,2,346850,173425
e_e007399,e007399,2023-08-16,2023-08-17,7;26;28,남,40,6,9,0,7,9,1,6,0,0,12200,155500,2,167700,83850
e_e007402,e007402,2023-08-25,2023-08-26,28,여,30,3,4,0,3,4,0,11,0,0,2500,3800,2,6300,3150
e_e007403,e007403,2023-08-20,2023-08-21,1;4;6;21;22;24;26,여,20,5,5,0,4,5,3,2,0,0,2900,42800,2,45700,22850
e_e007409,e007409,2023-08-21,2023-08-22,21;22,여,40,6,8,0,9,8,1,8,91400,0,7000,33700,2,132100,66050
e_e007421,e007421,2023-08-19,2023-08-20,1;2;22;28;6,여,30,6,9,0,7,9,1,17,0,0,38950,111700,2,150650,75325
e_e007425,e007425,2023-08-20,2023-08-21,21;24,여,20,4,5,0,10,5,1,9,0,0,10000,73100,2,83100,41550
e_e007430,e007430,2023-08-19,2023-08-20,21;22;24,여,30,7,7,0,7,7,0,7,0,0,5000,106400,2,111400,55700
e_e007431,e007431,2023-08-20,2023-08-21,5,여,20,4,9,0,10,9,0,1,95900,0,106200,197600,2,399700,199850
e_e007437,e007437,2023-08-19,2023-08-20,1;6,여,20,4,6,0,11,6,0,12,0,0,8300,5500,2,13800,6900
e_e007441,e007441,2023-08-15,2023-08-16,21;22;3,남,30,5,9,0,6,9,1,3,0,0,23800,57200,2,81000,40500
e_e007450,e007450,2023-08-19,2023-08-20,1;6;22;6;21;22;26,여,20,2,10,0,8,10,0,7,0,0,6850,24400,2,31250,15625
e_e007452,e007452,2023-08-20,2023-08-21,1;22;4;6;7,여,20,7,5,0,6,5,1,7,0,0,39000,115500,2,154500,77250
e_e007453,e007453,2023-08-19,2023-08-20,6;1;22,여,20,4,9,0,6,9,2,3,0,0,15000,88200,2,103200,51600
e_e007460,e007460,2023-09-09,2023-09-10,2;22;6;7;9,남,20,4,4,0,2,4,1,2,110000,0,13900,21000,2,144900,72450
e_e007474,e007474,2023-08-15,2023-08-16,2;5;10;22,여,40,5,4,0,2,4,2,3,8000,0,6600,72500,2,87100,43550
e_e007480,e007480,2023-08-19,2023-08-20,1;2;22;28;4,남,20,4,4,0,4,4,0,6,0,0,8000,8500,2,16500,8250
e_e007482,e007482,2023-08-20,2023-08-21,1;22;4;5;7,여,20,3,8,0,7,8,1,4,0,0,8800,47440,2,56240,28120
e_e007484,e007484,2023-08-27,2023-08-28,28,여,30,4,6,0,7,6,3,9,8590,0,3600,152100,2,164290,82145
e_e007488,e007488,2023-08-28,2023-08-29,3;4;26;28;28;21,여,20,4,18,0,26,18,0,23,0,0,7800,63100,2,70900,35450
e_e007491,e007491,2023-08-15,2023-08-16,28,여,60,5,6,0,7,6,1,7,0,0,70000,32000,2,102000,51000
e_e007497,e007497,2023-08-15,2023-08-16,22;3;4;6,남,30,5,9,0,10,9,1,21,0,0,30000,110000,2,140000,70000
e_e007504,e007504,2023-08-20,2023-08-21,1;22;27;6,여,20,1,9,0,10,9,1,3,7000,0,7500,221790,2,236290,118145
e_e007509,e007509,2023-09-02,2023-09-03,2,여,30,3,3,0,3,3,3,7,0,0,22000,358800,2,380800,190400
e_e007512,e007512,2023-08-15,2023-08-16,10;2;22;5;7,남,20,3,4,0,6,4,1,7,0,0,53700,98600,2,152300,76150
e_e007515,e007515,2023-08-26,2023-08-27,6;22,남,20,3,7,0,6,7,1,3,0,0,3700,98900,2,102600,51300
e_e007518,e007518,2023-08-26,2023-08-27,22;24;6,남,20,1,8,0,8,8,1,1,0,0,51900,472400,2,524300,262150
e_e007527,e007527,2023-08-19,2023-08-20,11;3;4;6;9,남,30,5,5,0,15,5,0,18,0,0,4000,12500,2,16500,8250
e_e007533,e007533,2023-09-01,2023-09-02,1;21;22;26;27,여,60,4,5,0,5,5,2,9,0,0,87400,72500,2,159900,79950
e_e007534,e007534,2023-08-15,2023-08-16,1;22;6,여,30,5,11,0,10,11,1,13,0,0,126700,169000,2,295700,147850
e_e007538,e007538,2023-08-18,2023-08-19,1;2;22;27;6,여,20,2,11,0,11,11,0,7,18000,0,25750,3000,2,46750,23375
e_e007540,e007540,2023-08-19,2023-08-20,2;26,남,40,6,6,0,9,6,3,10,0,0,13200,109500,2,122700,61350
e_e007546,e007546,2023-08-19,2023-08-20,6;11;22,여,60,5,4,0,2,4,4,6,0,0,20000,64000,2,84000,42000
e_e007548,e007548,2023-08-16,2023-08-17,1;2;4;6;9,여,40,4,6,0,9,6,1,13,0,0,35560,109490,2,145050,72525
e_e007552,e007552,2023-08-25,2023-08-26,1;12;2,여,40,5,6,0,6,6,0,4,0,0,52000,93800,2,145800,72900
e_e007557,e007557,2023-08-27,2023-08-28,1;2;22,남,40,6,6,0,7,6,2,1,0,0,0,56700,2,56700,28350
e_e007562,e007562,2023-08-26,2023-08-27,2;22;12;1;7;23;26,여,20,4,14,0,14,14,1,19,0,0,22300,67500,2,89800,44900
e_e007567,e007567,2023-08-17,2023-08-18,23;26;27;4;6,여,50,7,5,0,9,5,0,21,0,0,48500,29800,2,78300,39150
e_e007572,e007572,2023-09-08,2023-09-09,3,여,30,4,5,0,5,5,0,7,0,0,52300,44500,2,96800,48400
e_e007573,e007573,2023-08-20,2023-08-21,1;22;4,여,30,5,4,0,4,4,1,3,0,0,12600,76200,2,88800,44400
e_e007574,e007574,2023-08-23,2023-08-24,21;9,남,60,4,7,0,10,7,1,1,0,0,40000,203000,2,243000,121500
e_e007575,e007575,2023-09-09,2023-09-10,28;5,남,30,5,6,0,8,6,1,11,0,0,120000,31520,2,151520,75760
e_e007581,e007581,2023-08-26,2023-08-27,2;21;22;27;28,여,30,4,6,0,10,6,1,24,0,0,3000,68000,2,71000,35500
e_e007583,e007583,2023-08-24,2023-08-25,1;22;26;4;7,남,20,6,10,0,10,10,1,6,0,0,9400,150000,2,159400,79700
e_e007584,e007584,2023-08-16,2023-08-17,1;27;6,여,30,4,5,0,8,5,0,9,0,0,11000,17800,2,28800,14400
e_e007585,e007585,2023-08-15,2023-08-16,22;6,여,30,5,4,0,7,4,0,3,0,0,0,91900,2,91900,45950
e_e007586,e007586,2023-08-27,2023-08-28,2;11;4,여,60,4,6,0,6,6,2,4,0,0,50300,80800,2,131100,65550
e_e007590,e007590,2023-08-26,2023-08-27,1;12;24;3,여,30,6,9,0,13,9,0,18,0,0,3500,21000,2,24500,12250
e_e007591,e007591,2023-08-19,2023-08-20,22;27;5,여,30,4,5,0,8,5,2,4,0,0,7400,276450,2,283850,141925
e_e007593,e007593,2023-08-18,2023-08-19,1;2;26,여,20,3,6,0,5,6,0,6,33800,0,37500,195100,2,266400,133200
e_e007597,e007597,2023-08-27,2023-08-28,3,여,30,2,4,0,2,4,2,3,0,0,58600,128000,2,186600,93300
e_e007598,e007598,2023-08-19,2023-08-20,6;22;4,여,20,4,7,0,9,7,1,1,0,0,36500,99800,2,136300,68150
e_e007603,e007603,2023-08-21,2023-08-22,22;26;3,남,30,2,10,0,8,10,2,12,0,0,6000,44600,2,50600,25300
e_e007606,e007606,2023-08-22,2023-08-23,1;22;3,여,40,5,6,0,4,6,2,14,0,0,20000,112700,2,132700,66350
e_e007607,e007607,2023-08-20,2023-08-21,22;6;1;26;2,여,20,4,14,0,12,14,1,2,313200,0,124400,103300,2,540900,270450
e_e007610,e007610,2023-08-26,2023-08-27,1;2;24;4,여,20,1,6,0,7,6,1,7,0,0,68400,241000,2,309400,154700
e_e007615,e007615,2023-08-26,2023-08-27,12;22;25;8,남,30,6,4,0,3,4,3,7,0,0,20000,4000,2,24000,12000
e_e007621,e007621,2023-08-19,2023-08-20,6,여,60,1,5,0,3,5,0,8,0,0,10000,30000,2,40000,20000
e_e007625,e007625,2023-08-26,2023-08-27,1;2;22;4;7,여,30,2,11,0,8,11,3,4,0,0,28100,336000,2,364100,182050
e_e007631,e007631,2023-08-18,2023-08-19,2;26,남,20,3,6,0,10,6,1,8,0,0,5500,73800,2,79300,39650
e_e007634,e007634,2023-08-26,2023-08-27,26;6,여,20,4,7,0,6,7,1,1,30000,0,9000,62500,2,101500,50750
e_e007637,e007637,2023-08-20,2023-08-21,11;22;26;6,남,30,8,6,0,5,6,3,11,0,0,0,47100,2,47100,23550
e_e007643,e007643,2023-08-19,2023-08-20,1;2;22;3;4,여,20,1,13,0,15,13,1,20,0,0,3000,71400,2,74400,37200
e_e007647,e007647,2023-08-18,2023-08-19,1;2;3;4;6,남,20,1,7,0,9,7,1,7,0,0,19300,41400,2,60700,30350
e_e007653,e007653,2023-08-20,2023-08-21,1;3;4;6;7,여,20,1,7,0,7,7,0,21,0,0,4150,30400,2,34550,17275
e_e007656,e007656,2023-08-19,2023-08-20,12;22;27,여,30,3,14,0,12,14,1,8,0,0,22000,96020,2,118020,59010
e_e007660,e007660,2023-08-18,2023-08-19,1;10;2;21;5,여,20,1,6,0,4,6,0,4,0,0,30000,7880,2,37880,18940
e_e007673,e007673,2023-08-20,2023-08-21,22,여,40,4,5,0,4,5,0,8,0,0,8000,40500,2,48500,24250
e_e007674,e007674,2023-08-19,2023-08-20,6,여,40,5,4,0,2,4,2,7,0,0,0,29000,2,29000,14500
e_e007677,e007677,2023-08-25,2023-08-26,2;22;26,여,30,6,6,0,6,6,2,8,0,0,81000,50500,2,131500,65750
e_e007678,e007678,2023-08-20,2023-08-21,1;22;6,여,40,1,5,0,6,5,3,11,0,0,11600,216500,2,228100,114050
e_e007679,e007679,2023-08-21,2023-08-22,1;22;24;26;27,여,20,2,5,0,5,5,1,1,0,0,11200,31800,2,43000,21500
e_e007682,e007682,2023-08-19,2023-08-20,1;12;2;26,남,30,5,9,0,7,9,1,15,0,0,10000,100000,2,110000,55000
e_e007684,e007684,2023-08-19,2023-08-20,26,남,30,5,6,0,5,6,1,5,0,0,24000,133400,2,157400,78700
e_e007689,e007689,2023-08-20,2023-08-21,1;22;26;4;6,여,20,1,11,0,13,11,0,2,0,0,8900,38040,2,46940,23470
e_e007690,e007690,2023-08-26,2023-08-27,2;22;26;6,남,30,4,8,0,6,8,3,5,59600,0,2500,70000,2,132100,66050
e_e007693,e007693,2023-08-23,2023-08-24,22;26;6,남,60,6,5,0,4,5,1,2,83200,0,6600,40900,2,130700,65350
e_e007704,e007704,2023-08-25,2023-08-26,1;12;22;3;4,여,20,2,12,0,11,12,0,12,0,0,10800,53100,2,63900,31950
e_e007705,e007705,2023-08-26,2023-08-27,1;21;22;4;6,여,30,5,7,0,12,7,1,10,16000,0,7000,65100,2,88100,44050
e_e007708,e007708,2023-08-21,2023-08-22,1;22;26,여,30,2,7,0,8,7,0,3,0,0,0,17100,2,17100,8550
e_e007743,e007743,2023-08-20,2023-08-21,22;5,여,20,7,5,0,4,5,3,7,0,0,11500,401400,2,412900,206450
e_e007745,e007745,2023-08-27,2023-08-28,2;22,여,20,4,5,0,4,5,1,6,0,0,5000,24700,2,29700,14850
e_e007746,e007746,2023-08-19,2023-08-20,1;2;22;24,여,20,5,7,0,8,7,1,7,0,0,85300,171000,2,256300,128150
e_e007748,e007748,2023-08-19,2023-08-20,2;3,남,30,4,6,0,7,6,1,14,16000,0,20000,50300,2,86300,43150
e_e007749,e007749,2023-08-26,2023-08-27,21;22;24;26;6,여,30,5,6,0,5,6,1,3,0,0,6400,45000,2,51400,25700
e_e007752,e007752,2023-08-19,2023-08-20,2;26;3,여,40,6,10,0,11,10,2,9,0,0,6000,212180,2,218180,109090
e_e007753,e007753,2023-08-26,2023-08-27,2;5;6;8;9;27;4,여,40,4,5,0,4,5,0,2,0,0,24000,34200,2,58200,29100
e_e007756,e007756,2023-08-27,2023-08-28,21;5;6,남,60,5,6,0,4,6,1,7,0,0,6000,69000,2,75000,37500
e_e007757,e007757,2023-08-22,2023-08-23,1;12;22;3;6,여,20,4,5,0,5,5,0,12,0,0,2800,15000,2,17800,8900
e_e007758,e007758,2023-08-20,2023-08-21,4;6,여,40,1,4,0,2,4,3,3,0,0,0,60000,2,60000,30000
e_e007759,e007759,2023-08-19,2023-08-20,2;21;4,남,40,7,5,0,3,5,1,5,0,0,30000,48400,2,78400,39200
e_e007760,e007760,2023-08-31,2023-09-01,1;11,여,20,5,5,0,3,5,0,1,0,0,2900,9100,2,12000,6000
e_e007761,e007761,2023-08-19,2023-08-20,2;26;7;9,남,30,5,3,0,4,3,1,2,0,0,2500,5000,2,7500,3750
e_e007764,e007764,2023-08-26,2023-08-27,22;5,남,60,7,7,0,8,7,3,3,0,0,86320,184000,2,270320,135160
e_e007765,e007765,2023-08-20,2023-08-21,21;6,여,60,3,9,0,8,9,1,12,0,0,37000,139740,2,176740,88370
e_e007766,e007766,2023-08-20,2023-08-21,22;24;4,남,40,12,3,0,2,3,3,3,0,0,30000,90800,2,120800,60400
e_e007767,e007767,2023-08-19,2023-08-20,12;21;22;26;6,여,30,4,7,0,6,7,1,10,0,0,5000,43600,2,48600,24300
e_e007768,e007768,2023-08-27,2023-08-28,5;3,남,50,3,7,0,5,7,2,4,0,0,45600,421700,2,467300,233650
e_e007770,e007770,2023-08-28,2023-08-29,1;6,여,20,3,9,0,7,9,0,8,14500,0,6700,49200,2,70400,35200
e_e007772,e007772,2023-08-22,2023-08-23,24;3,여,60,5,5,0,3,5,3,5,0,0,25500,118300,2,143800,71900
e_e007773,e007773,2023-08-20,2023-08-21,21;4,여,40,7,4,0,5,4,3,2,0,0,10000,150300,2,160300,80150
e_e007775,e007775,2023-08-27,2023-08-28,4;11;1,여,30,4,8,0,6,8,0,1,22000,0,47000,44700,2,113700,56850
e_e007778,e007778,2023-08-26,2023-08-27,2;4;6,남,30,5,8,0,11,8,1,2,0,0,3000,125500,2,128500,64250
e_e007779,e007779,2023-08-30,2023-08-31,1;10;11;22,여,20,4,7,0,5,7,0,2,0,0,20000,76240,2,96240,48120
e_e007781,e007781,2023-08-20,2023-08-21,2;4;6,여,30,2,5,0,4,5,2,3,0,0,0,102160,2,102160,51080
e_e007783,e007783,2023-08-26,2023-08-27,2,남,30,4,5,0,2,5,1,1,0,0,10000,84800,2,94800,47400
e_e007788,e007788,2023-08-27,2023-08-28,10;21;22;4;5,남,40,11,4,0,3,4,2,2,0,0,0,7521300,2,7521300,3760650
e_e007789,e007789,2023-08-26,2023-08-27,2;4,여,30,4,4,0,2,4,3,11,0,0,9400,100400,2,109800,54900
e_e007791,e007791,2023-08-26,2023-08-27,24;28;6,여,30,5,7,0,6,7,1,8,0,0,21200,78200,2,99400,49700
e_e007792,e007792,2023-08-26,2023-08-27,3;6,여,60,4,11,0,11,11,1,6,0,0,0,175400,2,175400,87700
e_e007793,e007793,2023-08-19,2023-08-20,2;22;27;4,남,20,4,8,0,9,8,1,8,0,0,0,112000,2,112000,56000
e_e007794,e007794,2023-08-20,2023-08-21,22;4;6,여,40,4,6,0,4,6,3,3,0,0,34000,78100,2,112100,56050
e_e007796,e007796,2023-08-27,2023-08-28,11;21;24;27;5,여,40,3,4,0,5,4,3,10,0,0,0,40000,2,40000,20000
e_e007797,e007797,2023-08-31,2023-09-01,2;3;4;6;9,남,30,5,7,0,7,7,0,15,0,0,0,13500,2,13500,6750
e_e007800,e007800,2023-08-26,2023-08-27,2;6;11;22;24;26;4,남,30,6,5,0,6,5,2,4,0,0,6600,77200,2,83800,41900
e_e007802,e007802,2023-08-21,2023-08-22,2;21;26;3,여,30,4,8,0,10,8,0,15,0,0,25000,83900,2,108900,54450
e_e007803,e007803,2023-08-20,2023-08-21,21;22;27;28;5,여,40,5,7,0,6,7,0,9,0,0,10000,37800,2,47800,23900
e_e007804,e007804,2023-08-19,2023-08-20,2;4,여,30,6,4,0,3,4,2,8,0,0,30000,75900,2,105900,52950
e_e007806,e007806,2023-08-20,2023-08-21,2;22;4,여,30,8,4,0,3,4,1,3,0,0,0,50600,2,50600,25300
e_e007807,e007807,2023-08-22,2023-08-23,22;24;28;3;4,여,40,7,9,0,8,9,1,21,0,0,5600,25800,2,31400,15700
e_e007809,e007809,2023-08-20,2023-08-21,11;4,남,40,5,4,0,5,4,1,8,0,0,0,43400,2,43400,21700
e_e007812,e007812,2023-08-26,2023-08-27,21;22;4;5,여,60,4,11,0,13,11,3,10,0,0,7200,243300,2,250500,125250
e_e007815,e007815,2023-08-21,2023-08-22,2;4;7,남,30,6,3,0,5,3,1,1,0,0,13000,103100,2,116100,58050
e_e007816,e007816,2023-08-26,2023-08-27,11;2;21;22;4,남,30,7,5,0,6,5,0,1,0,0,3500,30000,2,33500,16750
e_e007817,e007817,2023-08-27,2023-08-28,2;3;4,남,50,6,4,0,3,4,2,1,0,0,7200,80500,2,87700,43850
e_e007818,e007818,2023-08-19,2023-08-20,4;6,남,30,6,3,0,2,3,3,4,0,0,5000,255400,2,260400,130200
e_e007819,e007819,2023-08-26,2023-08-27,4;6;21;1,남,30,6,7,0,13,7,0,6,0,0,61400,76900,2,138300,69150
e_e007821,e007821,2023-08-19,2023-08-20,21;22;4,여,40,1,15,0,12,15,4,12,0,0,13000,86400,2,99400,49700
e_e007822,e007822,2023-08-19,2023-08-20,11;4;6,남,30,5,6,0,6,6,3,8,0,0,0,75600,2,75600,37800
e_e007825,e007825,2023-08-20,2023-08-21,2;22;6,남,30,6,5,0,7,5,1,8,0,0,0,36030,2,36030,18015
e_e007826,e007826,2023-08-20,2023-08-21,2;5;22;26;4,여,40,1,4,0,5,4,2,2,0,0,2500,187900,2,190400,95200
e_e007829,e007829,2023-08-20,2023-08-21,1;12;22;4;6,여,30,4,8,0,7,8,0,6,0,0,9000,45800,2,54800,27400
e_e007831,e007831,2023-08-26,2023-08-27,4;22;4,남,30,7,8,0,8,8,2,2,64900,0,4800,150500,2,220200,110100
e_e007832,e007832,2023-08-19,2023-08-20,2;3;4;5;6,남,30,6,4,0,9,4,3,4,0,0,123000,99500,2,222500,111250
e_e007833,e007833,2023-08-20,2023-08-21,11;2;3;4,남,30,5,5,0,4,5,5,12,0,0,4500,26100,2,30600,15300
e_e007834,e007834,2023-08-26,2023-08-27,3;6;2,남,40,5,4,0,2,4,1,4,0,0,15000,19000,2,34000,17000
e_e007835,e007835,2023-08-26,2023-08-27,21;22;26;4;6,여,30,5,7,0,15,7,0,11,0,0,4700,61900,2,66600,33300
e_e007836,e007836,2023-08-19,2023-08-20,4,여,40,6,4,0,2,4,2,9,0,0,0,21500,2,21500,10750
e_e007837,e007837,2023-08-19,2023-08-20,11;3;4;6,남,40,6,8,0,6,8,3,13,0,0,29000,77400,2,106400,53200
e_e007838,e007838,2023-08-28,2023-08-29,1;22;24;6,여,30,3,8,0,8,8,0,2,0,0,25000,43100,2,68100,34050
e_e007839,e007839,2023-08-19,2023-08-20,4;7;27;1,남,20,6,12,0,10,12,0,4,0,0,89400,42200,2,131600,65800
e_e007845,e007845,2023-08-20,2023-08-21,1;28;3,여,60,8,5,0,5,5,0,16,0,0,0,6800,2,6800,3400
e_e007847,e007847,2023-08-26,2023-08-27,2;4;5,남,40,5,6,0,4,6,2,2,0,0,0,126300,2,126300,63150
e_e007848,e007848,2023-08-19,2023-08-20,12;2;22;4,남,30,2,5,0,6,5,1,7,0,0,7400,21000,2,28400,14200
e_e007850,e007850,2023-08-19,2023-08-20,2;21;22;6,여,30,5,4,0,8,4,1,7,0,0,25800,88000,2,113800,56900
e_e007851,e007851,2023-08-19,2023-08-20,12;2;3;6,남,30,5,4,0,3,4,1,6,0,0,33000,169000,2,202000,101000
e_e007852,e007852,2023-08-29,2023-08-30,2;4;9;22;26;27;6,여,40,2,8,0,9,8,0,6,0,0,4300,196200,2,200500,100250
e_e007853,e007853,2023-08-19,2023-08-20,6;4,남,40,3,5,0,4,5,3,1,0,0,12000,191230,2,203230,101615
e_e007856,e007856,2023-08-20,2023-08-21,9;21;24;2,남,30,5,10,0,7,10,1,3,0,0,30000,56150,2,86150,43075
e_e007858,e007858,2023-08-27,2023-08-28,24;3;5,남,40,12,4,0,4,4,2,3,0,0,43800,266350,2,310150,155075
e_e007860,e007860,2023-08-20,2023-08-21,21;6,여,60,4,9,0,7,9,1,4,0,0,12000,107900,2,119900,59950
e_e007861,e007861,2023-08-20,2023-08-21,11;4,여,30,1,5,0,3,5,3,6,0,0,1800,30600,2,32400,16200
e_e007862,e007862,2023-08-26,2023-08-27,2;4;6,여,40,4,8,0,8,8,1,6,0,0,40000,68000,2,108000,54000
e_e007863,e007863,2023-08-23,2023-08-24,1;22;4,여,40,5,3,0,3,3,0,1,0,0,1350,25500,2,26850,13425
e_e007866,e007866,2023-08-26,2023-08-27,1;4,남,30,7,3,0,6,3,0,3,0,0,0,137660,2,137660,68830
e_e007867,e007867,2023-08-26,2023-08-27,21;6,남,60,5,8,0,6,8,1,5,0,0,7500,32600,2,40100,20050
e_e007868,e007868,2023-08-20,2023-08-21,1;27;28,여,30,5,6,0,4,6,0,9,0,0,0,18430,2,18430,9215
e_e007869,e007869,2023-08-29,2023-08-30,2;6,여,40,1,5,0,3,5,1,9,0,0,17000,43000,2,60000,30000
e_e007870,e007870,2023-08-25,2023-08-26,22;7,남,60,4,7,0,6,7,4,13,0,0,15000,146300,2,161300,80650
e_e007871,e007871,2023-08-27,2023-08-28,3;4;11;22;4,여,40,2,7,0,11,7,2,8,0,0,17100,51000,2,68100,34050
e_e007872,e007872,2023-08-20,2023-08-21,11;4;6,남,40,5,9,0,7,9,1,3,0,0,10000,49300,2,59300,29650
e_e007875,e007875,2023-08-19,2023-08-20,4;6,남,60,6,10,0,9,10,1,2,0,0,14400,54900,2,69300,34650
e_e007876,e007876,2023-08-26,2023-08-27,21;22;26;5,여,60,5,6,0,5,6,3,5,57000,0,10000,59100,2,126100,63050
e_e007878,e007878,2023-08-26,2023-08-27,2;3,남,30,6,4,0,5,4,3,6,78000,0,51500,72050,2,201550,100775
e_e007879,e007879,2023-08-26,2023-08-27,4,여,40,4,9,0,7,9,2,6,0,0,5000,124500,2,129500,64750
e_e007882,e007882,2023-08-19,2023-08-20,5;6,남,30,6,4,0,2,4,1,3,0,0,0,23000,2,23000,11500
e_e007883,e007883,2023-08-31,2023-09-01,2;24;6,남,20,2,6,0,7,6,1,9,0,0,900,50400,2,51300,25650
e_e007885,e007885,2023-08-20,2023-08-21,2;22;3;6,여,50,4,6,0,7,6,2,16,0,0,20800,49500,2,70300,35150
e_e007886,e007886,2023-08-26,2023-08-27,25;2,여,40,5,4,0,2,4,0,17,0,0,1400,30000,2,31400,15700
e_e007890,e007890,2023-08-26,2023-08-27,22;4,남,40,6,4,0,4,4,3,6,0,0,0,50000,2,50000,25000
e_e007895,e007895,2023-08-24,2023-08-25,22;5,남,20,2,3,0,4,3,1,1,10000,0,14000,85700,2,109700,54850
e_e007914,e007914,2023-08-27,2023-08-28,11;21;27;3;6,여,20,4,6,0,8,6,1,5,0,0,14300,63800,2,78100,39050
e_e007925,e007925,2023-08-21,2023-08-22,13;22;24;26;3,남,30,4,6,0,6,6,0,16,5400,0,30000,45630,2,81030,40515
e_e007937,e007937,2023-08-24,2023-08-25,2;22,여,20,2,3,0,7,3,0,6,46000,0,12900,100500,2,159400,79700
e_e007971,e007971,2023-08-20,2023-08-21,5,여,20,4,4,0,3,4,1,5,52545,0,32820,132800,2,218165,109082.5
e_e007976,e007976,2023-08-24,2023-08-25,1;4;6;26;22;9,남,40,2,9,0,7,9,1,6,0,0,15400,37500,2,52900,26450
e_e007977,e007977,2023-08-25,2023-08-26,21,여,30,2,5,0,4,5,0,10,0,0,2500,6200,2,8700,4350
e_e007979,e007979,2023-08-20,2023-08-21,1;22;24;26,여,30,4,7,0,12,7,1,7,0,0,77200,74100,2,151300,75650
e_e007981,e007981,2023-08-20,2023-08-21,1;22;24;26;7,여,40,4,4,0,4,4,3,5,0,0,6000,163000,2,169000,84500
e_e007995,e007995,2023-08-21,2023-08-22,4,남,30,3,6,0,6,6,0,15,0,0,8700,31400,2,40100,20050
e_e008006,e008006,2023-08-21,2023-08-22,22;24;6,여,20,2,7,0,5,7,0,10,0,0,88650,34000,2,122650,61325
e_e008007,e008007,2023-09-02,2023-09-03,12;6;22;27;1;26,여,20,5,6,0,13,6,1,7,0,0,0,119900,2,119900,59950
e_e008027,e008027,2023-08-20,2023-08-21,1;22;4,여,30,2,9,0,12,9,2,1,0,0,20550,89300,2,109850,54925
e_e008030,e008030,2023-08-26,2023-08-27,1;22;26;4;6,남,20,2,10,0,10,10,1,7,0,0,3550,110140,2,113690,56845
e_e008053,e008053,2023-08-25,2023-08-26,1;2;21;22;4,여,20,1,5,0,3,5,1,3,0,0,6600,39800,2,46400,23200
e_e008056,e008056,2023-08-22,2023-08-23,1;10;2;22;6,남,30,5,8,0,9,8,0,17,0,0,17000,66400,2,83400,41700
e_e008057,e008057,2023-08-30,2023-08-31,1;6;22,여,20,3,6,0,8,6,1,7,9000,0,9000,34200,2,52200,26100
e_e008069,e008069,2023-08-27,2023-08-28,5;22;26;21,남,20,2,7,0,3,7,2,3,70200,0,7000,34000,2,111200,55600
e_e008076,e008076,2023-09-02,2023-09-03,1;26;4;6;9,여,20,5,5,0,9,5,1,6,0,0,21000,19800,2,40800,20400
e_e008079,e008079,2023-08-26,2023-08-27,2;4;6,남,40,7,7,0,9,7,1,4,0,0,17600,49900,2,67500,33750
e_e008089,e008089,2023-08-22,2023-08-23,3;8;9,남,40,4,8,0,10,8,1,7,8500,40000,23900,22000,2,94400,47200
e_e008098,e008098,2023-08-22,2023-08-23,1;2;4;5;6;7;9;8;10;12;11;21;22;23;24;26;27;28,남,20,2,5,0,6,5,1,2,0,0,21600,104200,2,125800,62900
e_e008113,e008113,2023-08-20,2023-08-21,1;21;22;26;27,남,40,5,6,0,5,6,1,7,0,0,0,70900,2,70900,35450
e_e008119,e008119,2023-08-19,2023-08-20,1;11;2;21;6,여,20,4,3,0,5,3,1,2,0,0,0,67900,2,67900,33950
e_e008124,e008124,2023-09-02,2023-09-03,1;22;4;5;6,남,20,5,8,0,7,8,1,6,0,0,13180,80200,2,93380,46690
e_e008129,e008129,2023-08-20,2023-08-21,10;2;23;5;7,여,40,4,5,0,8,5,4,4,0,0,59400,595000,2,654400,327200
e_e008133,e008133,2023-08-26,2023-08-27,1;4;5,여,40,5,6,0,6,6,1,6,2000,0,3800,101700,2,107500,53750
e_e008165,e008165,2023-08-23,2023-08-24,1;11;22;26;9,남,20,2,8,0,7,8,1,2,0,0,21700,135500,2,157200,78600
e_e008170,e008170,2023-08-25,2023-08-26,1;11;24;6;9,남,30,4,7,0,15,7,1,2,51200,0,56200,234600,2,342000,171000
e_e008174,e008174,2023-08-22,2023-08-23,22,남,40,5,6,0,5,6,0,3,0,0,4850,27000,2,31850,15925
e_e008178,e008178,2023-08-22,2023-08-23,1;2;22;26,여,30,4,28,0,35,28,0,36,24000,0,31600,134600,2,190200,95100
e_e008181,e008181,2023-08-24,2023-08-25,1;12;2;3;6,남,20,3,10,0,15,10,1,8,2000,0,3500,71800,2,77300,38650
e_e008195,e008195,2023-08-26,2023-08-27,2;22;24;22;26;5;22;4;4;1;22,여,30,5,5,0,7,5,1,11,0,0,57000,66700,2,123700,61850
e_e008201,e008201,2023-08-20,2023-08-21,1;22;24;26;3,여,20,3,6,0,4,6,1,3,0,0,4200,83800,2,88000,44000
e_e008211,e008211,2023-08-21,2023-08-22,22;25,여,30,1,6,0,7,6,2,4,0,0,18631,84900,2,103531,51765.5
e_e008214,e008214,2023-08-26,2023-08-27,2;22;4;21;1;26,여,20,3,4,0,6,4,1,8,50880,0,1700,71000,2,123580,61790
e_e008218,e008218,2023-08-29,2023-08-30,1;10;8,여,30,5,9,0,8,9,0,2,0,0,51100,325500,2,376600,188300
e_e008231,e008231,2023-08-27,2023-08-28,1;2;6,여,20,3,6,0,6,6,1,5,0,0,2000,139000,2,141000,70500
e_e008243,e008243,2023-08-25,2023-08-26,1;24;6,여,20,3,6,0,7,6,1,3,40000,0,0,53100,2,93100,46550
e_e008245,e008245,2023-08-30,2023-08-31,1;2;22;4;6,남,20,5,8,0,6,8,1,5,21000,0,47400,94000,2,162400,81200
e_e008247,e008247,2023-08-27,2023-08-28,22;6,남,20,4,7,0,7,7,1,3,286000,0,19800,56300,2,362100,181050
e_e008250,e008250,2023-08-21,2023-08-22,21,남,40,5,7,0,7,7,0,7,0,0,5600,16000,2,21600,10800
e_e008258,e008258,2023-08-22,2023-08-23,1;21;22;4;6,여,40,4,6,0,7,6,2,1,0,0,9000,75700,2,84700,42350
e_e008283,e008283,2023-08-20,2023-08-21,1;3;5;6,남,40,6,6,0,5,6,1,2,0,0,24500,144340,2,168840,84420
e_e008286,e008286,2023-08-31,2023-09-01,22;26;6,여,30,2,5,0,4,5,4,3,0,0,5800,188000,2,193800,96900
e_e008290,e008290,2023-08-26,2023-08-27,6;9,남,50,6,6,0,5,6,0,9,0,0,42400,22900,2,65300,32650
e_e008291,e008291,2023-08-19,2023-08-20,10;2,여,30,4,5,0,4,5,1,1,0,0,20000,279734,2,299734,149867
e_e008292,e008292,2023-08-26,2023-08-27,5;27,남,40,7,3,0,3,3,2,4,0,0,24000,30900,2,54900,27450
e_e008293,e008293,2023-08-20,2023-08-21,2;3;4;5;6,여,30,3,7,0,12,7,1,6,0,0,42800,59800,2,102600,51300
e_e008294,e008294,2023-08-18,2023-08-19,2;21;22;6,여,20,4,8,0,6,8,1,5,0,0,10300,180700,2,191000,95500
e_e008295,e008295,2023-08-31,2023-09-01,1;22;6,여,30,1,9,0,8,9,0,7,0,0,5200,60900,2,66100,33050
e_e008296,e008296,2023-08-20,2023-08-21,6,여,20,7,4,0,3,4,1,1,0,0,7200,39800,2,47000,23500
e_e008297,e008297,2023-08-26,2023-08-27,1;22,여,30,4,7,0,5,7,0,2,0,0,6770,2062000,2,2068770,1034385
e_e008298,e008298,2023-08-19,2023-08-20,1;4,여,40,5,8,0,6,8,0,2,0,0,3000,7000,2,10000,5000
e_e008299,e008299,2023-08-20,2023-08-21,11;2;4;6,여,40,5,5,0,7,5,3,3,0,0,34180,19000,2,53180,26590
e_e008300,e008300,2023-08-20,2023-08-21,2;4,남,30,12,7,0,6,7,1,3,0,0,8000,130482,2,138482,69241
e_e008301,e008301,2023-08-26,2023-08-27,21;24;4,남,30,4,4,0,5,4,3,9,0,0,4800,58000,2,62800,31400
e_e008302,e008302,2023-08-26,2023-08-27,4;22;2,여,30,4,8,0,7,8,0,2,0,0,5400,37000,2,42400,21200
e_e008303,e008303,2023-08-27,2023-08-28,6,남,40,5,5,0,8,5,1,4,0,0,11800,51000,2,62800,31400
e_e008304,e008304,2023-08-26,2023-08-27,4;6,여,30,12,6,0,5,6,2,2,0,0,33000,115000,2,148000,74000
e_e008305,e008305,2023-08-25,2023-08-26,1;21;22;24,남,50,3,6,0,4,6,0,3,0,0,3850,14300,2,18150,9075
e_e008307,e008307,2023-08-23,2023-08-24,3;5;8,여,50,1,3,0,4,3,7,3,247200,0,50000,0,2,297200,148600
e_e008309,e008309,2023-08-24,2023-08-25,3,남,60,7,6,0,5,6,3,11,0,0,3000,115700,2,118700,59350
e_e008310,e008310,2023-08-20,2023-08-21,12;22;24;3;4,남,30,5,10,0,9,10,0,17,0,0,5050,132400,2,137450,68725
e_e008311,e008311,2023-08-19,2023-08-20,2;21;22;25;7,여,40,4,5,0,3,5,3,5,0,0,8600,77900,2,86500,43250
e_e008312,e008312,2023-08-28,2023-08-29,21;22;26;28;7,여,30,6,6,0,4,6,2,7,0,0,82160,52000,2,134160,67080
e_e008313,e008313,2023-08-20,2023-08-21,21;6,남,60,8,4,0,3,4,1,8,0,0,2000,19000,2,21000,10500
e_e008319,e008319,2023-08-26,2023-08-27,11;2;26;4,여,30,7,5,0,4,5,3,5,0,0,12200,100700,2,112900,56450
e_e008320,e008320,2023-08-25,2023-08-26,6;1,여,30,1,7,0,6,7,0,4,0,0,3300,16700,2,20000,10000
e_e008321,e008321,2023-08-26,2023-08-27,27;4,여,30,5,5,0,8,5,3,4,0,0,34800,49000,2,83800,41900
e_e008322,e008322,2023-08-27,2023-08-28,11;24;27;4,남,30,5,6,0,7,6,3,4,0,0,10000,59700,2,69700,34850
e_e008323,e008323,2023-08-27,2023-08-28,2;22;25;5;8,여,40,5,4,0,8,4,3,5,50000,0,3900,222000,2,275900,137950
e_e008324,e008324,2023-08-21,2023-08-22,2;22;26;4,여,20,4,4,0,7,4,1,9,0,0,10500,74300,2,84800,42400
e_e008326,e008326,2023-08-20,2023-08-21,21;22;26;23,여,40,5,4,0,3,4,1,8,900,0,11800,64000,2,76700,38350
e_e008328,e008328,2023-08-20,2023-08-21,2;4;6,남,30,8,4,0,3,4,3,1,0,0,11000,46700,2,57700,28850
e_e008329,e008329,2023-08-30,2023-08-31,22;25;6,남,40,2,4,0,4,4,1,8,0,0,20000,23400,2,43400,21700
e_e008330,e008330,2023-08-26,2023-08-27,22;26;4;6;9,여,60,7,11,0,12,11,1,3,0,0,38500,181000,2,219500,109750
e_e008332,e008332,2023-08-20,2023-08-21,2;22;4;5,여,30,7,6,0,4,6,4,1,0,0,10000,70300,2,80300,40150
e_e008333,e008333,2023-08-26,2023-08-27,11;4;6,여,30,5,3,0,2,3,3,4,20300,0,3550,5000,2,28850,14425
e_e008334,e008334,2023-08-21,2023-08-22,3;13;21;22;27;1,여,40,4,14,0,12,14,0,1,0,0,3100,27900,2,31000,15500
e_e008338,e008338,2023-08-24,2023-08-25,24;3,여,50,5,4,0,5,4,4,6,0,0,30000,209000,2,239000,119500
e_e008341,e008341,2023-08-25,2023-08-26,2;21;22;4,여,20,5,4,0,6,4,1,6,0,0,80802,62500,2,143302,71651
e_e008342,e008342,2023-08-20,2023-08-21,2;21,여,20,4,5,0,4,5,1,5,0,0,22000,553800,2,575800,287900
e_e008344,e008344,2023-08-25,2023-08-26,2;21;22,여,50,2,5,0,4,5,2,7,0,0,0,71500,2,71500,35750
e_e008346,e008346,2023-08-19,2023-08-20,2;22;4,남,20,4,4,0,4,4,1,7,0,0,32000,79400,2,111400,55700
e_e008347,e008347,2023-08-26,2023-08-27,2;3,여,40,4,5,0,3,5,1,1,0,0,25900,139800,2,165700,82850
e_e008348,e008348,2023-08-20,2023-08-21,21;22;26;3;5,남,40,4,5,0,7,5,2,8,0,0,0,117500,2,117500,58750
e_e008354,e008354,2023-08-24,2023-08-25,2;22;6,여,30,3,6,0,8,6,0,7,0,0,3200,13400,2,16600,8300
e_e008355,e008355,2023-08-31,2023-09-01,22;2;4;21,여,20,1,5,0,7,5,1,5,29500,0,53000,114750,2,197250,98625
e_e008364,e008364,2023-08-22,2023-08-23,1;21;22;4;6,남,30,4,7,0,9,7,0,2,0,0,10000,55000,2,65000,32500
e_e008369,e008369,2023-08-23,2023-08-24,1;12;2;22,여,20,6,11,0,9,11,1,13,57000,0,13000,112100,2,182100,91050
e_e008390,e008390,2023-08-26,2023-08-27,1;6;11;22;12;26;27,남,20,4,8,0,7,8,1,10,0,0,4000,63200,2,67200,33600
e_e008404,e008404,2023-08-22,2023-08-23,6;1;26;22,남,20,1,9,0,14,9,1,7,0,0,39700,186800,2,226500,113250
e_e008407,e008407,2023-08-26,2023-08-27,1;11;6;9,여,30,6,7,0,7,7,3,3,0,0,97000,83100,2,180100,90050
e_e008414,e008414,2023-08-29,2023-08-30,1;1;1;22;22,여,30,1,7,0,4,7,2,1,0,0,10000,52800,2,62800,31400
e_e008478,e008478,2023-08-26,2023-08-27,1;26;4;6;7,여,20,1,7,0,12,7,1,4,8460,0,11600,155900,2,175960,87980
e_e008483,e008483,2023-08-23,2023-08-24,2;22;6;1,여,20,4,7,0,8,7,1,3,102000,0,4750,48900,2,155650,77825
e_e008489,e008489,2023-08-25,2023-08-26,2;6;22;23;27;24;26,여,30,4,3,0,4,3,0,5,0,0,25400,64500,2,89900,44950
e_e008506,e008506,2023-08-22,2023-08-23,1;22;23;4;6,남,30,4,7,0,6,7,1,2,0,0,53200,92800,2,146000,73000
e_e008508,e008508,2023-08-22,2023-08-23,22;6,남,20,2,6,0,6,6,1,1,32000,0,13300,53500,2,98800,49400
e_e008510,e008510,2023-08-26,2023-08-27,6,남,30,5,8,0,8,8,1,7,0,0,4000,105000,2,109000,54500
e_e008514,e008514,2023-08-22,2023-08-23,1;2;22;26;6,남,20,2,5,0,6,5,0,1,0,0,4000,25800,2,29800,14900
e_e008520,e008520,2023-08-25,2023-08-26,1;2;3;4;6,남,60,9,7,0,9,7,1,16,40000,0,88200,30000,2,158200,79100
e_e008528,e008528,2023-08-26,2023-08-27,22;24;26;4;6,남,20,4,6,0,7,6,1,5,0,0,52800,91000,2,143800,71900
e_e008530,e008530,2023-08-26,2023-08-27,12;13;24;3;6,여,20,5,9,0,9,9,1,5,9000,0,8200,99900,2,117100,58550
e_e008534,e008534,2023-08-22,2023-08-23,2;21;22;26;6,여,50,5,6,0,9,6,0,8,0,0,21400,149700,2,171100,85550
e_e008545,e008545,2023-08-27,2023-08-28,1;4;22;6;9;21;24,여,20,4,5,0,7,5,0,1,0,0,5800,89900,2,95700,47850
e_e008547,e008547,2023-08-25,2023-08-26,21;22;24;26;6,여,30,5,10,0,9,10,0,22,0,0,3600,45800,2,49400,24700
e_e008560,e008560,2023-08-27,2023-08-28,1;2;3;4;6,여,30,3,8,0,13,8,1,19,44000,0,4800,152500,2,201300,100650
e_e008562,e008562,2023-08-27,2023-08-28,4;9;6;1;24;22,남,30,5,6,0,9,6,1,5,0,0,0,73500,2,73500,36750
e_e008565,e008565,2023-08-26,2023-08-27,21;22;24;4,여,20,4,6,0,7,6,1,7,0,0,42200,112600,2,154800,77400
e_e008577,e008577,2023-08-27,2023-08-28,2;22;4,여,20,4,8,0,8,8,1,2,0,0,94100,118600,2,212700,106350
e_e008583,e008583,2023-08-26,2023-08-27,22;24;26,남,40,5,6,0,6,6,3,15,0,0,19800,76800,2,96600,48300
e_e008606,e008606,2023-08-24,2023-08-25,1;22;27;6;9,여,20,2,6,0,5,6,1,3,0,0,3100,51500,2,54600,27300
e_e008648,e008648,2023-08-27,2023-08-28,1;22;4,여,30,4,7,0,11,7,1,3,0,0,1800,295080,2,296880,148440
e_e008650,e008650,2023-09-03,2023-09-04,1;22;24;26;3,남,20,5,7,0,14,7,1,7,0,0,59600,91500,2,151100,75550
e_e008656,e008656,2023-09-08,2023-09-09,1;12;3,여,20,2,9,0,7,9,0,8,0,0,5600,15200,2,20800,10400
e_e008658,e008658,2023-09-02,2023-09-03,1;4,여,40,7,6,0,8,6,0,2,0,0,6600,24050,2,30650,15325
e_e008664,e008664,2023-08-25,2023-08-26,1;21;22;26;3,여,20,6,9,0,9,9,0,9,0,0,5700,121700,2,127400,63700
e_e008666,e008666,2023-08-24,2023-08-25,1;11;22;6;9,남,40,4,4,0,10,4,0,1,0,0,132500,291500,2,424000,212000
e_e008672,e008672,2023-08-23,2023-08-24,21;22;23;27;5,여,20,2,8,0,7,8,1,5,0,0,20618,100000,2,120618,60309
e_e008677,e008677,2023-08-24,2023-08-25,22;26,남,20,4,6,0,8,6,1,14,0,0,16000,56300,2,72300,36150
e_e008686,e008686,2023-09-10,2023-09-11,22;26;24,여,20,4,10,0,11,10,1,11,0,0,1250,92800,2,94050,47025
e_e008695,e008695,2023-08-28,2023-08-29,2;1;26;6,남,30,4,11,0,12,11,1,2,0,0,40800,77100,2,117900,58950
e_e008711,e008711,2023-08-29,2023-08-30,1;2;4;6;9,여,20,4,4,0,2,4,0,3,0,0,15000,26000,2,41000,20500
e_e008722,e008722,2023-08-31,2023-09-01,1;2;22;3;7,남,20,5,6,0,9,6,1,5,0,0,8900,231300,2,240200,120100
e_e008723,e008723,2023-09-03,2023-09-04,21;22;25;26;8,여,20,5,3,0,5,3,3,4,231270,0,50000,59000,2,340270,170135
e_e008735,e008735,2023-09-02,2023-09-03,1;11;21;22,남,30,2,11,0,11,11,2,2,0,0,2500,287560,2,290060,145030
e_e008736,e008736,2023-08-26,2023-08-27,22;4;3,남,20,3,18,0,18,18,1,24,0,0,3800,111400,2,115200,57600
e_e008740,e008740,2023-09-01,2023-09-02,10;5;22,여,20,5,4,0,6,4,1,9,0,0,23200,58000,2,81200,40600
e_e008746,e008746,2023-08-30,2023-08-31,1;2;22;26;6,여,20,4,11,0,12,11,1,11,0,0,13500,167000,2,180500,90250
e_e008771,e008771,2023-08-25,2023-08-26,1;13;3;4;6,남,20,2,9,0,9,9,0,2,0,0,188686,59000,2,247686,123843
e_e008785,e008785,2023-08-26,2023-08-27,1;25;5,여,20,6,4,0,5,4,0,5,0,0,11700,112000,2,123700,61850
e_e008790,e008790,2023-08-26,2023-08-27,1;2;22;4,여,20,4,10,0,11,10,1,3,0,0,11600,173800,2,185400,92700
e_e008798,e008798,2023-08-27,2023-08-28,1;11;22;6;9,남,20,2,8,0,11,8,1,5,0,0,3500,69300,2,72800,36400
e_e008803,e008803,2023-08-27,2023-08-28,21;22;26;3,여,20,4,7,0,9,7,1,12,0,0,66000,24000,2,90000,45000
e_e008809,e008809,2023-08-26,2023-08-27,26;6,여,20,3,12,0,10,12,1,13,0,0,9450,138500,2,147950,73975
e_e008810,e008810,2023-08-24,2023-08-25,12;22;26;3;4,여,20,5,6,0,5,6,1,5,0,0,13900,87400,2,101300,50650
e_e008881,e008881,2023-08-27,2023-08-28,1;2;3;4;6,남,30,1,11,0,9,11,3,5,140000,0,0,149000,2,289000,144500
e_e008897,e008897,2023-08-25,2023-08-26,24,여,30,3,5,0,4,5,0,9,0,0,4650,21800,2,26450,13225
e_e008908,e008908,2023-08-26,2023-08-27,22;24;26;6;7,여,20,4,5,0,7,5,2,1,0,0,9900,33900,2,43800,21900
e_e008911,e008911,2023-08-25,2023-08-26,1;4;5,여,20,2,7,0,5,7,1,4,0,0,24000,85600,2,109600,54800
e_e008918,e008918,2023-08-22,2023-08-23,1;6,여,20,2,8,0,9,8,0,5,0,0,44400,90700,2,135100,67550
e_e008954,e008954,2023-08-24,2023-08-25,22;6,여,20,1,6,0,6,6,0,2,51500,0,3900,25400,2,80800,40400
e_e008957,e008957,2023-08-26,2023-08-27,1;11;24;4;6,남,20,3,7,0,6,7,1,4,7900,0,7900,110500,2,126300,63150
e_e008970,e008970,2023-08-25,2023-08-26,2;1;3;4;22;26,남,20,3,7,0,8,7,1,19,0,0,39400,101800,2,141200,70600
e_e008982,e008982,2023-08-24,2023-08-25,10;2;5,여,20,1,12,0,8,12,3,6,0,0,78700,106500,2,185200,92600
e_e008999,e008999,2023-08-26,2023-08-27,21;22;4;6,여,20,3,6,0,6,6,0,2,0,0,28800,12110,2,40910,20455
e_e009006,e009006,2023-08-24,2023-08-25,1;2;22;24;6,여,20,2,7,0,5,7,1,2,0,0,14500,58000,2,72500,36250
e_e009043,e009043,2023-08-24,2023-08-25,1;10;2;22,남,20,1,6,0,7,6,1,1,74000,0,125390,150100,2,349490,174745
e_e009055,e009055,2023-08-23,2023-08-24,1;2;21;22,여,20,4,5,0,5,5,0,10,0,0,6050,58500,2,64550,32275
e_e009056,e009056,2023-08-28,2023-08-29,2;22;5,남,20,1,5,0,9,5,1,2,22320,0,27800,88500,2,138620,69310
e_e009078,e009078,2023-08-25,2023-08-26,1;2;27;6,남,20,2,4,0,4,4,0,6,0,0,5000,16320,2,21320,10660
e_e009081,e009081,2023-08-25,2023-08-26,4;6;22;26;4;6;22;26,여,20,1,7,0,5,7,1,2,0,0,27960,42900,2,70860,35430
e_e009102,e009102,2023-08-24,2023-08-25,1;3;4;7,여,20,4,10,0,11,10,1,4,0,0,4400,147200,2,151600,75800
e_e009106,e009106,2023-09-02,2023-09-03,1;10;21;4;5,남,40,7,7,0,7,7,0,7,0,0,25000,64400,2,89400,44700
e_e009112,e009112,2023-08-23,2023-08-24,1;21;22;3;6,여,20,2,6,0,9,6,1,3,0,0,5600,49700,2,55300,27650
e_e009122,e009122,2023-09-02,2023-09-03,12;22;24;6,여,40,3,5,0,6,5,2,14,0,0,6700,73600,2,80300,40150
e_e009147,e009147,2023-08-28,2023-08-29,1;22;4;6;9,여,20,1,5,0,5,5,1,1,0,0,5400,27100,2,32500,16250
e_e009156,e009156,2023-08-26,2023-08-27,1;13;23;6;9,여,30,4,7,0,8,7,1,4,0,0,22400,222900,2,245300,122650
e_e009168,e009168,2023-08-24,2023-08-25,10;2;22;5,남,30,1,3,0,4,3,3,3,160000,0,7800,56800,2,224600,112300
e_e009180,e009180,2023-08-25,2023-08-26,1;4,남,20,2,8,0,8,8,1,4,0,0,8000,51700,2,59700,29850
e_e009181,e009181,2023-08-22,2023-08-23,22;26;6,여,20,4,14,0,17,14,1,16,0,0,26000,91300,2,117300,58650
e_e009186,e009186,2023-08-26,2023-08-27,1;21;22;26;4,여,30,5,8,0,7,8,1,1,0,0,20000,55600,2,75600,37800
e_e009194,e009194,2023-08-27,2023-08-28,4;22;26;1;6;12,남,30,5,7,0,8,7,1,4,0,0,20000,108400,2,128400,64200
e_e009224,e009224,2023-08-22,2023-08-23,21;22;28,여,30,3,7,0,7,7,0,4,0,0,5950,36200,2,42150,21075
e_e009260,e009260,2023-08-24,2023-08-25,11;22;5;6,여,20,3,5,0,7,5,1,2,28000,0,6600,45480,2,80080,40040
e_e009279,e009279,2023-08-25,2023-08-26,1;22;24;27;4,여,20,2,5,0,5,5,0,7,0,0,0,31500,2,31500,15750
e_e009305,e009305,2023-08-26,2023-08-27,1;22;6,여,20,4,8,0,11,8,1,14,0,0,7800,38501,2,46301,23150.5
e_e009339,e009339,2023-08-26,2023-08-27,13;22;24;3,남,60,8,5,0,5,5,1,4,0,0,31500,42000,2,73500,36750
e_e009343,e009343,2023-08-27,2023-08-28,1;2;22;4;6,여,20,3,12,0,15,12,1,12,0,0,43800,93700,2,137500,68750
e_e009361,e009361,2023-08-29,2023-08-30,1;24;3;4;6,여,30,6,8,0,9,8,0,11,0,0,5000,77900,2,82900,41450
e_e009366,e009366,2023-08-26,2023-08-27,2;6,여,30,4,4,0,6,4,1,6,0,0,0,100000,2,100000,50000
e_e009374,e009374,2023-08-23,2023-08-24,6;7;1,여,20,2,6,0,5,6,0,1,31800,0,9200,96900,2,137900,68950
e_e009380,e009380,2023-08-26,2023-08-27,1;22;6,여,20,5,7,0,6,7,1,8,0,0,65650,118000,2,183650,91825
e_e009382,e009382,2023-08-26,2023-08-27,3;22,남,40,4,8,0,6,8,5,4,0,0,59400,239000,2,298400,149200
e_e009397,e009397,2023-08-27,2023-08-28,21;22;24;3;6,여,30,6,8,0,9,8,0,12,0,0,0,36000,2,36000,18000
e_e009412,e009412,2023-08-22,2023-08-23,1;4,여,20,1,8,0,7,8,1,4,0,0,4950,34800,2,39750,19875
e_e009419,e009419,2023-08-24,2023-08-25,3,남,30,4,6,0,6,6,1,15,0,0,59500,39000,2,98500,49250
e_e009457,e009457,2023-08-26,2023-08-27,26;4;1;22;24;27;21,여,20,4,8,0,6,8,0,1,0,0,4350,70500,2,74850,37425
e_e009465,e009465,2023-08-23,2023-08-24,6,여,30,4,7,0,7,7,3,2,0,0,13500,237300,2,250800,125400
e_e009496,e009496,2023-08-23,2023-08-24,1;2;3;4;5,여,30,3,8,0,6,8,0,7,0,0,14000,163000,2,177000,88500
e_e009504,e009504,2023-08-27,2023-08-28,1;11;22;26;6,남,20,1,12,0,11,12,1,5,18000,0,17400,188500,2,223900,111950
e_e009505,e009505,2023-08-26,2023-08-27,10;21;22;24,남,30,4,4,0,6,4,1,8,87300,0,13600,67400,2,168300,84150
e_e009513,e009513,2023-08-27,2023-08-28,1;2;22;24;6,여,40,6,7,0,11,7,3,4,660000,0,2600,699600,2,1362200,681100
e_e009517,e009517,2023-08-25,2023-08-26,1;22;23;9,여,30,4,13,0,21,13,0,4,0,0,10000,28200,2,38200,19100
e_e009536,e009536,2023-09-01,2023-09-02,1;22;6,남,40,11,5,0,4,5,2,8,0,0,13000,65000,2,78000,39000
e_e009539,e009539,2023-08-27,2023-08-28,2;22;26,남,30,3,10,0,10,10,2,3,0,0,36400,49350,2,85750,42875
e_e009550,e009550,2023-08-28,2023-08-29,2;22;7;6;9;12;26;4;1;21,여,30,2,6,0,7,6,3,7,0,0,116010,108500,2,224510,112255
e_e009556,e009556,2023-08-26,2023-08-27,1;21;3,남,30,4,8,0,8,8,1,6,0,0,18800,111500,2,130300,65150
e_e009566,e009566,2023-08-26,2023-08-27,1;22;2,여,20,4,4,0,4,4,1,4,60300,0,70600,58400,2,189300,94650
e_e009567,e009567,2023-08-23,2023-08-24,1;22;24;26;4,여,20,3,7,0,6,7,0,13,0,0,2900,80400,2,83300,41650
e_e009572,e009572,2023-08-28,2023-08-29,1;22;26;4,여,20,1,10,0,8,10,1,7,0,0,9800,51000,2,60800,30400
e_e009575,e009575,2023-08-26,2023-08-27,1;4;26;22;6;9,남,20,5,6,0,8,6,1,2,0,0,8600,97500,2,106100,53050
e_e009590,e009590,2023-08-27,2023-08-28,1;13;2;26,남,40,5,6,0,4,6,1,17,37800,0,53600,735000,2,826400,413200
e_e009592,e009592,2023-09-02,2023-09-03,1;22;24;21;26;27,여,20,5,6,0,10,6,1,7,0,0,15000,175600,2,190600,95300
e_e009593,e009593,2023-08-25,2023-08-26,1;22;2;3;4;10;7;24;21;13;12;6,남,20,4,10,0,15,10,1,12,0,0,27500,166000,2,193500,96750
e_e009601,e009601,2023-08-23,2023-08-24,1;10;2;21;22,여,30,4,4,0,5,4,1,4,0,0,37200,317910,2,355110,177555
e_e009622,e009622,2023-08-30,2023-08-31,2;22;24,여,20,1,9,0,13,9,1,4,0,0,19500,132800,2,152300,76150
e_e009627,e009627,2023-08-28,2023-08-29,1;22;24;3;4,남,20,2,15,0,18,15,0,26,0,0,3800,74500,2,78300,39150
e_e009629,e009629,2023-08-24,2023-08-25,1;3;6,여,60,1,5,0,7,5,1,5,0,0,12800,210500,2,223300,111650
e_e009632,e009632,2023-08-23,2023-08-24,1;24;27;6;2;26;27;28,남,20,2,9,0,7,9,0,4,0,0,3100,36000,2,39100,19550
e_e009634,e009634,2023-08-31,2023-09-01,2;22;3;4;6,여,20,2,10,0,9,10,1,11,0,0,5600,48400,2,54000,27000
e_e009636,e009636,2023-08-27,2023-08-28,2,여,30,2,4,0,6,4,3,3,0,0,45000,25500,2,70500,35250
e_e009655,e009655,2023-08-26,2023-08-27,6,남,60,5,6,0,11,6,1,20,24400,0,6000,41500,2,71900,35950
e_e009660,e009660,2023-08-26,2023-08-27,22;3;5;6;9,여,50,8,3,0,7,3,5,2,20000,0,45199,72500,2,137699,68849.5
e_e009675,e009675,2023-09-09,2023-09-10,1;2;4;6;7,남,20,8,11,0,9,11,1,7,0,0,15100,136200,2,151300,75650
e_e009684,e009684,2023-08-26,2023-08-27,22;4;6;7,여,40,4,6,0,7,6,2,2,29700,0,4200,175800,2,209700,104850
e_e009686,e009686,2023-08-26,2023-08-27,1;4;7,여,20,5,9,0,8,9,1,3,0,0,6600,33800,2,40400,20200
e_e009694,e009694,2023-08-29,2023-08-30,22;6,여,20,2,8,0,6,8,1,6,0,0,5150,116200,2,121350,60675
e_e009695,e009695,2023-08-26,2023-08-27,22;6,여,40,1,6,0,4,6,1,3,0,0,12800,83700,2,96500,48250
e_e009700,e009700,2023-08-23,2023-08-24,1;2;22;5,여,20,1,5,0,3,5,1,3,0,0,6000,76200,2,82200,41100
e_e009702,e009702,2023-08-29,2023-08-30,1;2;22;26;4,여,20,1,10,0,10,10,1,7,0,0,19100,39900,2,59000,29500
e_e009738,e009738,2023-09-11,2023-09-12,1;6,여,20,1,9,0,13,9,0,3,0,0,3700,115400,2,119100,59550
e_e009740,e009740,2023-08-30,2023-08-31,1;2;4;5;7;24;21;22;23;26;11,여,20,3,3,0,7,3,1,3,0,0,14000,97450,2,111450,55725
e_e009752,e009752,2023-08-27,2023-08-28,2;22;25;3;7,남,30,4,7,0,7,7,1,8,0,0,0,12500,2,12500,6250
e_e009757,e009757,2023-09-01,2023-09-02,13;22;24;28;4,남,20,1,10,0,13,10,0,23,0,0,4800,14100,2,18900,9450
e_e009762,e009762,2023-08-26,2023-08-27,1;3,여,20,4,4,0,6,4,1,8,0,0,51900,624800,2,676700,338350
e_e009770,e009770,2023-08-26,2023-08-27,1;22;26;4,여,30,4,7,0,10,7,1,5,0,0,21600,145500,2,167100,83550
e_e009771,e009771,2023-08-30,2023-08-31,3;6,남,20,4,7,0,11,7,1,3,0,0,5200,147900,2,153100,76550
e_e009772,e009772,2023-08-22,2023-08-23,1;22;28,여,30,4,6,0,5,6,1,10,0,0,1650,47800,2,49450,24725
e_e009800,e009800,2023-08-27,2023-08-28,1;2;22;24;3,남,20,4,5,0,7,5,1,3,0,0,4750,119600,2,124350,62175
e_e009806,e009806,2023-08-27,2023-08-28,21;22;24;26;4,여,20,2,8,0,6,8,1,6,0,0,16000,76000,2,92000,46000
e_e009814,e009814,2023-08-25,2023-08-26,1;2;22;24;6,남,20,7,7,0,6,7,1,3,0,0,8000,237200,2,245200,122600
e_e009836,e009836,2023-08-26,2023-08-27,1;13;22;26;4,여,20,1,5,0,3,5,1,9,0,0,74839,78500,2,153339,76669.5
e_e009841,e009841,2023-08-23,2023-08-24,22;11;1,여,20,2,6,0,10,6,1,1,0,0,15600,49000,2,64600,32300
e_e009845,e009845,2023-08-23,2023-08-24,22;27;4;5,여,20,3,6,0,7,6,2,6,0,0,2900,122400,2,125300,62650
e_e009857,e009857,2023-08-30,2023-08-31,1;22;6;7,여,20,2,7,0,13,7,0,10,0,0,21200,118400,2,139600,69800
e_e009858,e009858,2023-08-27,2023-08-28,21;22;3;4;5,남,40,6,7,0,7,7,1,14,0,0,48300,39300,2,87600,43800
e_e009876,e009876,2023-08-24,2023-08-25,27,남,20,2,10,0,11,10,1,4,0,0,39700,83600,2,123300,61650
e_e009895,e009895,2023-08-26,2023-08-27,2;27;5;8;9,남,30,4,8,0,9,8,0,2,17000,0,20000,0,2,37000,18500
e_e009909,e009909,2023-08-26,2023-08-27,1;4;3;12;9;22;24;26,여,30,4,11,0,11,11,1,13,0,0,41000,41200,2,82200,41100
e_e009910,e009910,2023-09-02,2023-09-03,21;22;3,남,60,7,7,0,5,7,1,13,0,0,17900,70000,2,87900,43950
e_e009925,e009925,2023-08-24,2023-08-25,1;26;4;5;6,여,20,3,10,0,10,10,0,2,0,0,2500,40000,2,42500,21250
e_e009940,e009940,2023-08-26,2023-08-27,27;3;4;6;8,남,20,3,7,0,8,7,1,7,15900,0,58800,80300,2,155000,77500
e_e009943,e009943,2023-08-26,2023-08-27,2;22,여,20,2,4,0,4,4,2,3,0,0,5250,86100,2,91350,45675
e_e009951,e009951,2023-08-26,2023-08-27,1;3;6;12,여,40,7,9,0,11,9,0,9,0,0,56400,276910,2,333310,166655
e_e009957,e009957,2023-08-26,2023-08-27,2,남,20,4,6,0,7,6,1,1,0,0,46000,90800,2,136800,68400
e_e009968,e009968,2023-09-01,2023-09-02,1;4;2;22;24,여,20,1,10,0,12,10,1,6,0,0,10000,32100,2,42100,21050
e_e010014,e010014,2023-08-30,2023-08-31,1;21;22;4;6,남,30,6,6,0,9,6,1,3,0,0,15000,63900,2,78900,39450
e_e010017,e010017,2023-08-27,2023-08-28,1;22;26;4;9,여,20,9,6,0,12,6,1,10,0,0,9500,73000,2,82500,41250
e_e010028,e010028,2023-08-26,2023-08-27,1;4;7;9,남,20,4,5,0,3,5,1,3,0,0,12400,50100,2,62500,31250
e_e010037,e010037,2023-08-23,2023-08-24,2,남,20,2,3,0,1,3,2,1,195000,0,9000,55000,2,259000,129500
e_e010043,e010043,2023-08-31,2023-09-01,10;2;22;5;7,여,20,4,5,0,6,5,1,6,1200,0,42700,278600,2,322500,161250
e_e010049,e010049,2023-08-26,2023-08-27,24;9;3;4;11;22,남,20,3,7,0,8,7,1,4,0,21000,33600,71100,2,125700,62850
e_e010055,e010055,2023-08-26,2023-08-27,1;2;22;4;6,여,30,2,4,0,6,4,4,2,0,0,206625,140200,2,346825,173412.5
e_e010064,e010064,2023-08-28,2023-08-29,1;22;4;6,여,20,4,12,0,12,12,1,3,0,0,50700,55000,2,105700,52850
e_e010076,e010076,2023-08-24,2023-08-25,2;21;22;1;27,남,40,3,5,0,6,5,1,6,0,0,2000,66200,2,68200,34100
e_e010097,e010097,2023-08-25,2023-08-26,12;2;24,여,30,6,6,0,3,6,1,4,0,0,30000,72000,2,102000,51000
e_e010106,e010106,2023-08-30,2023-08-31,1;2;22;4;5,여,30,3,7,0,7,7,1,7,0,0,25400,173000,2,198400,99200
e_e010125,e010125,2023-08-23,2023-08-24,11;2;6,남,20,1,4,0,8,4,1,3,68000,0,3600,88000,2,159600,79800
e_e010129,e010129,2023-08-26,2023-08-27,22;3,여,20,4,6,0,4,6,1,6,0,0,16200,69300,2,85500,42750
e_e010150,e010150,2023-08-25,2023-08-26,1;21;22;24;6,남,20,1,5,0,6,5,1,6,0,0,0,30500,2,30500,15250
e_e010160,e010160,2023-08-23,2023-08-24,4;22;26;1,여,20,1,4,0,5,4,1,3,2400,0,6350,98500,2,107250,53625
e_e010164,e010164,2023-08-29,2023-08-30,1;21;22;4;6,여,40,4,7,0,8,7,1,18,0,0,4100,30600,2,34700,17350
e_e010174,e010174,2023-08-26,2023-08-27,1;2;22;9,여,20,4,7,0,7,7,1,1,0,0,10000,91500,2,101500,50750
e_e010198,e010198,2023-08-24,2023-08-25,1;5;21,남,20,1,9,0,9,9,1,2,0,0,77000,64100,2,141100,70550
e_e010199,e010199,2023-08-24,2023-08-25,13;26;28,여,40,5,8,0,6,8,0,18,0,0,4950,19900,2,24850,12425
e_e010200,e010200,2023-08-26,2023-08-27,1;21;22;23;3,남,40,3,7,0,9,7,2,7,0,0,14177,66600,2,80777,40388.5
e_e010205,e010205,2023-08-26,2023-08-27,22;21;25;24,여,30,4,5,0,9,5,1,9,0,0,30000,45500,2,75500,37750
e_e010220,e010220,2023-08-26,2023-08-27,1;4;6;9;22,여,20,6,7,0,5,7,0,1,0,0,5550,56000,2,61550,30775
e_e010221,e010221,2023-08-23,2023-08-24,10;13;2,여,60,5,6,0,6,6,1,14,0,0,114000,128000,2,242000,121000
e_e010222,e010222,2023-08-26,2023-08-27,22;3;6,여,20,4,9,0,11,9,1,11,0,0,12550,133100,2,145650,72825
e_e010230,e010230,2023-08-31,2023-09-01,1;22,여,20,2,4,0,5,4,0,1,0,0,5000,50100,2,55100,27550
e_e010231,e010231,2023-08-27,2023-08-28,2;22,여,60,3,5,0,5,5,1,5,0,0,7600,25600,2,33200,16600
e_e010233,e010233,2023-08-27,2023-08-28,11;6;7,여,20,4,6,0,8,6,2,6,0,0,0,98000,2,98000,49000
e_e010237,e010237,2023-08-26,2023-08-27,5;12;6,남,40,6,5,0,8,5,1,15,0,0,40000,94675,2,134675,67337.5
e_e010238,e010238,2023-08-27,2023-08-28,22;3;5,여,30,2,5,0,3,5,3,5,0,0,113760,300700,2,414460,207230
e_e010240,e010240,2023-08-28,2023-08-29,4;9;22;24;27;1,남,30,4,9,0,7,9,0,5,0,0,6000,47000,2,53000,26500
e_e010243,e010243,2023-08-27,2023-08-28,13;3;4,남,40,4,7,0,13,7,2,13,0,0,16200,33800,2,50000,25000
e_e010247,e010247,2023-08-30,2023-08-31,11;2;3;6,남,40,7,12,0,9,12,1,16,0,0,3850,23000,2,26850,13425
e_e010248,e010248,2023-08-31,2023-09-01,6;21;2,여,20,4,9,0,11,9,0,1,0,0,49600,99600,2,149200,74600
e_e010249,e010249,2023-08-27,2023-08-28,2;22;3;6;9,남,20,4,13,0,13,13,1,4,0,0,2500,78400,2,80900,40450
e_e010252,e010252,2023-08-26,2023-08-27,1;3,여,50,1,6,0,5,6,0,3,0,0,0,53500,2,53500,26750
e_e010254,e010254,2023-08-23,2023-08-24,6;26;27;2,여,20,4,12,0,10,12,1,16,0,0,5650,22500,2,28150,14075
e_e010255,e010255,2023-08-26,2023-08-27,22;24;4;6,여,30,5,5,0,7,5,2,17,0,0,900,52500,2,53400,26700
e_e010256,e010256,2023-08-26,2023-08-27,21;27;3;7,여,60,4,8,0,7,8,1,6,0,0,62000,67800,2,129800,64900
e_e010259,e010259,2023-08-26,2023-08-27,10;22;7,여,20,1,7,0,7,7,2,2,0,0,9450,138030,2,147480,73740
e_e010261,e010261,2023-08-26,2023-08-27,2;21;4;6,남,30,5,4,0,5,4,2,3,0,0,600,24500,2,25100,12550
e_e010263,e010263,2023-08-26,2023-08-27,2;7,여,30,6,5,0,4,5,2,8,0,0,32500,52000,2,84500,42250
e_e010268,e010268,2023-08-27,2023-08-28,3;11;22;26;5,남,60,5,7,0,5,7,3,5,0,0,41400,52200,2,93600,46800
e_e010270,e010270,2023-08-27,2023-08-28,1;22;24;26,여,20,3,4,0,3,4,0,4,0,0,0,79800,2,79800,39900
e_e010271,e010271,2023-08-24,2023-08-25,2;22,여,30,1,5,0,5,5,1,3,0,0,14046,165100,2,179146,89573
e_e010272,e010272,2023-08-26,2023-08-27,11;26;4,여,40,9,4,0,2,4,2,3,0,0,27000,74000,2,101000,50500
e_e010274,e010274,2023-08-31,2023-09-01,2;22;26;4,여,20,4,9,0,7,9,1,5,0,0,9000,360800,2,369800,184900
e_e010277,e010277,2023-08-23,2023-08-24,5;10;1;21,남,20,2,6,0,6,6,1,2,0,0,5800,56200,2,62000,31000
e_e010281,e010281,2023-08-26,2023-08-27,4;1;5;22;12;21;10;10,여,20,1,5,0,7,5,1,4,10000,0,14200,114400,2,138600,69300
e_e010302,e010302,2023-08-26,2023-08-27,22;6;9,여,20,2,4,0,10,4,1,4,0,0,12400,49100,2,61500,30750
e_e010313,e010313,2023-08-24,2023-08-25,11;21;22;4;7,남,20,2,6,0,7,6,1,2,0,0,17700,59000,2,76700,38350
e_e010316,e010316,2023-08-28,2023-08-29,4;22;24;26,여,30,1,5,0,3,5,2,2,0,0,4000,113500,2,117500,58750
e_e010322,e010322,2023-09-07,2023-09-08,10;21;24,여,30,1,4,0,7,4,1,1,0,0,59000,84000,2,143000,71500
e_e010325,e010325,2023-08-26,2023-08-27,1;1;1;1;1;1;1;1;22;26;22;24;22;26;26;1,여,20,3,10,0,10,10,0,3,366000,0,58203,49303,2,473506,236753
e_e010336,e010336,2023-08-26,2023-08-27,10;4;5;7,남,20,2,10,0,9,10,1,1,0,0,9050,427300,2,436350,218175
e_e010343,e010343,2023-09-05,2023-09-06,12;2;22;27,여,40,3,5,0,8,5,0,22,5500,0,5600,27000,2,38100,19050
e_e010355,e010355,2023-08-26,2023-08-27,5,여,40,3,5,0,6,5,3,2,0,0,46000,389500,2,435500,217750
e_e010365,e010365,2023-08-29,2023-08-30,2;5;7,여,20,2,8,0,8,8,0,2,31800,0,7800,15800,2,55400,27700
e_e010366,e010366,2023-08-26,2023-08-27,1;22,여,30,6,5,0,5,5,4,1,0,0,0,53680,2,53680,26840
e_e010370,e010370,2023-08-29,2023-08-30,2;5,남,20,3,4,0,3,4,1,4,0,0,15750,271300,2,287050,143525
e_e010371,e010371,2023-08-26,2023-08-27,3;2;6;9;22;11,여,30,1,3,0,3,3,1,1,0,0,60000,90000,2,150000,75000
e_e010372,e010372,2023-08-26,2023-08-27,10;1;4;26;22,남,20,4,4,0,9,4,1,3,0,0,7000,141300,2,148300,74150
e_e010375,e010375,2023-08-26,2023-08-27,1;22;24;3;4,남,20,2,9,0,14,9,1,20,0,0,36800,66600,2,103400,51700
e_e010377,e010377,2023-08-27,2023-08-28,2;22;10,남,40,6,5,0,4,5,3,3,129000,0,10000,78400,2,217400,108700
e_e010386,e010386,2023-09-02,2023-09-03,22;24;27,남,40,4,9,0,13,9,1,7,0,0,7300,69900,2,77200,38600
e_e010387,e010387,2023-08-24,2023-08-25,1;2;3;4;6,여,40,1,6,0,8,6,3,3,13910,0,108000,118500,2,240410,120205
e_e010390,e010390,2023-08-26,2023-08-27,22;4;1,남,20,5,10,0,12,10,1,12,0,0,141800,234830,2,376630,188315
e_e010404,e010404,2023-08-26,2023-08-27,21;26;22,여,30,3,12,0,9,12,2,3,0,0,75082,107400,2,182482,91241
e_e010415,e010415,2023-08-26,2023-08-27,11;21;22;24;4,남,40,4,6,0,7,6,3,14,0,0,37200,160500,2,197700,98850
e_e010434,e010434,2023-08-25,2023-08-26,12;2;22;3;6,여,40,4,9,0,9,9,1,12,0,0,31000,57200,2,88200,44100
e_e010442,e010442,2023-08-31,2023-09-01,1;10;22,남,20,1,4,0,7,4,1,8,76000,0,6200,270400,2,352600,176300
e_e010462,e010462,2023-08-27,2023-08-28,1;2;6,여,20,2,11,0,11,11,0,5,0,0,6400,82600,2,89000,44500
e_e010492,e010492,2023-08-26,2023-08-27,9;4;6;22;3;1,여,20,3,5,0,5,5,3,2,0,0,30000,46000,2,76000,38000
e_e010517,e010517,2023-08-24,2023-08-25,1;2;4;12,여,20,2,10,0,9,10,0,12,0,0,5600,142600,2,148200,74100
e_e010522,e010522,2023-08-26,2023-08-27,1;22;24;25,여,60,2,7,0,12,7,1,5,0,0,5000,47400,2,52400,26200
e_e010531,e010531,2023-08-24,2023-08-25,11;21;4;6;9,여,50,2,8,0,6,8,0,3,0,0,3000,5500,2,8500,4250
e_e010539,e010539,2023-08-26,2023-08-27,22;6;9,남,20,3,7,0,12,7,1,4,5000,0,9000,74000,2,88000,44000
e_e010553,e010553,2023-08-27,2023-08-28,1;2;4;22,남,30,1,3,0,2,3,3,3,0,0,0,35000,2,35000,17500
e_e010560,e010560,2023-08-25,2023-08-26,4;6,여,40,4,4,0,5,4,1,4,28000,0,22000,72000,2,122000,61000
e_e010578,e010578,2023-08-25,2023-08-26,2,여,40,2,3,0,2,3,3,3,0,0,0,107500,2,107500,53750
e_e010598,e010598,2023-08-25,2023-08-26,1;1;6;26;22;21;1,여,20,2,8,0,8,8,1,4,0,0,105800,67100,2,172900,86450
e_e010608,e010608,2023-08-25,2023-08-26,1;3;4;22;24;12;1,남,20,1,7,0,15,7,1,17,0,0,4800,59700,2,64500,32250
e_e010636,e010636,2023-08-24,2023-08-25,21;27;4,남,40,7,9,0,9,9,2,7,0,0,50850,54400,2,105250,52625
e_e010659,e010659,2023-09-01,2023-09-02,1;2,남,60,6,5,0,6,5,1,5,0,0,20000,9200,2,29200,14600
e_e010660,e010660,2023-08-24,2023-08-25,1;21;22;27,남,20,2,9,0,12,9,1,16,0,0,7450,57000,2,64450,32225
e_e010673,e010673,2023-08-26,2023-08-27,1;2;27,여,30,1,6,0,10,6,3,30,0,0,0,151200,2,151200,75600
e_e010678,e010678,2023-09-16,2023-09-17,2;4;5;9,여,20,4,7,0,8,7,1,3,16000,0,43000,89000,2,148000,74000
e_e010683,e010683,2023-08-26,2023-08-27,1;9;4,남,20,5,14,0,18,14,1,6,0,0,9300,86500,2,95800,47900
e_e010689,e010689,2023-09-04,2023-09-05,1;4;5;6;7,여,20,1,7,0,6,7,1,1,0,0,8700,64400,2,73100,36550
e_e010700,e010700,2023-08-24,2023-08-25,1;22;24,여,20,1,11,0,14,11,1,5,0,0,5800,141000,2,146800,73400
e_e010712,e010712,2023-08-30,2023-08-31,1;3,여,40,1,5,0,5,5,1,29,0,0,0,25800,2,25800,12900
e_e010713,e010713,2023-08-27,2023-08-28,1;22;7,여,20,3,7,0,7,7,1,1,0,0,6600,184550,2,191150,95575
e_e010715,e010715,2023-08-26,2023-08-27,2;22;5,남,20,1,6,0,11,6,1,12,6000,0,100800,120200,2,227000,113500
e_e010716,e010716,2023-08-26,2023-08-27,24;22;21;11;26,여,30,5,5,0,5,5,3,4,0,0,33700,308300,2,342000,171000
e_e010720,e010720,2023-08-24,2023-08-25,3;4;2;1,여,20,3,6,0,6,6,0,17,0,0,7000,42800,2,49800,24900
e_e010722,e010722,2023-08-25,2023-08-26,1;22;26,여,20,1,9,0,9,9,3,9,0,0,11400,115600,2,127000,63500
e_e010724,e010724,2023-08-26,2023-08-27,1;22;24;4,여,20,4,4,0,3,4,1,2,0,0,1050,38000,2,39050,19525
e_e010729,e010729,2023-08-24,2023-08-25,1;21;22,여,20,4,10,0,11,10,2,3,0,0,11000,102600,2,113600,56800
e_e010734,e010734,2023-08-30,2023-08-31,1;3;6;22;21;27,남,20,1,6,0,5,6,0,3,0,0,2650,68100,2,70750,35375
e_e010735,e010735,2023-08-26,2023-08-27,1;26,여,20,4,9,0,8,9,1,6,0,0,8100,139880,2,147980,73990
e_e010736,e010736,2023-08-26,2023-08-27,27;3,남,60,4,6,0,6,6,1,20,4500,0,3000,33900,2,41400,20700
e_e010740,e010740,2023-09-07,2023-09-08,1;6;22;26;4;24,여,20,4,6,0,5,6,0,1,0,0,4350,23000,2,27350,13675
e_e010741,e010741,2023-08-24,2023-08-25,22;26;6,남,20,1,7,0,7,7,0,2,0,0,6950,301800,2,308750,154375
e_e010744,e010744,2023-08-27,2023-08-28,2;3;21;28,여,40,6,7,0,12,7,1,16,0,0,0,76100,2,76100,38050
e_e010747,e010747,2023-08-24,2023-08-25,22;24;27;28,여,20,4,5,0,4,5,0,7,0,0,2500,40000,2,42500,21250
e_e010753,e010753,2023-08-27,2023-08-28,24;26;27;5;8,여,20,1,7,0,7,7,5,1,0,0,113300,189230,2,302530,151265
e_e010755,e010755,2023-09-09,2023-09-10,1;2;4;6,여,60,1,8,0,12,8,4,6,0,0,26800,68400,2,95200,47600
e_e010759,e010759,2023-09-02,2023-09-03,22;24;4,여,20,3,10,0,8,10,1,1,0,0,8500,257420,2,265920,132960
e_e010763,e010763,2023-08-27,2023-08-28,2;6,남,30,5,3,0,3,3,1,2,0,0,6000,79400,2,85400,42700
e_e010765,e010765,2023-08-28,2023-08-29,3;6;2,여,60,1,3,0,4,3,1,1,0,0,14800,75000,2,89800,44900
e_e010766,e010766,2023-08-27,2023-08-28,2;4,남,40,4,4,0,5,4,3,7,100000,0,5000,180000,2,285000,142500
e_e010769,e010769,2023-08-26,2023-08-27,11;21;3;4;6,남,20,2,19,0,20,19,1,16,0,0,7200,89000,2,96200,48100
e_e010773,e010773,2023-08-27,2023-08-28,22;4;6,여,30,4,12,0,15,12,0,14,0,0,6000,41600,2,47600,23800
e_e010775,e010775,2023-08-29,2023-08-30,1;4;6;7;9;11;22;24;26,남,20,1,8,0,15,8,1,3,36000,0,15000,239900,2,290900,145450
e_e010779,e010779,2023-08-27,2023-08-28,1;22;4;6;7,여,20,2,6,0,12,6,0,10,0,0,4750,16000,2,20750,10375
e_e010782,e010782,2023-08-27,2023-08-28,1;2;21;22;24,남,20,3,7,0,10,7,1,3,0,0,33200,99000,2,132200,66100
e_e010798,e010798,2023-08-26,2023-08-27,22;3;1,여,20,1,7,0,6,7,1,5,0,0,11700,82000,2,93700,46850
e_e010803,e010803,2023-08-27,2023-08-28,1;21;22;4;6,남,30,4,5,0,4,5,2,2,25000,0,29600,73000,2,127600,63800
e_e010812,e010812,2023-08-25,2023-08-26,1;21;22;24;4,남,30,2,6,0,4,6,1,5,0,0,71800,122900,2,194700,97350
e_e010814,e010814,2023-08-27,2023-08-28,1;2;22;7;8,남,30,4,5,0,6,5,1,1,0,0,9700,229100,2,238800,119400
e_e010838,e010838,2023-08-27,2023-08-28,1;27;10;21,남,20,5,7,0,6,7,1,6,0,0,23800,87600,2,111400,55700
e_e010843,e010843,2023-08-26,2023-08-27,1;22;26;7;6,여,20,4,9,0,11,9,1,3,0,0,11900,145200,2,157100,78550
e_e010850,e010850,2023-08-26,2023-08-27,2;22,남,20,3,3,0,5,3,1,4,40000,0,41640,115000,2,196640,98320
e_e010852,e010852,2023-08-26,2023-08-27,22;5,여,40,5,6,0,7,6,2,2,0,0,8592,200840,2,209432,104716
e_e010863,e010863,2023-08-26,2023-08-27,9,여,20,4,5,0,7,5,1,1,0,0,48850,44100,2,92950,46475
e_e010868,e010868,2023-08-26,2023-08-27,13;22;26;4,여,40,4,6,0,6,6,2,13,0,0,3300,142600,2,145900,72950
e_e010884,e010884,2023-08-27,2023-08-28,22;6,여,30,3,7,0,8,7,1,19,28000,0,14800,69900,2,112700,56350
e_e010893,e010893,2023-09-02,2023-09-03,1;2,여,30,4,7,0,8,7,3,5,14800,0,30900,425350,2,471050,235525
e_e010900,e010900,2023-09-01,2023-09-02,1;10;2;22;5,남,20,1,11,0,13,11,1,2,0,0,14400,131100,2,145500,72750
e_e010915,e010915,2023-08-27,2023-08-28,1;2;6;26;22;23;4,남,30,2,4,0,2,4,2,4,0,0,66000,115800,2,181800,90900
e_e010921,e010921,2023-08-26,2023-08-27,1;2;4;5;6,여,20,5,8,0,10,8,1,8,0,0,50000,132000,2,182000,91000
e_e010926,e010926,2023-08-25,2023-08-26,13;2;22,여,30,3,14,0,14,14,2,12,0,0,3100,83100,2,86200,43100
e_e010935,e010935,2023-08-25,2023-08-26,2;22;26,여,20,2,5,0,6,5,1,3,0,0,6000,82500,2,88500,44250
e_e010937,e010937,2023-08-29,2023-08-30,11;21;22;24;6,여,20,3,5,0,4,5,0,5,0,0,20000,27000,2,47000,23500
e_e010939,e010939,2023-09-03,2023-09-04,2;22,여,20,4,3,0,6,3,1,1,0,0,6400,47000,2,53400,26700
e_e010948,e010948,2023-09-02,2023-09-03,2,여,20,5,6,0,5,6,1,1,0,0,55000,148100,2,203100,101550
e_e010955,e010955,2023-08-28,2023-08-29,22;24;26,남,20,1,6,0,5,6,1,3,0,0,8400,64100,2,72500,36250
e_e010969,e010969,2023-08-26,2023-08-27,1;21;22;24;26,여,20,1,8,0,8,8,2,2,0,0,31400,222300,2,253700,126850
e_e010978,e010978,2023-08-27,2023-08-28,1;12;13;3;6,남,60,8,7,0,7,7,1,20,0,0,750,37000,2,37750,18875
e_e010979,e010979,2023-08-27,2023-08-28,27;8,여,40,5,5,0,4,5,7,1,0,0,23600,254060,2,277660,138830
e_e010984,e010984,2023-08-26,2023-08-27,1;22;26;4;7,남,20,1,11,0,11,11,2,10,0,0,6100,175600,2,181700,90850
e_e010990,e010990,2023-08-27,2023-08-28,3,여,30,4,6,0,6,6,3,8,0,0,0,73600,2,73600,36800
e_e010991,e010991,2023-08-27,2023-08-28,4;5;24;28;22;26,남,30,5,7,0,8,7,1,6,0,0,50000,60800,2,110800,55400
e_e011007,e011007,2023-08-26,2023-08-27,22;26;28,여,30,2,5,0,8,5,3,16,0,0,30000,181400,2,211400,105700
e_e011029,e011029,2023-08-26,2023-08-27,1;24,남,30,5,5,0,13,5,2,16,0,0,53000,127450,2,180450,90225
e_e011037,e011037,2023-08-26,2023-08-27,1;22;6,여,30,4,7,0,6,7,0,2,0,0,0,97100,2,97100,48550
e_e011039,e011039,2023-09-02,2023-09-03,2;22;24;26;6,여,20,3,8,0,6,8,2,5,0,0,9000,107500,2,116500,58250
e_e011046,e011046,2023-08-25,2023-08-26,4,남,30,6,6,0,5,6,1,1,0,0,30000,293000,2,323000,161500
e_e011054,e011054,2023-08-27,2023-08-28,2;5,여,40,5,7,0,6,7,2,14,0,0,126000,129500,2,255500,127750
e_e011058,e011058,2023-08-26,2023-08-27,2;22;26;6,여,20,4,4,0,7,4,0,17,0,0,3700,4500,2,8200,4100
e_e011062,e011062,2023-08-25,2023-08-26,6,남,30,9,6,0,4,6,1,2,0,0,12000,51645,2,63645,31822.5
e_e011070,e011070,2023-08-26,2023-08-27,1;22;24;26,여,20,5,5,0,6,5,1,2,0,0,0,158100,2,158100,79050
e_e011095,e011095,2023-08-27,2023-08-28,1;3;7;12;22;24;26;27;21,여,20,1,11,0,12,11,1,12,0,0,12900,128000,2,140900,70450
e_e011100,e011100,2023-08-27,2023-08-28,11;6,여,50,1,3,0,3,3,6,1,0,0,17000,284400,2,301400,150700
e_e011125,e011125,2023-08-31,2023-09-01,1;22;24;26;27,여,20,4,7,0,14,7,0,8,0,0,6700,54100,2,60800,30400
e_e011128,e011128,2023-09-02,2023-09-03,22;7;27;28;21;5;11,여,20,2,4,0,5,4,0,5,30000,0,2700,168000,2,200700,100350
e_e011130,e011130,2023-08-25,2023-08-26,1;21;4;6;7,여,20,4,8,0,7,8,1,4,0,0,6200,74500,2,80700,40350
e_e011132,e011132,2023-09-02,2023-09-03,1;2;22;9,남,20,4,6,0,11,6,1,2,0,0,21600,143000,2,164600,82300
e_e011150,e011150,2023-08-28,2023-08-29,2;1;22;10;26;5,남,20,1,3,0,6,3,1,3,0,0,15600,97800,2,113400,56700
e_e011151,e011151,2023-08-27,2023-08-28,1;25;28,남,30,7,6,0,10,6,1,5,0,0,30550,216850,2,247400,123700
e_e011167,e011167,2023-08-25,2023-08-26,22;26;6,여,20,4,6,0,7,6,1,10,0,0,11800,100200,2,112000,56000
e_e011186,e011186,2023-08-26,2023-08-27,2;4;6;9,남,40,4,5,0,9,5,3,4,0,0,2000,290700,2,292700,146350
e_e011187,e011187,2023-08-26,2023-08-27,1;22;26;3;4,여,20,2,8,0,9,8,0,7,0,0,10000,127500,2,137500,68750
e_e011208,e011208,2023-08-26,2023-08-27,1;4;3;6;7;22;26,남,30,3,6,0,9,6,2,8,18000,0,17800,139700,2,175500,87750
e_e011215,e011215,2023-08-26,2023-08-27,1;3;21,남,20,4,7,0,8,7,0,4,0,0,5000,72900,2,77900,38950
e_e011218,e011218,2023-09-01,2023-09-02,1;21;22;24;26;3;12,여,20,2,13,0,13,13,0,2,0,0,8400,88200,2,96600,48300
e_e011239,e011239,2023-08-27,2023-08-28,1;22;24;26;4,여,20,2,12,0,11,12,1,5,0,0,14000,100000,2,114000,57000
e_e011246,e011246,2023-08-27,2023-08-28,1;2;3;4;6,남,30,1,8,0,9,8,1,9,0,0,5400,60300,2,65700,32850
e_e011247,e011247,2023-08-27,2023-08-28,1;22;26;6,여,20,1,5,0,6,5,1,2,16000,0,1950,67800,2,85750,42875
e_e011252,e011252,2023-08-26,2023-08-27,6,남,20,2,10,0,10,10,1,1,33800,0,39800,38000,2,111600,55800
e_e011254,e011254,2023-08-27,2023-08-28,13;21;1,남,30,4,5,0,7,5,1,9,0,0,0,62150,2,62150,31075
e_e011360,e011360,2023-09-09,2023-09-10,1;2;6,남,20,2,5,0,6,5,1,2,0,0,55600,85300,2,140900,70450
e_e011377,e011377,2023-08-28,2023-08-29,1;2;22;26;4,여,20,4,9,0,7,9,1,2,0,0,9400,139000,2,148400,74200
e_e011379,e011379,2023-08-28,2023-08-29,22,남,30,5,6,0,4,6,1,9,0,0,18500,170600,2,189100,94550
e_e011389,e011389,2023-08-31,2023-09-01,8;22,여,30,4,10,0,11,10,3,8,171000,0,22400,198960,2,392360,196180
e_e011393,e011393,2023-08-26,2023-08-27,6,여,20,2,5,0,3,5,0,1,66000,0,4400,8000,2,78400,39200
e_e011396,e011396,2023-08-29,2023-08-30,1;26;22;2;4,여,20,5,7,0,5,7,0,5,0,0,7400,260610,2,268010,134005
e_e011399,e011399,2023-08-26,2023-08-27,6,여,40,4,5,0,6,5,0,2,0,0,4700,60700,2,65400,32700
e_e011405,e011405,2023-09-03,2023-09-04,1;2;22;26;9,남,30,1,3,0,4,3,3,7,52300,0,50000,51100,2,153400,76700
e_e011406,e011406,2023-08-31,2023-09-01,4;6;1;2;22;24;26,여,20,3,4,0,3,4,1,2,0,0,51110,33700,2,84810,42405
e_e011407,e011407,2023-09-01,2023-09-02,1;2;22;24;4,남,20,2,6,0,9,6,1,2,13800,0,8600,27000,2,49400,24700
e_e011408,e011408,2023-08-26,2023-08-27,10;11,여,40,4,5,0,6,5,2,3,0,0,30000,87000,2,117000,58500
e_e011413,e011413,2023-08-26,2023-08-27,10;2;21;22;24,여,30,7,5,0,8,5,3,7,0,0,29000,182800,2,211800,105900
e_e011417,e011417,2023-09-02,2023-09-03,22;26;5;6;7,여,20,5,7,0,7,7,1,1,0,0,11900,111600,2,123500,61750
e_e011421,e011421,2023-08-28,2023-08-29,22,여,30,7,5,0,5,5,1,11,0,0,45200,34300,2,79500,39750
e_e011422,e011422,2023-09-03,2023-09-04,22;24;25;5;6,남,40,4,5,0,4,5,1,2,42530,0,0,70500,2,113030,56515
e_e011429,e011429,2023-08-27,2023-08-28,22;8;5,여,30,3,7,0,10,7,0,18,8000,0,69400,49280,2,126680,63340
e_e011430,e011430,2023-08-26,2023-08-27,22;24;3,여,20,4,6,0,5,6,1,7,0,0,11800,88000,2,99800,49900
e_e011431,e011431,2023-09-03,2023-09-04,2;22,여,30,5,4,0,5,4,1,5,23800,0,3900,70400,2,98100,49050
e_e011432,e011432,2023-09-16,2023-09-17,2;1;3;26;22,여,20,4,8,0,9,8,1,4,0,0,64800,149900,2,214700,107350
e_e011433,e011433,2023-08-26,2023-08-27,6;22,여,20,3,6,0,11,6,0,12,0,0,9000,38400,2,47400,23700
e_e011435,e011435,2023-08-26,2023-08-27,1;10;23,여,30,5,5,0,5,5,1,2,0,0,73900,79400,2,153300,76650
e_e011438,e011438,2023-08-31,2023-09-01,1;22;5,여,20,3,5,0,3,5,1,1,20000,0,32850,11500,2,64350,32175
e_e011446,e011446,2023-08-26,2023-08-27,6;8,남,30,5,7,0,6,7,1,7,0,0,7500,125200,2,132700,66350
e_e011462,e011462,2023-08-27,2023-08-28,1;22;26;4;7,여,20,5,6,0,5,6,1,3,0,0,5600,90600,2,96200,48100
e_e011466,e011466,2023-08-29,2023-08-30,2;6;24;22;26,여,30,2,3,0,2,3,0,1,0,0,0,0,2,0,0
e_e011473,e011473,2023-09-02,2023-09-03,2;25;5;7;9,남,30,4,7,0,8,7,2,6,0,0,25000,191000,2,216000,108000
e_e011482,e011482,2023-08-28,2023-08-29,22;1;6,여,20,2,6,0,4,6,0,1,0,0,4450,65700,2,70150,35075
e_e011483,e011483,2023-08-26,2023-08-27,1;22;6,여,20,2,7,0,6,7,1,6,18000,0,3400,75955,2,97355,48677.5
e_e011486,e011486,2023-08-26,2023-08-27,11;6;9,남,30,5,8,0,7,8,0,2,17400,0,53000,53720,2,124120,62060
e_e011488,e011488,2023-08-26,2023-08-27,1,남,20,5,7,0,5,7,1,3,0,0,16157,56000,2,72157,36078.5
e_e011489,e011489,2023-08-26,2023-08-27,28;4;5;22;1;24;26,여,20,4,6,0,8,6,1,4,0,0,39600,160700,2,200300,100150
e_e011490,e011490,2023-08-29,2023-08-30,6,여,50,1,9,0,9,9,0,3,0,0,3400,39600,2,43000,21500
e_e011498,e011498,2023-08-27,2023-08-28,1,여,40,5,4,0,4,4,3,1,0,0,30000,457000,2,487000,243500
e_e011505,e011505,2023-08-26,2023-08-27,22;26;5;9,남,20,5,4,0,5,4,0,8,0,0,12700,14500,2,27200,13600
e_e011538,e011538,2023-08-26,2023-08-27,24,남,20,2,7,0,5,7,1,1,0,0,4550,40700,2,45250,22625
e_e011552,e011552,2023-08-26,2023-08-27,23;1;3,남,20,3,7,0,8,7,1,5,0,0,9000,145400,2,154400,77200
e_e011567,e011567,2023-09-01,2023-09-02,1;2;21;26,여,20,4,5,0,6,5,1,1,0,0,41800,38000,2,79800,39900
e_e011570,e011570,2023-08-27,2023-08-28,1;2;22;24;4,여,30,6,8,0,16,8,0,15,0,0,7000,121000,2,128000,64000
e_e011572,e011572,2023-08-26,2023-08-27,1;22;4;6,여,20,8,9,0,13,9,1,5,0,0,43500,154000,2,197500,98750
e_e011574,e011574,2023-08-27,2023-08-28,11;6,남,30,7,9,0,11,9,1,1,45000,0,54000,189800,2,288800,144400
e_e011575,e011575,2023-08-26,2023-08-27,21;22;23;4;5,남,20,1,6,0,6,6,1,2,12500,0,18000,46300,2,76800,38400
e_e011576,e011576,2023-08-27,2023-08-28,1;3,여,20,3,11,0,9,11,1,15,0,0,12430,86800,2,99230,49615
e_e011580,e011580,2023-08-26,2023-08-27,2;3;12;24;13,여,20,2,9,0,10,9,1,18,0,0,8500,106400,2,114900,57450
e_e011581,e011581,2023-08-26,2023-08-27,1;4;6;7;9,여,20,1,4,0,4,4,0,2,0,0,12750,27000,2,39750,19875
e_e011582,e011582,2023-08-26,2023-08-27,1;4;5,여,40,1,5,0,5,5,2,3,24000,0,5000,53000,2,82000,41000
e_e011583,e011583,2023-09-10,2023-09-11,24;26;13;1,여,60,4,9,0,9,9,1,8,0,0,15000,168620,2,183620,91810
e_e011588,e011588,2023-08-26,2023-08-27,5;4;1;24;5;2,남,40,7,5,0,7,5,2,2,174880,0,6640,60150,2,241670,120835
e_e011592,e011592,2023-08-26,2023-08-27,12;21;22;7;8,남,20,2,9,0,10,9,1,8,15000,0,66800,79500,2,161300,80650
e_e011596,e011596,2023-08-30,2023-08-31,2;21;22;5;6,남,20,2,13,0,18,13,0,13,0,0,4000,56500,2,60500,30250
e_e011627,e011627,2023-08-26,2023-08-27,13;2;27;4;6,여,30,5,9,0,12,9,1,24,0,0,56200,69200,2,125400,62700
e_e011630,e011630,2023-08-26,2023-08-27,2;6,남,20,4,11,0,11,11,1,9,0,0,34400,171500,2,205900,102950
e_e011631,e011631,2023-08-26,2023-08-27,4;22;24;26;1,여,30,5,5,0,3,5,0,4,3000,0,6400,91100,2,100500,50250
e_e011632,e011632,2023-08-29,2023-08-30,2;22;4;6,여,20,3,10,0,10,10,0,1,0,0,9400,405400,2,414800,207400
e_e011637,e011637,2023-08-27,2023-08-28,1;12;13;21;3,남,30,5,4,0,5,4,2,2,0,0,0,52000,2,52000,26000
e_e011641,e011641,2023-08-27,2023-08-28,25,남,30,7,5,0,3,5,1,4,0,0,0,79900,2,79900,39950
e_e011643,e011643,2023-08-29,2023-08-30,25;22,여,30,5,5,0,3,5,1,4,0,0,1800,88100,2,89900,44950
e_e011715,e011715,2023-09-06,2023-09-07,10;2;21;22,여,30,4,8,0,8,8,1,3,0,0,31000,107100,2,138100,69050
e_e011737,e011737,2023-09-03,2023-09-04,1;22;3;6,여,20,3,7,0,8,7,0,7,0,0,5600,81500,2,87100,43550
e_e011742,e011742,2023-09-07,2023-09-08,2;22;23;26;4,남,30,6,6,0,7,6,1,1,23000,444675,20000,106600,2,594275,297137.5
e_e011752,e011752,2023-09-09,2023-09-10,21;22;3;4;6,남,20,2,7,0,7,7,1,2,0,0,14600,25700,2,40300,20150
e_e011756,e011756,2023-08-27,2023-08-28,11;22;26;4;9,여,20,4,11,0,12,11,1,14,0,0,12000,68200,2,80200,40100
e_e011758,e011758,2023-09-17,2023-09-18,2;22;21;4;26,여,20,5,10,0,9,10,1,6,0,0,11700,159600,2,171300,85650
e_e011779,e011779,2023-08-29,2023-08-30,1;2;21;27;6,여,20,2,7,0,7,7,0,5,0,0,3100,34700,2,37800,18900
e_e011783,e011783,2023-08-31,2023-09-01,1;22;4,여,20,4,8,0,9,8,0,1,0,0,6300,22800,2,29100,14550
e_e011787,e011787,2023-08-27,2023-08-28,2;6;9;12;1,남,20,1,8,0,8,8,2,10,10000,0,32600,136000,2,178600,89300
e_e011803,e011803,2023-08-29,2023-08-30,2;27;28,여,30,4,5,0,3,5,0,6,0,0,2900,0,2,2900,1450
e_e011858,e011858,2023-08-31,2023-09-01,1;27;7,여,20,5,11,0,13,11,0,2,0,0,6300,157310,2,163610,81805
e_e011866,e011866,2023-08-27,2023-08-28,12;21;22,남,20,2,5,0,4,5,3,2,0,0,76900,185500,2,262400,131200
e_e011868,e011868,2023-09-03,2023-09-04,11;22;5;7,여,30,6,5,0,5,5,1,1,0,0,56588,64000,2,120588,60294
e_e011869,e011869,2023-08-27,2023-08-28,1;10;2;5;7,여,20,2,3,0,2,3,2,1,0,0,6200,65100,2,71300,35650
e_e011873,e011873,2023-08-28,2023-08-29,1;22;26;3,남,20,2,6,0,7,6,1,10,0,0,7050,63000,2,70050,35025
e_e011885,e011885,2023-08-27,2023-08-28,10,남,30,1,3,0,2,3,3,1,80000,0,12200,61000,2,153200,76600
e_e011903,e011903,2023-08-27,2023-08-28,25;21;22,남,30,6,6,0,6,6,0,13,0,0,50000,19900,2,69900,34950
e_e011941,e011941,2023-08-31,2023-09-01,1;22;26;27,여,40,1,5,0,4,5,1,2,0,0,6000,366300,2,372300,186150
e_e011956,e011956,2023-08-29,2023-08-30,1;3;4;6;7,남,20,3,7,0,8,7,0,3,0,0,10000,78700,2,88700,44350
e_e012026,e012026,2023-08-31,2023-09-01,22,여,30,6,11,0,9,11,2,4,0,0,10000,73900,2,83900,41950
e_e012047,e012047,2023-08-31,2023-09-01,12;2;22;4;6,남,20,2,6,0,10,6,1,11,0,0,19000,76900,2,95900,47950
e_e012049,e012049,2023-09-01,2023-09-02,1;11;22;3;4,남,30,1,10,0,9,10,2,8,0,0,19500,106000,2,125500,62750
e_e012063,e012063,2023-08-29,2023-08-30,1;4;6,여,20,1,8,0,12,8,1,4,22600,0,46000,59500,2,128100,64050
e_e012070,e012070,2023-09-01,2023-09-02,3;21;27,여,20,2,7,0,7,7,0,6,0,0,5700,31000,2,36700,18350
e_e012074,e012074,2023-08-29,2023-08-30,2;21;22;24;26,남,20,4,6,0,8,6,1,18,0,0,1000,61000,2,62000,31000
e_e012107,e012107,2023-08-30,2023-08-31,21;1;4;6;3;27;24,남,20,4,7,0,5,7,1,5,0,0,5350,37000,2,42350,21175
e_e012132,e012132,2023-09-01,2023-09-02,1;3;6;12;11;22;21,여,20,2,8,0,13,8,1,15,0,0,4450,113700,2,118150,59075
e_e012137,e012137,2023-08-30,2023-08-31,1;22;3;6;9,여,20,2,8,0,9,8,0,18,0,0,4500,19000,2,23500,11750
e_e012144,e012144,2023-08-31,2023-09-01,1;4,여,20,1,9,0,10,9,1,2,0,0,70200,72000,2,142200,71100
e_e012180,e012180,2023-08-30,2023-08-31,22;3,여,40,7,8,0,6,8,0,8,0,0,5000,23800,2,28800,14400
e_e012192,e012192,2023-08-31,2023-09-01,2;22,남,30,5,7,0,6,7,1,7,0,0,25800,113800,2,139600,69800
e_e012194,e012194,2023-08-29,2023-08-30,1;21;22;26;27,여,30,3,4,0,4,4,1,1,0,0,50200,62000,2,112200,56100
e_e012221,e012221,2023-09-02,2023-09-03,1;2;22;4,남,20,4,5,0,5,5,2,6,0,0,50000,71700,2,121700,60850
e_e012232,e012232,2023-09-02,2023-09-03,22;4;7,여,30,5,6,0,3,6,1,1,0,0,46000,155650,2,201650,100825
e_e012240,e012240,2023-09-03,2023-09-04,1;2;22;7,여,40,3,3,0,5,3,4,3,0,0,148180,447000,2,595180,297590
e_e012242,e012242,2023-09-14,2023-09-15,1;2;21;22;27,여,30,3,5,0,7,5,0,9,0,0,32000,48000,2,80000,40000
e_e012246,e012246,2023-09-16,2023-09-17,2;4;12;26;22;21,여,20,4,6,0,4,6,1,5,0,0,6700,65200,2,71900,35950
e_e012264,e012264,2023-09-02,2023-09-03,1;11;2;22,여,20,2,6,0,5,6,2,12,0,0,2700,148100,2,150800,75400
e_e012268,e012268,2023-09-02,2023-09-03,1;10;2;5;6,여,30,4,6,0,8,6,1,17,0,0,35000,156000,2,191000,95500
e_e012305,e012305,2023-08-29,2023-08-30,1;3;6,남,40,4,11,0,10,11,2,6,0,0,353400,110400,2,463800,231900
e_e012344,e012344,2023-09-02,2023-09-03,1;22;25;4;7,남,30,5,6,0,7,6,1,1,0,0,12000,125300,2,137300,68650
e_e012346,e012346,2023-09-02,2023-09-03,1;22;26;4;6,여,20,4,5,0,4,5,1,1,340000,0,220000,113500,2,673500,336750
e_e012349,e012349,2023-09-10,2023-09-11,1;28;3;4;6,여,20,1,6,0,10,6,1,6,0,0,5000,99900,2,104900,52450
e_e012357,e012357,2023-08-31,2023-09-01,6;22;21,여,30,6,7,0,5,7,0,4,14000,0,29650,111700,2,155350,77675
e_e012389,e012389,2023-09-02,2023-09-03,1;22;21;24;26,여,20,5,7,0,15,7,1,7,0,0,16000,180400,2,196400,98200
e_e012429,e012429,2023-09-09,2023-09-10,8;22;26;25,남,30,4,4,0,5,4,1,7,0,0,55600,142300,2,197900,98950
e_e012487,e012487,2023-09-01,2023-09-02,1;21;22;3;4,여,20,4,6,0,6,6,0,7,0,0,8200,45300,2,53500,26750
e_e012488,e012488,2023-08-30,2023-08-31,1;22;4;6,여,20,2,9,0,8,9,0,1,8000,0,5600,29300,2,42900,21450
e_e012514,e012514,2023-09-02,2023-09-03,1;11;12;3;4,여,60,4,8,0,17,8,5,9,8800,0,54800,128500,2,192100,96050
e_e012554,e012554,2023-08-31,2023-09-01,1;11;2;21;4,남,20,3,11,0,9,11,1,4,0,0,24900,130100,2,155000,77500
e_e012583,e012583,2023-09-02,2023-09-03,12;22;3,여,30,3,8,0,9,8,1,7,0,0,3500,78500,2,82000,41000
e_e012622,e012622,2023-08-31,2023-09-01,22,여,20,4,4,0,8,4,1,9,0,0,5600,166310,2,171910,85955
e_e012636,e012636,2023-08-31,2023-09-01,1;26;6,여,30,4,6,0,6,6,1,1,0,0,18300,131200,2,149500,74750
e_e012682,e012682,2023-09-01,2023-09-02,27,여,40,5,6,0,5,6,0,10,5410,0,57086,54500,2,116996,58498
e_e012694,e012694,2023-09-01,2023-09-02,2;22,남,20,4,4,0,3,4,5,1,0,0,23170,168000,2,191170,95585
e_e012748,e012748,2023-08-31,2023-09-01,2;5,남,30,3,10,0,8,10,0,6,0,0,5400,29600,2,35000,17500
e_e012760,e012760,2023-09-02,2023-09-03,5;6,여,20,1,5,0,3,5,1,1,0,0,45000,46000,2,91000,45500
e_e012761,e012761,2023-09-09,2023-09-10,11;2;22;3;6,남,30,3,5,0,10,5,3,1,88000,0,33000,74000,2,195000,97500
e_e012805,e012805,2023-09-11,2023-09-12,2;26;22,여,20,5,4,0,5,4,1,2,9500,0,65000,0,2,74500,37250
e_e012976,e012976,2023-09-16,2023-09-17,22;26;24;1;4;6,여,20,4,7,0,8,7,1,1,0,0,8700,115800,2,124500,62250
e_e013029,e013029,2023-09-04,2023-09-05,26;7,여,60,4,8,0,7,8,3,2,0,0,27000,189360,2,216360,108180
e_e013030,e013030,2023-09-09,2023-09-10,22;4,남,40,6,4,0,2,4,3,7,0,0,8000,180000,2,188000,94000
e_e013055,e013055,2023-09-17,2023-09-18,6;4;22;4,여,40,5,6,0,3,6,2,4,9500,0,86400,40000,2,135900,67950
e_e013062,e013062,2023-09-05,2023-09-06,2;6,남,20,4,8,0,6,8,1,1,20060,0,10000,58800,2,88860,44430
e_e013063,e013063,2023-09-10,2023-09-11,2;22;6,여,20,6,6,0,5,6,1,2,322000,0,0,52640,2,374640,187320
e_e013094,e013094,2023-09-16,2023-09-17,4;1,남,30,5,7,0,7,7,0,10,0,0,20000,25400,2,45400,22700
e_e013131,e013131,2023-09-10,2023-09-11,2;4;5;6,남,30,5,4,0,5,4,3,4,0,0,30000,84100,2,114100,57050
f_f000038,f000038,2023-04-29,2023-05-02,10;28,남,50,8,15,0,13,15,2,1,0,0,0,174000,4,174000,43500
f_f000041,f000041,2023-04-28,2023-04-30,2;21;26,남,40,4,5,0,7,5,1,1,33720,379000,12250,71500,3,496470,165490
f_f000458,f000458,2023-05-28,2023-05-30,2;21;23;27,여,40,7,14,0,15,14,2,1,0,38250,0,163750,3,202000,67333.33333
f_f003663,f003663,2023-07-01,2023-07-02,2;22;5;7,여,20,3,8,0,10,8,1,6,20000,0,32600,147000,2,199600,99800
f_f006366,f006366,2023-08-18,2023-08-19,2;24;4;5;9,남,40,12,6,0,10,6,1,9,0,0,0,86000,2,86000,43000
f_f006622,f006622,2023-08-12,2023-08-14,11;8,남,40,9,6,0,10,6,3,6,0,30000,45800,22500,3,98300,32766.66667
g_g000018,g000018,2023-04-29,2023-04-30,4,남,40,6,11,0,11,11,3,2,0,0,30300,129400,2,159700,79850
g_g003294,g003294,2023-07-08,2023-07-10,12;23;26;3;9,여,30,4,11,0,10,11,1,1,0,112376,68700,143900,3,324976,108325.3333
g_g005600,g005600,2023-08-23,2023-08-24,4;9,여,30,2,3,0,2,3,1,2,0,0,2500,2000,2,4500,2250
g_g007343,g007343,2023-08-19,2023-08-20,1,남,30,6,4,0,3,4,0,2,0,0,15000,22900,2,37900,18950
g_g010556,g010556,2023-09-02,2023-09-03,22,여,30,5,8,0,9,8,1,2,0,0,50000,109500,2,159500,79750
h_h003275,h003275,2023-08-27,2023-08-28,10;2;24;5;6,남,40,8,6,0,9,6,3,2,0,0,36200,46000,2,82200,41100
e_e000297,e000297,2023-05-20,2023-05-22,22;6,여,30,4,13,0,15,13,0,8,85500,0,52050,99900,3,237450,79150
e_e000308,e000308,2023-06-03,2023-06-07,1;2;6;7;9,남,30,4,40,0,74,40,1,2,439200,440000,286500,703590,5,1869290,373858
e_e000313,e000313,2023-05-19,2023-05-22,1;22;4;5;7,여,30,4,20,0,23,20,0,12,0,0,3300,119000,4,122300,30575
e_e000327,e000327,2023-05-22,2023-05-23,1;22;26,여,20,3,7,0,6,7,0,1,0,0,12750,73500,2,86250,43125
e_e000337,e000337,2023-05-27,2023-05-30,1;22;24;4;6,남,30,4,26,0,38,26,1,9,0,255200,35600,554320,4,845120,211280
e_e000339,e000339,2023-05-27,2023-05-30,1;2;3;4;5,남,20,1,27,0,38,27,0,6,0,0,0,129330,4,129330,32332.5
e_e000391,e000391,2023-05-29,2023-05-30,11;22;23;24;26,여,40,1,5,0,4,5,3,4,0,0,50000,98800,2,148800,74400
e_e000394,e000394,2023-05-20,2023-05-21,22;26;6,여,40,1,5,0,3,5,2,1,10000,0,7250,9200,2,26450,13225
e_e000431,e000431,2023-05-27,2023-05-30,22;24;26;28;8,여,50,5,7,0,8,7,5,5,150890,0,70000,31500,4,252390,63097.5
e_e000459,e000459,2023-05-27,2023-05-30,1;2;22;6;7,여,30,4,18,0,24,18,1,2,0,184484,67600,420200,4,672284,168071
e_e000471,e000471,2023-05-29,2023-05-31,21;23;6,남,40,9,12,0,9,12,1,7,0,120000,63200,177500,3,360700,120233.3333
e_e000478,e000478,2023-06-02,2023-06-05,4,여,40,2,10,0,6,10,2,2,35999,0,45999,185120,4,267118,66779.5
e_e000528,e000528,2023-05-21,2023-05-22,1;4;22,여,30,4,8,0,7,8,0,2,21400,0,4800,96600,2,122800,61400
e_e000537,e000537,2023-05-25,2023-05-27,10;22;23;26;27,남,30,6,9,0,9,9,1,1,0,158400,18400,219250,3,396050,132016.6667
e_e000538,e000538,2023-06-04,2023-06-06,2;22;23,여,40,8,11,0,12,11,3,9,0,0,0,224250,3,224250,74750
e_e000568,e000568,2023-05-20,2023-05-21,1;22;24;4;6,여,20,4,14,0,15,14,1,11,0,0,14000,100600,2,114600,57300
e_e000573,e000573,2023-05-20,2023-05-21,3;24;22;26,남,60,6,7,0,12,7,1,4,0,0,20000,82400,2,102400,51200
e_e000589,e000589,2023-05-17,2023-05-18,2;22;6,여,20,4,6,0,7,6,1,1,21500,0,5000,31000,2,57500,28750
e_e000592,e000592,2023-05-20,2023-05-21,1;24;3,여,20,8,7,0,6,7,1,1,0,0,8000,369500,2,377500,188750
e_e000614,e000614,2023-05-26,2023-05-29,1;26;6;12,여,20,5,11,0,11,11,1,6,0,0,16400,104900,4,121300,30325
e_e000652,e000652,2023-05-20,2023-05-21,2,남,40,5,5,0,8,5,2,4,0,0,5500,69800,2,75300,37650
e_e000656,e000656,2023-06-03,2023-06-07,2;26;27;3;6,남,40,7,12,0,8,12,3,11,0,0,108000,161300,5,269300,53860
e_e000665,e000665,2023-05-19,2023-05-21,22;24;26;27;28,여,20,5,9,0,7,9,1,1,0,0,18000,25400,3,43400,14466.66667
e_e000712,e000712,2023-05-27,2023-05-28,13;3,여,60,3,7,0,8,7,0,8,0,0,8000,25300,2,33300,16650
e_e000742,e000742,2023-06-03,2023-06-06,2;1;6;26;4,남,40,5,20,0,21,20,1,4,0,230000,84000,266300,4,580300,145075
e_e000749,e000749,2023-05-21,2023-05-22,22;25;26,남,20,4,4,0,5,4,1,1,0,0,28330,74300,2,102630,51315
e_e000753,e000753,2023-06-04,2023-06-06,2;22;27;5,남,40,10,11,0,11,11,4,1,0,550000,83000,83500,3,716500,238833.3333
e_e000769,e000769,2023-05-20,2023-05-21,2,여,30,6,4,0,3,4,2,1,0,0,38400,42300,2,80700,40350
e_e000776,e000776,2023-05-27,2023-05-28,22,여,30,4,5,0,6,5,1,3,0,0,3500,39500,2,43000,21500
e_e000779,e000779,2023-05-25,2023-05-26,13;21;22;3;4,여,40,8,8,0,8,8,0,2,0,0,8300,24800,2,33100,16550
e_e000843,e000843,2023-05-29,2023-05-30,21;27;28,남,40,5,4,0,4,4,3,5,0,0,16200,56200,2,72400,36200
e_e000853,e000853,2023-05-27,2023-05-28,2;21,남,30,6,3,0,4,3,2,3,24300,0,0,28500,2,52800,26400
e_e000880,e000880,2023-05-29,2023-05-31,10;2;22;23;5,여,30,4,4,0,7,4,1,1,0,70000,0,231700,3,301700,100566.6667
e_e000920,e000920,2023-06-02,2023-06-05,1;2;22;3;8,남,30,5,11,0,13,11,1,1,0,35000,6500,152400,4,193900,48475
e_e000921,e000921,2023-05-24,2023-05-27,1;24;6,남,30,4,22,0,22,22,0,4,0,90000,15250,262600,4,367850,91962.5
e_e000944,e000944,2023-05-27,2023-05-29,2;9;6;22;24,남,30,2,11,0,12,11,2,3,0,71628,101596,153600,3,326824,108941.3333
e_e000963,e000963,2023-05-27,2023-05-29,22;5;7,남,50,5,6,0,5,6,9,1,0,900000,30000,609000,3,1539000,513000
e_e000978,e000978,2023-06-06,2023-06-07,1;12;2;24;26,여,20,3,5,0,6,5,0,5,0,0,0,15700,2,15700,7850
e_e001003,e001003,2023-06-02,2023-06-05,22;26;2;27,여,30,2,12,0,15,12,2,4,0,306100,40000,117700,4,463800,115950
e_e001006,e001006,2023-05-26,2023-05-30,1;2;3;4;5,여,20,5,17,0,12,17,0,1,0,0,182000,158000,5,340000,68000
e_e001020,e001020,2023-05-26,2023-05-29,1;2;24;27;4,남,30,5,13,0,10,13,0,12,16100,0,67600,146500,4,230200,57550
e_e001038,e001038,2023-06-03,2023-06-04,9;1;22;7;6,남,20,4,3,0,4,3,1,5,0,0,31100,42480,2,73580,36790
e_e001042,e001042,2023-06-02,2023-06-05,1;13;2;22;24,여,60,5,15,0,18,15,3,10,0,0,0,306700,4,306700,76675
e_e001055,e001055,2023-06-05,2023-06-06,1;4;5;7,남,20,5,10,0,9,10,1,1,0,0,7920,366400,2,374320,187160
e_e001056,e001056,2023-06-03,2023-06-04,1;22,여,20,4,4,0,3,4,0,3,0,0,0,76800,2,76800,38400
e_e001077,e001077,2023-06-02,2023-06-03,21;22;6,여,60,5,4,0,4,4,1,7,0,0,2000,45000,2,47000,23500
e_e001153,e001153,2023-06-03,2023-06-05,1;11;2,여,30,3,9,0,9,9,2,5,0,48500,108800,187100,3,344400,114800
e_e001187,e001187,2023-05-28,2023-05-29,22;6,남,40,1,5,0,4,5,2,9,0,0,20000,74200,2,94200,47100
e_e001208,e001208,2023-05-27,2023-05-28,3;1,여,20,4,5,0,4,5,1,1,0,0,22300,87000,2,109300,54650
e_e001258,e001258,2023-05-27,2023-05-29,6;1;23;22,남,40,6,12,0,20,12,3,3,0,313930,222200,278250,3,814380,271460
e_e001294,e001294,2023-05-28,2023-05-29,6;22;1,여,20,2,5,0,10,5,1,1,0,0,9100,207000,2,216100,108050
e_e001300,e001300,2023-05-27,2023-05-30,1;6;3;26;24;22;12;5,여,30,5,27,0,26,27,1,3,0,0,20200,216900,4,237100,59275
e_e001361,e001361,2023-05-28,2023-05-29,22;6;9,여,30,2,12,0,17,12,0,5,0,0,5000,34300,2,39300,19650
e_e001379,e001379,2023-05-29,2023-05-31,10;23;27;5,남,40,7,9,0,11,9,8,2,100000,204000,31100,228000,3,563100,187700
e_e001399,e001399,2023-06-04,2023-06-05,2;22,남,30,5,5,0,8,5,2,3,21270,0,29200,156400,2,206870,103435
e_e001486,e001486,2023-05-27,2023-05-28,22;24;26;8,여,40,1,5,0,2,5,6,6,0,0,30000,241280,2,271280,135640
e_e001496,e001496,2023-06-04,2023-06-07,27;22;21;2,남,40,6,10,0,12,10,7,1,543000,1150000,2800,718200,4,2414000,603500
e_e001555,e001555,2023-05-31,2023-06-03,1;10;2;4;6,여,20,4,16,0,21,16,1,4,0,66000,127600,332100,4,525700,131425
e_e001575,e001575,2023-05-28,2023-05-30,23,여,30,5,11,0,11,11,1,6,0,318230,40000,73920,3,432150,144050
e_e001925,e001925,2023-06-02,2023-06-04,1;23,남,30,5,10,0,8,10,1,3,0,169000,66200,184850,3,420050,140016.6667
e_e001960,e001960,2023-06-03,2023-06-04,1;21;22;24;9,남,30,5,5,0,5,5,0,2,0,0,38000,18500,2,56500,28250
e_e001985,e001985,2023-06-03,2023-06-04,1;21;22;26;4,여,30,5,5,0,6,5,1,1,0,0,6000,49400,2,55400,27700
e_e002010,e002010,2023-06-04,2023-06-06,1;4;27;28;27;26;27;22;21;5;4,남,20,1,18,0,14,18,1,1,0,0,24000,74300,3,98300,32766.66667
e_e002028,e002028,2023-06-03,2023-06-04,1;22;26;6;9,남,30,6,6,0,8,6,1,1,0,0,21000,101200,2,122200,61100
e_e002039,e002039,2023-06-03,2023-06-04,6,남,30,6,7,0,6,7,1,3,28000,0,6700,29000,2,63700,31850
e_e002078,e002078,2023-06-03,2023-06-05,21;24;26;5,남,30,4,4,0,3,4,1,2,25000,120000,3600,0,3,148600,49533.33333
e_e002083,e002083,2023-06-06,2023-06-08,1;21;22;26;8,남,20,4,8,0,14,8,1,2,0,159000,14600,143640,3,317240,105746.6667
e_e002100,e002100,2023-06-10,2023-06-11,1;4,남,60,5,7,0,10,7,1,2,0,0,42300,11000,2,53300,26650
e_e002112,e002112,2023-06-05,2023-06-06,2;22;9,남,30,4,5,0,4,5,1,3,74800,0,5400,32500,2,112700,56350
e_e002114,e002114,2023-06-10,2023-06-11,1;2;9;11;26,여,40,1,3,0,7,3,1,1,0,0,15000,53000,2,68000,34000
e_e002146,e002146,2023-06-03,2023-06-04,1;2,여,30,2,4,0,2,4,1,4,0,0,30000,37800,2,67800,33900
e_e002180,e002180,2023-06-04,2023-06-05,2;21;24;27,남,40,1,5,0,7,5,2,2,0,0,52800,42000,2,94800,47400
e_e002190,e002190,2023-06-02,2023-06-04,10;21;22;23;5,여,40,4,8,0,10,8,1,3,44880,304000,50000,316000,3,714880,238293.3333
e_e002191,e002191,2023-06-03,2023-06-04,11;2;26;5;6,여,30,4,5,0,4,5,1,5,10000,0,0,40800,2,50800,25400
e_e002335,e002335,2023-06-04,2023-06-05,13;3,여,60,1,6,0,6,6,2,1,0,0,5000,90000,2,95000,47500
e_e002337,e002337,2023-06-04,2023-06-06,1;21;24;27,남,60,3,6,0,7,6,4,7,70000,250000,34800,55000,3,409800,136600
e_e002343,e002343,2023-06-03,2023-06-04,1;12;22,여,30,1,5,0,6,5,1,7,0,0,22000,183400,2,205400,102700
e_e002353,e002353,2023-06-03,2023-06-05,1;2;22;26,여,20,4,7,0,9,7,1,1,0,112063,6900,125700,3,244663,81554.33333
e_e002360,e002360,2023-06-03,2023-06-04,6;9;22,여,30,4,7,0,7,7,5,3,0,0,78100,320900,2,399000,199500
e_e002362,e002362,2023-06-06,2023-06-07,13;6;3,남,60,2,7,0,8,7,1,30,0,0,2900,27000,2,29900,14950
e_e002370,e002370,2023-06-04,2023-06-06,21;26;5,남,30,4,10,0,9,10,1,5,0,110000,53000,84730,3,247730,82576.66667
e_e002379,e002379,2023-06-04,2023-06-05,3;6;9,여,20,4,8,0,10,8,0,1,17000,0,4000,18600,2,39600,19800
e_e002388,e002388,2023-06-06,2023-06-07,1;26;4;5;6,남,40,7,3,0,5,3,3,3,0,0,20000,100000,2,120000,60000
e_e002390,e002390,2023-06-10,2023-06-11,1;2;21;6;9,여,30,6,6,0,8,6,1,3,0,0,4000,137200,2,141200,70600
e_e002403,e002403,2023-06-05,2023-06-07,1;24;4;6,여,30,4,16,0,16,16,1,6,0,0,12000,79800,3,91800,30600
e_e002443,e002443,2023-06-04,2023-06-05,3;21;2;27;6;1;12,남,20,4,8,0,13,8,1,3,0,0,29900,79200,2,109100,54550
e_e002485,e002485,2023-06-09,2023-06-11,10;23;26,여,30,1,13,0,17,13,3,2,48560,227000,50000,280970,3,606530,202176.6667
e_e002500,e002500,2023-06-17,2023-06-19,5;22;23;27,여,30,8,13,0,18,13,0,3,0,211182,161500,404380,3,777062,259020.6667
e_e002510,e002510,2023-06-16,2023-06-17,2,여,30,6,6,0,4,6,1,5,26900,0,12570,98600,2,138070,69035
e_e002515,e002515,2023-06-17,2023-06-19,23;6,남,30,5,16,0,14,16,0,1,528000,178200,73000,288900,3,1068100,356033.3333
e_e002613,e002613,2023-06-24,2023-06-25,1;21,여,20,4,6,0,9,6,0,6,0,0,3100,104000,2,107100,53550
e_e002664,e002664,2023-07-01,2023-07-03,21;22;24;27,남,40,5,7,0,4,7,2,1,0,0,40000,30900,3,70900,23633.33333
e_e002783,e002783,2023-07-08,2023-07-10,23;4;6;1;21;26,남,20,1,11,0,11,11,1,3,0,256000,37700,137600,3,431300,143766.6667
e_e002790,e002790,2023-06-10,2023-06-12,1;22;23;3,남,20,3,10,0,17,10,1,3,0,325000,56000,141410,3,522410,174136.6667
e_e002924,e002924,2023-06-11,2023-06-13,1;22;4;6;9,여,20,5,12,0,15,12,0,12,0,0,6850,134800,3,141650,47216.66667
e_e002936,e002936,2023-06-23,2023-06-25,1;23;6;7,여,30,4,10,0,11,10,0,5,0,0,133720,207000,3,340720,113573.3333
e_e003119,e003119,2023-06-22,2023-06-24,1;2;22;5,여,20,1,8,0,11,8,3,4,22630,107000,37000,329360,3,495990,165330
e_e003135,e003135,2023-06-15,2023-06-17,22;21,남,60,8,24,0,22,24,0,10,0,67243,6800,37700,3,111743,37247.66667
e_e003142,e003142,2023-06-19,2023-06-20,2,남,40,5,4,0,4,4,0,7,6000,0,56000,73000,2,135000,67500
e_e003171,e003171,2023-06-25,2023-06-26,1;3;6,남,30,2,6,0,5,6,3,7,0,0,20000,23500,2,43500,21750
e_e003177,e003177,2023-07-07,2023-07-09,21;22;24;26;8,여,20,5,11,0,12,11,1,6,37500,111900,95000,84770,3,329170,109723.3333
e_e003182,e003182,2023-06-30,2023-07-02,22;23,여,30,7,9,0,7,9,2,7,0,962500,2000,611950,3,1576450,525483.3333
e_e003250,e003250,2023-06-28,2023-06-29,12;22;26;4;6,남,20,1,9,0,8,9,0,7,0,0,71900,19100,2,91000,45500
e_e003255,e003255,2023-06-30,2023-07-01,4;6;21;22;24;26;1;2,남,30,3,6,0,9,6,3,5,0,0,1800,53500,2,55300,27650
e_e003306,e003306,2023-06-19,2023-06-21,2;22;22;26,여,20,1,8,0,11,8,1,1,0,25000,25350,187200,3,237550,79183.33333
e_e003315,e003315,2023-07-08,2023-07-10,1;23;5;8;9,남,20,9,11,0,11,11,1,6,400000,369921,50000,160530,3,980451,326817
e_e003320,e003320,2023-06-17,2023-06-18,22,남,20,3,6,0,4,6,1,1,0,0,4300,157000,2,161300,80650
e_e003340,e003340,2023-06-24,2023-06-25,1;22;7,여,20,1,7,0,8,7,1,4,0,0,68050,113000,2,181050,90525
e_e003345,e003345,2023-07-01,2023-07-02,2;22;27,여,20,4,6,0,6,6,1,4,0,0,70000,64500,2,134500,67250
e_e003358,e003358,2023-06-17,2023-06-19,1;5;8;1;1;28;27;2;22;1,여,20,2,6,0,8,6,1,7,0,155000,13000,129770,3,297770,99256.66667
e_e003359,e003359,2023-06-17,2023-06-18,1;2;22,남,20,3,6,0,5,6,1,2,0,0,1700,233300,2,235000,117500
e_e003367,e003367,2023-06-24,2023-06-26,1;6;7;22;26,남,20,5,10,0,10,10,2,3,0,0,63400,171980,3,235380,78460
e_e003437,e003437,2023-06-17,2023-06-18,13;2;3,여,40,4,7,0,8,7,1,17,4000,0,0,204100,2,208100,104050
e_e003464,e003464,2023-06-18,2023-06-19,2;21;22;26;27,남,60,6,6,0,6,6,1,11,0,0,2100,58600,2,60700,30350
e_e003503,e003503,2023-06-24,2023-06-26,22;4;6,남,20,4,12,0,15,12,1,4,11000,170050,77000,116400,3,374450,124816.6667
e_e003511,e003511,2023-06-22,2023-06-24,21;24;3;5,여,30,5,11,0,15,11,0,14,29900,70000,12300,129000,3,241200,80400
e_e003513,e003513,2023-06-21,2023-06-23,1;21;22;23;5,남,30,3,11,0,11,11,5,2,0,119000,4800,166650,3,290450,96816.66667
e_e003537,e003537,2023-07-09,2023-07-10,10;2;22;5;8,남,40,4,8,0,10,8,3,1,35240,0,10000,117496,2,162736,81368
e_e003543,e003543,2023-06-25,2023-06-26,11,여,40,1,9,0,8,9,2,7,0,0,12000,78200,2,90200,45100
e_e003544,e003544,2023-06-24,2023-06-25,1;13;27;3;4,남,30,2,10,0,11,10,1,18,0,0,15500,231000,2,246500,123250
e_e003551,e003551,2023-06-24,2023-06-26,10;12;12;2;1;22;21;26;22,남,20,3,13,0,18,13,1,7,3900,147000,203170,232740,3,586810,195603.3333
e_e003592,e003592,2023-06-25,2023-06-27,2;22;8,남,30,5,8,0,11,8,1,12,0,210000,60000,156740,3,426740,142246.6667
e_e003601,e003601,2023-07-01,2023-07-03,8;5;22;21;25,남,20,7,7,0,5,7,1,1,50000,0,57000,102250,3,209250,69750
e_e003623,e003623,2023-06-24,2023-06-26,4;26;22,남,20,3,14,0,13,14,1,6,0,140000,61325,120200,3,321525,107175
e_e003644,e003644,2023-07-06,2023-07-08,5;21;22;23;24;26;12;11;4;2,여,30,1,15,0,13,15,2,14,0,246000,0,52000,3,298000,99333.33333
e_e003645,e003645,2023-07-08,2023-07-10,1;2;22;3;4,남,20,5,15,0,20,15,1,7,0,0,21050,159400,3,180450,60150
e_e003651,e003651,2023-06-24,2023-06-26,2;22;5;6;8,남,20,3,8,0,13,8,1,10,33285,270000,48000,230563,3,581848,193949.3333
e_e003662,e003662,2023-07-01,2023-07-02,21;22;26,여,20,4,8,0,7,8,1,1,0,0,57700,74000,2,131700,65850
e_e003692,e003692,2023-06-21,2023-06-23,1;22;26;27;4,남,20,2,19,0,17,19,1,4,0,40000,35000,199000,3,274000,91333.33333
e_e003695,e003695,2023-06-23,2023-06-24,22;26,여,50,3,5,0,6,5,2,8,0,0,15000,86000,2,101000,50500
e_e003713,e003713,2023-06-25,2023-06-26,21;22;25,여,30,4,4,0,4,4,0,7,12800,290000,6400,25900,2,335100,167550
e_e003714,e003714,2023-06-23,2023-06-24,22;5,남,50,8,4,0,4,4,2,1,44000,0,12450,91300,2,147750,73875
e_e003738,e003738,2023-06-24,2023-06-25,1;2,여,20,4,4,0,4,4,0,9,0,0,3000,19600,2,22600,11300
e_e003750,e003750,2023-07-01,2023-07-02,1;11;2;4,남,40,5,9,0,8,9,7,2,0,0,117600,18900,2,136500,68250
e_e003869,e003869,2023-07-09,2023-07-10,2;22;27;6,남,60,5,5,0,5,5,2,1,0,0,39300,72000,2,111300,55650
e_e003872,e003872,2023-07-08,2023-07-09,3;21;6,남,60,7,8,0,8,8,1,9,0,0,0,107800,2,107800,53900
e_e003875,e003875,2023-07-05,2023-07-06,10;2;21;26;4,여,60,1,5,0,4,5,1,1,0,0,0,68100,2,68100,34050
e_e003876,e003876,2023-07-02,2023-07-03,1;7,남,60,5,9,0,9,9,1,1,0,0,1750,89300,2,91050,45525
e_e003884,e003884,2023-06-25,2023-06-26,10;21;22;26,여,20,4,7,0,5,7,1,2,0,0,7600,104100,2,111700,55850
e_e003910,e003910,2023-07-09,2023-07-10,1;11;21;4;6,남,30,5,6,0,5,6,1,2,0,0,4000,146500,2,150500,75250
e_e003921,e003921,2023-06-25,2023-06-26,1;2;3;4;6,남,40,5,5,0,14,5,3,2,0,0,0,95400,2,95400,47700
e_e003938,e003938,2023-07-01,2023-07-03,21;22;23;24;26,남,20,5,11,0,19,11,1,4,0,284240,56000,186000,3,526240,175413.3333
e_e003948,e003948,2023-06-25,2023-06-26,1;2;21;22;26,남,30,4,5,0,4,5,1,3,0,0,30000,86800,2,116800,58400
e_e003952,e003952,2023-06-24,2023-06-25,12;3;6,여,30,3,5,0,3,5,2,2,0,0,5600,83000,2,88600,44300
e_e003953,e003953,2023-06-24,2023-06-25,6,남,30,4,5,0,5,5,1,4,27000,0,6600,21800,2,55400,27700
e_e003957,e003957,2023-06-28,2023-06-29,22;6,여,40,6,6,0,5,6,2,2,28299,0,45900,98000,2,172199,86099.5
e_e004018,e004018,2023-07-07,2023-07-08,2;21;22;26,남,30,7,4,0,5,4,1,7,0,0,15000,79600,2,94600,47300
e_e004021,e004021,2023-07-01,2023-07-03,1;2;5;4;3;6;27;26;24;23;22;21;13;12;11,여,30,4,19,0,31,19,0,3,0,0,55800,31800,3,87600,29200
e_e004023,e004023,2023-07-07,2023-07-09,22;6;8,여,60,4,5,0,6,5,9,1,593410,432000,0,182500,3,1207910,402636.6667
e_e004118,e004118,2023-07-08,2023-07-10,1;2;22;26;4,남,20,4,11,0,10,11,1,1,0,204000,51800,370400,3,626200,208733.3333
e_e004127,e004127,2023-07-06,2023-07-07,11;22;6,남,30,4,7,0,5,7,0,1,0,0,11500,92700,2,104200,52100
e_e004128,e004128,2023-07-08,2023-07-09,22;24;4;6;7,여,30,5,4,0,6,4,0,2,0,0,4900,19300,2,24200,12100
e_e004136,e004136,2023-07-08,2023-07-09,1;21;24;27;7,여,20,4,7,0,10,7,0,10,0,0,3000,21300,2,24300,12150
e_e004140,e004140,2023-07-07,2023-07-09,21;22;24;26;28,남,60,12,7,0,10,7,6,2,0,205170,69000,147050,3,421220,140406.6667
e_e004215,e004215,2023-07-01,2023-07-03,1;21;22;23,여,30,4,15,0,14,15,1,2,332000,97400,10000,254100,3,693500,231166.6667
e_e004233,e004233,2023-07-01,2023-07-02,1;21,여,40,5,6,0,6,6,1,2,0,0,30000,24500,2,54500,27250
e_e004320,e004320,2023-06-30,2023-07-02,1;12;2;4;5,남,30,1,11,0,12,11,1,2,0,0,28400,151100,3,179500,59833.33333
e_e004379,e004379,2023-07-15,2023-07-17,2;4;5;6;7,남,20,4,9,0,8,9,1,7,0,67500,11200,86200,3,164900,54966.66667
e_e004387,e004387,2023-07-06,2023-07-08,21,여,30,6,8,0,8,8,1,7,44890,114500,30000,103600,3,292990,97663.33333
e_e004481,e004481,2023-07-01,2023-07-03,1;21;3;5;6,남,20,6,12,0,15,12,1,21,0,145000,62300,229200,3,436500,145500
e_e004500,e004500,2023-07-15,2023-07-17,3;6;1;2;4;13;22;1;21,남,40,4,15,0,18,15,1,4,0,141000,5000,270250,3,416250,138750
e_e004603,e004603,2023-07-15,2023-07-16,21;24;27;6,여,50,5,6,0,6,6,2,4,0,0,30000,78300,2,108300,54150
e_e004637,e004637,2023-07-05,2023-07-07,10;2;22;23;26,여,30,2,6,0,8,6,2,4,3290,0,54000,119600,3,176890,58963.33333
e_e004649,e004649,2023-07-30,2023-08-01,6;9,남,20,6,23,0,23,23,1,21,0,96000,30800,145500,3,272300,90766.66667
e_e004777,e004777,2023-07-15,2023-07-17,22;24;26,남,20,4,6,0,8,6,1,8,80560,171000,30000,71000,3,352560,117520
e_e004820,e004820,2023-07-30,2023-07-31,21,남,50,9,6,0,6,6,3,10,0,0,30000,113300,2,143300,71650
e_e004926,e004926,2023-07-21,2023-07-23,2;22;26,남,30,7,9,0,11,9,2,9,0,181000,84100,164000,3,429100,143033.3333
e_e004932,e004932,2023-07-08,2023-07-10,2;21;22;26,여,20,5,9,0,13,9,1,30,66290,90000,34500,101690,3,292480,97493.33333
e_e005259,e005259,2023-07-17,2023-07-20,2;22;23;3;6,남,30,4,13,0,19,13,1,1,0,0,177500,265700,4,443200,110800
e_e005285,e005285,2023-07-21,2023-07-24,1;3;6;28;13;9;2,남,30,7,24,0,49,24,0,9,0,127000,15000,106830,4,248830,62207.5
e_e005289,e005289,2023-07-15,2023-07-17,1;2;4;6;7;1;24,여,20,4,9,0,13,9,1,1,0,149033,16800,188000,3,353833,117944.3333
e_e005336,e005336,2023-07-25,2023-07-26,3;22;1;6,남,40,6,9,0,9,9,2,11,0,0,10600,174020,2,184620,92310
e_e005342,e005342,2023-07-22,2023-07-25,1;4,여,30,7,19,0,18,19,0,8,0,247248,50200,106100,4,403548,100887
e_e005387,e005387,2023-07-22,2023-07-23,2;22;24,여,40,4,9,0,7,9,3,2,156000,0,47200,96700,2,299900,149950
e_e005451,e005451,2023-07-22,2023-07-24,1;22;24;6;9,남,20,5,14,0,12,14,1,1,0,110000,21000,433000,3,564000,188000
e_e005463,e005463,2023-07-22,2023-07-24,2;22;24;26;5,남,40,12,6,0,4,6,6,1,0,790000,105900,90500,3,986400,328800
e_e005467,e005467,2023-07-22,2023-07-23,1;4;6,여,20,5,6,0,6,6,1,5,66000,0,24850,94500,2,185350,92675
e_e005525,e005525,2023-07-30,2023-07-31,12;22;26;3;4,여,30,5,8,0,7,8,1,9,0,0,3962,63800,2,67762,33881
e_e005549,e005549,2023-07-29,2023-07-31,2;21;5,여,30,6,15,0,16,15,1,15,0,60000,57000,223000,3,340000,113333.3333
e_e005550,e005550,2023-07-24,2023-07-26,1;22;3;6,여,30,4,12,0,10,12,0,2,0,23000,35400,110500,3,168900,56300
e_e005558,e005558,2023-07-30,2023-08-02,23,여,30,4,17,0,30,17,2,9,0,244800,87400,646030,4,978230,244557.5
e_e005634,e005634,2023-08-01,2023-08-04,12;21;22;6;8,여,30,3,15,0,30,15,1,25,27660,135000,70440,48600,4,281700,70425
e_e005646,e005646,2023-07-28,2023-07-31,1;3;6;4;8;4;4;10;21;22;23;21,남,20,1,36,0,62,36,0,4,0,54000,130900,191500,4,376400,94100
e_e005756,e005756,2023-07-28,2023-07-30,2;21;22;23,여,30,4,9,0,11,9,1,23,0,75000,87679,222400,3,385079,128359.6667
e_e005777,e005777,2023-07-29,2023-07-30,1;21;26,남,30,4,5,0,4,5,1,15,0,0,5800,82300,2,88100,44050
e_e005841,e005841,2023-08-03,2023-08-05,21;22;23;5;8,여,20,4,8,0,6,8,1,6,0,139000,10000,149490,3,298490,99496.66667
e_e005887,e005887,2023-08-12,2023-08-14,10;21;22;4;5,남,20,5,8,0,10,8,4,6,0,440000,52300,191500,3,683800,227933.3333
e_e005905,e005905,2023-07-29,2023-07-30,6,남,60,6,7,0,5,7,3,5,37000,0,11500,272200,2,320700,160350
e_e005925,e005925,2023-07-30,2023-08-02,5;9;4;7;22;26,남,30,2,21,0,22,21,2,10,0,0,100029,560200,4,660229,165057.25
e_e005949,e005949,2023-07-30,2023-08-02,1;11;12;2;6,여,30,1,11,0,18,11,3,14,15650,495880,96223,464180,4,1071933,267983.25
e_e005979,e005979,2023-07-31,2023-08-03,1;2;3;4;6,남,30,3,20,0,32,20,0,44,0,80000,13000,82530,4,175530,43882.5
e_e006013,e006013,2023-07-31,2023-08-03,10;2;21,남,40,7,15,0,15,15,2,46,0,283000,40400,97000,4,420400,105100
e_e006146,e006146,2023-08-19,2023-08-20,1;12;2;6,남,30,4,10,0,10,10,1,7,0,0,110370,107000,2,217370,108685
e_e006149,e006149,2023-08-05,2023-08-07,1;11;22;26;3,남,30,1,13,0,19,13,1,8,0,51000,12500,121900,3,185400,61800
e_e006150,e006150,2023-08-07,2023-08-10,1;2;24;3;6,여,20,2,31,0,35,31,0,17,0,103977,18050,176600,4,298627,74656.75
e_e006418,e006418,2023-08-05,2023-08-06,2,여,30,5,6,0,4,6,2,8,0,0,0,62000,2,62000,31000
e_e006441,e006441,2023-08-09,2023-08-10,1;21;3;4,여,60,4,6,0,7,6,1,11,0,0,11200,34000,2,45200,22600
e_e006485,e006485,2023-08-06,2023-08-07,1;2;22;27;6,여,50,3,5,0,8,5,2,3,15000,0,0,214540,2,229540,114770
e_e006538,e006538,2023-08-08,2023-08-09,2;21;22;24;6,여,20,1,6,0,7,6,1,13,0,0,1100,71300,2,72400,36200
e_e006568,e006568,2023-08-09,2023-08-10,21;22,남,20,6,6,0,9,6,1,7,0,0,0,131000,2,131000,65500
e_e006597,e006597,2023-08-20,2023-08-21,1;2,여,30,6,6,0,6,6,0,4,0,0,20000,67500,2,87500,43750
e_e006784,e006784,2023-08-17,2023-08-18,10,여,40,1,5,0,4,5,2,6,48600,0,0,298270,2,346870,173435
e_e006797,e006797,2023-08-25,2023-08-26,21;22;24;26;4,여,50,4,12,0,14,12,0,7,0,0,14850,45000,2,59850,29925
e_e006832,e006832,2023-08-19,2023-08-20,11;4,남,30,7,5,0,4,5,1,6,0,0,74800,11300,2,86100,43050
e_e006838,e006838,2023-08-19,2023-08-20,21;22;26;6,여,30,8,6,0,4,6,1,6,0,0,10000,83900,2,93900,46950
e_e006878,e006878,2023-08-12,2023-08-13,24;4,여,30,1,5,0,3,5,3,11,0,0,0,69000,2,69000,34500
e_e007157,e007157,2023-08-14,2023-08-15,25;22;12,여,30,2,5,0,4,5,2,6,0,0,90600,40200,2,130800,65400
e_e007171,e007171,2023-08-12,2023-08-13,2;22;24,여,20,4,5,0,4,5,1,1,0,0,4000,36500,2,40500,20250
e_e007177,e007177,2023-08-15,2023-08-16,2;3;4;6;9;11;21;24;26;27;4,여,30,5,5,0,7,5,3,5,0,0,20500,47900,2,68400,34200
e_e007250,e007250,2023-08-15,2023-08-16,11;22;24;26;6,여,20,2,16,0,14,16,1,6,0,0,13800,153800,2,167600,83800
e_e007264,e007264,2023-08-18,2023-08-19,4;6,남,20,5,11,0,10,11,1,13,228000,0,5000,87800,2,320800,160400
e_e007276,e007276,2023-08-19,2023-08-20,22;26;4,여,20,2,5,0,6,5,1,2,3200,0,31500,119800,2,154500,77250
e_e007308,e007308,2023-08-19,2023-08-20,2;4,남,20,4,7,0,4,7,1,1,0,0,31400,84700,2,116100,58050
e_e007330,e007330,2023-08-19,2023-08-20,1;12;2;22;6,남,30,1,6,0,4,6,2,3,0,0,33920,172650,2,206570,103285
e_e007333,e007333,2023-08-13,2023-08-14,1;4;6;11;12;21;22;23;24;26;27;28;5,여,20,4,4,0,8,4,1,4,0,0,3750,28500,2,32250,16125
e_e007363,e007363,2023-08-23,2023-08-24,1;2;22;5;6,여,20,2,5,0,4,5,1,2,66000,0,8450,33100,2,107550,53775
e_e007411,e007411,2023-08-28,2023-08-29,26;1;6;22,남,20,1,10,0,14,10,1,1,20000,0,36000,98900,2,154900,77450
e_e007423,e007423,2023-08-15,2023-08-16,22,여,30,3,5,0,4,5,1,3,0,0,8000,60600,2,68600,34300
e_e007472,e007472,2023-09-03,2023-09-04,6,여,20,5,7,0,8,7,0,1,0,0,104900,136900,2,241800,120900
e_e007476,e007476,2023-08-22,2023-08-23,22;25,여,20,5,4,0,4,4,1,15,0,0,47262,35000,2,82262,41131
e_e007514,e007514,2023-08-20,2023-08-21,27;2;21;26;4,여,50,4,10,0,10,10,2,13,0,0,45500,165300,2,210800,105400
e_e007520,e007520,2023-08-15,2023-08-16,2;4;6,남,40,6,7,0,5,7,1,6,123200,0,15000,295400,2,433600,216800
e_e007553,e007553,2023-08-27,2023-08-28,11;12;21;22;4,여,30,4,6,0,6,6,1,10,14400,0,20000,62000,2,96400,48200
e_e007587,e007587,2023-08-31,2023-09-01,13;3;6,여,40,3,7,0,5,7,1,5,0,0,4660,72800,2,77460,38730
e_e007588,e007588,2023-08-19,2023-08-20,1;22;4,여,30,4,7,0,5,7,0,7,0,0,6200,33320,2,39520,19760
e_e007608,e007608,2023-09-05,2023-09-06,1;22;26;27;3,여,30,5,10,0,9,10,1,9,50000,0,0,60300,2,110300,55150
e_e007654,e007654,2023-08-28,2023-08-29,23;10,여,30,1,5,0,10,5,2,4,0,0,17400,186400,2,203800,101900
e_e007655,e007655,2023-08-18,2023-08-19,1;2;4;5;6,남,20,1,5,0,7,5,1,5,0,0,6200,173700,2,179900,89950
e_e007664,e007664,2023-08-17,2023-08-18,22;26;7,남,30,4,7,0,4,7,2,8,0,0,20000,237500,2,257500,128750
e_e007665,e007665,2023-08-29,2023-08-30,1;22;4,남,30,10,7,0,8,7,0,2,0,0,100500,56100,2,156600,78300
e_e007675,e007675,2023-08-26,2023-08-27,22;6,여,20,5,6,0,5,6,1,5,14928,0,17500,100500,2,132928,66464
e_e007722,e007722,2023-08-20,2023-08-21,21;22;26;8,남,30,5,5,0,5,5,1,8,11700,0,7000,110940,2,129640,64820
e_e007734,e007734,2023-08-19,2023-08-20,1;3;4;5;6,남,20,1,5,0,4,5,2,3,0,0,8000,0,2,8000,4000
e_e007747,e007747,2023-08-20,2023-08-21,6,여,20,4,9,0,8,9,1,6,0,0,10100,84000,2,94100,47050
e_e007751,e007751,2023-08-30,2023-08-31,2;22;26,여,30,4,12,0,9,12,1,1,0,0,25500,54800,2,80300,40150
e_e007755,e007755,2023-08-27,2023-08-28,3;5;6;7;8,여,20,4,5,0,3,5,0,1,0,0,3900,48500,2,52400,26200
e_e007776,e007776,2023-08-19,2023-08-20,2;4;5,남,30,4,8,0,7,8,1,8,28000,0,8000,79300,2,115300,57650
e_e007795,e007795,2023-08-27,2023-08-28,21;22;24;26;5,남,30,12,3,0,2,3,3,4,28570,0,46000,0,2,74570,37285
e_e007813,e007813,2023-08-20,2023-08-21,2;3;4;5;6,여,30,3,4,0,6,4,2,2,0,0,37400,54400,2,91800,45900
e_e007840,e007840,2023-08-27,2023-08-28,27;4,여,30,3,6,0,5,6,3,3,0,0,4000,74800,2,78800,39400
e_e007843,e007843,2023-08-20,2023-08-21,10;2;21;22;5,여,40,4,4,0,14,4,14,4,19800,0,54500,448420,2,522720,261360
e_e007846,e007846,2023-08-19,2023-08-20,22;3;7,남,50,7,9,0,11,9,3,3,0,0,69500,253600,2,323100,161550
e_e007854,e007854,2023-08-22,2023-08-23,13;4,남,60,2,5,0,4,5,2,15,0,0,0,69900,2,69900,34950
e_e007865,e007865,2023-08-27,2023-08-28,27;4,여,40,2,4,0,5,4,2,7,0,0,6600,58500,2,65100,32550
e_e007873,e007873,2023-08-21,2023-08-22,2;22,남,20,1,7,0,5,7,1,2,0,0,0,115500,2,115500,57750
e_e007884,e007884,2023-08-30,2023-08-31,1;11;22;6,여,20,4,7,0,5,7,0,6,0,0,30800,60000,2,90800,45400
e_e007887,e007887,2023-08-27,2023-08-28,2;5;21;22;27,여,30,5,4,0,7,4,4,6,79000,0,0,180900,2,259900,129950
e_e007888,e007888,2023-08-20,2023-08-21,4;22;24;26;1,남,30,5,6,0,4,6,1,8,0,0,37800,48000,2,85800,42900
e_e007918,e007918,2023-08-26,2023-08-27,21;22;6,남,20,5,3,0,2,3,1,2,0,0,6000,25000,2,31000,15500
e_e007984,e007984,2023-08-19,2023-08-20,5;6;9,여,30,7,4,0,2,4,1,2,0,0,33500,112000,2,145500,72750
e_e007993,e007993,2023-08-23,2023-08-24,1;2;21;4,여,20,4,8,0,16,8,0,4,0,0,3500,10800,2,14300,7150
e_e008013,e008013,2023-08-21,2023-08-22,1;22;6,여,30,1,7,0,6,7,2,1,0,0,39200,116000,2,155200,77600
e_e008034,e008034,2023-08-20,2023-08-21,22;26;3;6,여,20,2,7,0,6,7,1,8,0,0,10400,136500,2,146900,73450
e_e008050,e008050,2023-08-21,2023-08-22,1;11;22;26,여,20,5,5,0,4,5,0,6,0,0,38400,17700,2,56100,28050
e_e008086,e008086,2023-08-26,2023-08-27,4;22;24;1;21,여,20,4,6,0,6,6,1,4,0,0,8700,50000,2,58700,29350
e_e008106,e008106,2023-08-21,2023-08-22,5,여,40,4,5,0,7,5,3,3,0,0,39000,126600,2,165600,82800
e_e008116,e008116,2023-08-20,2023-08-21,4;22;24,여,30,5,6,0,6,6,0,5,0,0,84522,69500,2,154022,77011
e_e008123,e008123,2023-08-26,2023-08-27,1;10;24,여,30,4,7,0,9,7,1,13,40000,0,7600,129900,2,177500,88750
e_e008306,e008306,2023-08-19,2023-08-20,4;5,여,30,4,8,0,6,8,2,14,0,0,3000,117000,2,120000,60000
e_e008315,e008315,2023-08-26,2023-08-27,12;22;24;26;3,여,20,4,8,0,9,8,0,16,0,0,6750,12200,2,18950,9475
e_e008460,e008460,2023-08-23,2023-08-24,22;8,남,20,2,3,0,2,3,1,3,0,0,5000,105200,2,110200,55100
e_e008623,e008623,2023-08-26,2023-08-27,22;24;26;5,여,30,8,7,0,5,7,1,1,0,0,0,70300,2,70300,35150
e_e008652,e008652,2023-08-27,2023-08-28,22,여,30,1,9,0,9,9,0,2,83000,0,88000,108000,2,279000,139500
e_e008679,e008679,2023-08-22,2023-08-23,4;22;26;1;24,남,20,4,7,0,6,7,1,1,0,0,2900,61900,2,64800,32400
e_e008743,e008743,2023-08-27,2023-08-28,21;22;24;11,여,30,5,4,0,3,4,1,3,0,0,23800,134000,2,157800,78900
e_e008754,e008754,2023-08-27,2023-08-28,21;22;25;1,남,20,2,12,0,13,12,1,10,0,0,32750,145400,2,178150,89075
e_e008775,e008775,2023-08-22,2023-08-23,1;22;24;3;6,남,20,1,4,0,3,4,0,1,0,0,3500,21600,2,25100,12550
e_e008788,e008788,2023-08-22,2023-08-23,22;26,여,30,6,8,0,4,8,1,1,10700,0,22300,426300,2,459300,229650
e_e008879,e008879,2023-08-27,2023-08-28,1;2;3;4;6,여,20,5,5,0,3,5,1,2,0,0,0,71720,2,71720,35860
e_e009153,e009153,2023-08-30,2023-08-31,6;22,남,20,2,6,0,5,6,1,1,0,0,9000,88500,2,97500,48750
e_e009302,e009302,2023-08-26,2023-08-27,1;2;21,남,40,6,8,0,7,8,0,7,0,0,2500,78800,2,81300,40650
e_e009313,e009313,2023-09-10,2023-09-11,2;22;24;26;5,여,30,1,9,0,10,9,2,11,0,0,36000,94700,2,130700,65350
e_e009334,e009334,2023-08-26,2023-08-27,4;3;6;22;26,남,30,5,6,0,3,6,0,2,0,0,61100,126500,2,187600,93800
e_e009599,e009599,2023-08-25,2023-08-26,1;2;22,여,30,2,8,0,12,8,2,3,71200,0,44100,119358,2,234658,117329
e_e009606,e009606,2023-08-27,2023-08-28,1;2;22;4;6,남,30,3,4,0,4,4,2,1,43000,0,0,35700,2,78700,39350
e_e009635,e009635,2023-09-09,2023-09-10,2;22;9,여,30,1,6,0,8,6,2,9,54290,0,44000,116430,2,214720,107360
e_e009657,e009657,2023-09-02,2023-09-03,1;11;22;3;6,여,60,1,7,0,8,7,1,7,0,0,4000,52002,2,56002,28001
e_e009658,e009658,2023-09-01,2023-09-02,2;21;4;5,남,30,5,5,0,7,5,1,7,0,0,15000,84500,2,99500,49750
e_e009742,e009742,2023-08-23,2023-08-24,13;22;24;3;9,남,40,7,4,0,5,4,0,4,0,0,2500,0,2,2500,1250
e_e010071,e010071,2023-08-26,2023-08-27,4;6;22;24;3;1;4,여,20,2,10,0,16,10,0,7,0,0,18050,88200,2,106250,53125
e_e010112,e010112,2023-09-02,2023-09-03,2;22;3;4;6,여,20,4,10,0,9,10,1,15,0,0,18700,74000,2,92700,46350
e_e010116,e010116,2023-08-23,2023-08-24,1;10;3;5;8,남,20,2,6,0,7,6,1,5,0,0,7100,119200,2,126300,63150
e_e010209,e010209,2023-09-02,2023-09-03,1;3;4;6,남,20,2,12,0,14,12,1,10,0,0,0,104100,2,104100,52050
e_e010214,e010214,2023-08-23,2023-08-24,3;6,여,20,1,9,0,10,9,0,9,0,0,6000,62400,2,68400,34200
e_e010224,e010224,2023-08-27,2023-08-28,1;4;22;6,여,20,4,10,0,8,10,1,5,0,0,2400,141700,2,144100,72050
e_e010234,e010234,2023-08-27,2023-08-28,22;24;7,여,30,4,8,0,7,8,3,1,0,0,0,306690,2,306690,153345
e_e010292,e010292,2023-08-26,2023-08-27,1;4;9;24;22,여,20,4,5,0,7,5,1,2,0,0,3300,36500,2,39800,19900
e_e010344,e010344,2023-08-24,2023-08-25,23;21,여,30,3,5,0,4,5,2,4,24000,369000,50000,56520,2,499520,249760
e_e010362,e010362,2023-08-26,2023-08-27,21;22;24;25,남,30,7,4,0,3,4,1,9,0,0,21800,26500,2,48300,24150
e_e010388,e010388,2023-08-24,2023-08-25,1;21;27;4;6,남,20,5,6,0,8,6,1,7,0,0,10000,44000,2,54000,27000
e_e010463,e010463,2023-08-27,2023-08-28,6,여,30,4,7,0,8,7,0,15,0,0,4800,85300,2,90100,45050
e_e010470,e010470,2023-08-26,2023-08-27,1;1;6;6;6;28;27;6;1;26;25;23;22;21;4;2;7;8;6;6;6,남,20,1,12,0,13,12,1,4,0,0,8000,100900,2,108900,54450
e_e010518,e010518,2023-08-25,2023-08-26,1;27,여,20,2,7,0,9,7,1,8,4860,0,91450,100500,2,196810,98405
e_e010563,e010563,2023-09-02,2023-09-03,1;2;3;4;5,여,30,1,15,0,19,15,0,11,1000,0,7550,29500,2,38050,19025
e_e010573,e010573,2023-08-27,2023-08-28,1;2;22,여,30,2,3,0,2,3,0,5,0,0,12000,19900,2,31900,15950
e_e010606,e010606,2023-08-30,2023-08-31,1;22;24;26;4,남,20,1,13,0,11,13,1,11,0,0,9000,70200,2,79200,39600
e_e010651,e010651,2023-08-24,2023-08-25,27,여,50,5,7,0,10,7,0,12,0,0,15000,49600,2,64600,32300
e_e010711,e010711,2023-08-27,2023-08-28,22,남,30,6,6,0,7,6,1,6,0,0,4000,51700,2,55700,27850
e_e010748,e010748,2023-08-26,2023-08-27,1;2;4;6;7,남,20,2,13,0,11,13,1,4,0,0,31450,125900,2,157350,78675
e_e010750,e010750,2023-09-10,2023-09-11,22;23;6,여,20,1,5,0,4,5,1,1,0,100000,37700,34000,2,171700,85850
e_e010982,e010982,2023-08-26,2023-08-27,1;22;6,여,20,2,8,0,8,8,1,1,0,0,15400,50660,2,66060,33030
e_e011158,e011158,2023-08-26,2023-08-27,1;2;4;7;9,여,30,5,10,0,15,10,1,1,0,0,0,495980,2,495980,247990
e_e011189,e011189,2023-08-26,2023-08-27,1;11;22;6,여,20,4,4,0,7,4,1,2,0,0,10600,74400,2,85000,42500
e_e011206,e011206,2023-08-26,2023-08-27,22;24;27,여,20,4,7,0,8,7,1,2,5000,0,42200,187800,2,235000,117500
e_e011233,e011233,2023-08-26,2023-08-27,1;4;22;26,여,20,4,9,0,11,9,1,2,0,0,3500,94400,2,97900,48950
e_e011277,e011277,2023-08-31,2023-09-01,1;2;3;4;9;12;24,남,30,2,7,0,8,7,0,21,0,0,21600,26000,2,47600,23800
e_e011310,e011310,2023-08-26,2023-08-27,1;12;4;22;26,여,20,4,5,0,10,5,1,9,0,0,36360,76800,2,113160,56580
e_e011358,e011358,2023-08-26,2023-08-27,21;22;24;26;5,여,20,4,6,0,11,6,1,5,0,0,39600,67300,2,106900,53450
e_e011461,e011461,2023-08-31,2023-09-01,11;21;22;6,여,30,8,5,0,3,5,2,2,0,0,44000,54700,2,98700,49350
e_e011738,e011738,2023-08-29,2023-08-30,22;6,남,20,3,5,0,6,5,1,2,0,0,39000,132700,2,171700,85850
e_e011750,e011750,2023-08-31,2023-09-01,1;21;22;24;4,남,30,4,9,0,10,9,0,4,0,0,41500,35700,2,77200,38600
e_e011904,e011904,2023-08-29,2023-08-30,1;11;2;3;6,여,30,3,7,0,10,7,0,16,0,0,5600,22300,2,27900,13950
e_e011939,e011939,2023-08-28,2023-08-29,24;3;4;7,남,20,2,9,0,9,9,0,14,0,0,6400,36900,2,43300,21650
e_e011953,e011953,2023-08-28,2023-08-29,26;4;6,남,20,2,10,0,9,10,0,1,10500,0,6650,29500,2,46650,23325
e_e012031,e012031,2023-08-30,2023-08-31,1;11;2;6;9,여,20,1,12,0,13,12,1,4,63800,0,33440,43600,2,140840,70420
e_e012072,e012072,2023-09-01,2023-09-02,1;2;22;4,남,20,3,8,0,8,8,1,3,0,0,51100,83000,2,134100,67050
e_e012372,e012372,2023-08-30,2023-08-31,2;21;24;22;4;27,남,20,3,9,0,12,9,1,6,0,0,17000,154600,2,171600,85800
e_e012444,e012444,2023-08-30,2023-08-31,4;22;26,여,20,5,6,0,6,6,1,3,0,0,285846,63000,2,348846,174423
e_e012445,e012445,2023-08-30,2023-08-31,4;26;2,남,20,1,4,0,3,4,0,1,0,0,0,45840,2,45840,22920
f_f006339,f006339,2023-08-14,2023-08-15,2;5;8,남,20,3,6,0,4,6,1,2,0,0,15000,140000,2,155000,77500
