TRAVEL_ID,MVMN_SE,PAYMENT_SE,PAYMENT_SEQ,MVMN_SE_NM,RSVT_YN,PAYMENT_NUM,BRNO,STORE_NM,PAYMENT_DT,PAYMENT_MTHD_SE,PAYMENT_AMT_WON,PAYMENT_ETC
e_e002471,1,주유비,0,자가용(승용/승합/트럭 등등),N,3,,,,,40000,
e_e000006,1,주유비,0,자가용(승용/승합/트럭 등등),N,2,,,,,10000,
e_e000006,5,교통비,0,지하철,N,2,,,,,3600,
e_e000009,1,주유비,0,자가용(승용/승합/트럭 등등),N,2,,,,,30000,
e_e000009,1,통행료,0,자가용(승용/승합/트럭 등등),N,2,,,,,3800,
e_e000010,4,교통비,1,택시,N,1,,,2023-04-29 08:31,1,10500,택시비
e_e000010,4,교통비,2,택시,N,1,,(유)마일택시,2023-05-01 02:49,1,13610,택시비
e_e000010,50,교통비,0,버스 + 지하철,N,1,,,,,83400,
e_e000011,1,주유비,0,자가용(승용/승합/트럭 등등),N,4,,,,,30000,
e_e000011,1,통행료,0,자가용(승용/승합/트럭 등등),N,4,,,,,3400,
e_e000011,5,교통비,0,지하철,N,4,,,,,7500,
e_e000011,7,교통비,0,KTX/SRT(고속열차),N,4,,,,,232900,
e_e000013,1,주유비,0,자가용(승용/승합/트럭 등등),N,4,,,,,65000,
e_e000013,1,통행료,0,자가용(승용/승합/트럭 등등),N,4,,,,,20000,
e_e000014,1,주유비,0,자가용(승용/승합/트럭 등등),N,3,,,,,20000,
e_e000014,1,주차비,0,자가용(승용/승합/트럭 등등),N,3,,,,,25000,
e_e000014,1,통행료,0,자가용(승용/승합/트럭 등등),N,3,,,,,7200,
e_e000015,50,교통비,0,버스 + 지하철,N,2,,,,,38000,
e_e000018,1,주차비,0,자가용(승용/승합/트럭 등등),N,3,,,,,4740,
e_e000020,1,주유비,0,자가용(승용/승합/트럭 등등),N,1,,,,,40000,
e_e000020,1,통행료,0,자가용(승용/승합/트럭 등등),N,1,,,,,1500,
e_e000021,5,교통비,0,지하철,N,2,,,,,2500,
e_e000021,7,교통비,0,KTX/SRT(고속열차),N,2,,,,,10800,
e_e000022,1,주유비,0,자가용(승용/승합/트럭 등등),N,2,,,,,30000,
e_e000022,1,통행료,0,자가용(승용/승합/트럭 등등),N,2,,,,,6600,
e_e000023,1,주유비,0,자가용(승용/승합/트럭 등등),N,3,,,,,20000,
e_e000023,1,주차비,0,자가용(승용/승합/트럭 등등),N,3,,,,,5000,
e_e000030,6,교통비,0,고속전철(ITX 등),N,1,,,,,13800,
e_e000038,1,주유비,0,자가용(승용/승합/트럭 등등),N,2,,,,,40000,
e_e000039,1,주유비,0,자가용(승용/승합/트럭 등등),N,2,,,,,50000,
e_e000039,1,통행료,0,자가용(승용/승합/트럭 등등),N,2,,,,,7300,
e_e000040,1,주유비,0,자가용(승용/승합/트럭 등등),N,2,,,,,10000,
e_e000041,1,주유비,0,자가용(승용/승합/트럭 등등),N,2,,,,,80000,
e_e000041,1,통행료,0,자가용(승용/승합/트럭 등등),N,2,,,,,6000,
e_e000042,1,주유비,0,자가용(승용/승합/트럭 등등),N,2,,,,,50000,
e_e000042,1,통행료,0,자가용(승용/승합/트럭 등등),N,2,,,,,13200,
e_e000042,10,교통비,1,배/선박,N,2,1378204361,세종해운(주),2023-05-01 12:54,1,4400,승선권
e_e000042,10,교통비,2,배/선박,N,2,1378204361,세종해운(주),2023-05-01 00:00,3,2200,승선권
e_e000045,1,주유비,0,자가용(승용/승합/트럭 등등),N,2,,,,,30000,
e_e000045,1,통행료,0,자가용(승용/승합/트럭 등등),N,2,,,,,5600,
e_e000046,1,주유비,0,자가용(승용/승합/트럭 등등),N,4,,,,,35000,
e_e000046,1,통행료,0,자가용(승용/승합/트럭 등등),N,4,,,,,7200,
e_e000293,50,교통비,0,버스 + 지하철,N,1,,,,,18700,
e_e000294,1,주유비,0,자가용(승용/승합/트럭 등등),N,2,,,,,50000,
e_e000294,1,주차비,0,자가용(승용/승합/트럭 등등),N,2,,,,,10000,
e_e000294,1,통행료,0,자가용(승용/승합/트럭 등등),N,2,,,,,23300,
e_e000296,50,교통비,0,버스 + 지하철,N,1,,,,,8000,
e_e000299,9,교통비,1,항공기,Y,1,1108114794,(주)대한항공,2023-03-22 20:18,1,64100,비행기표
e_e000299,9,교통비,2,항공기,Y,1,8248102515,주식회사 인터파크,2023-03-22 20:18,1,1000,발권수수료
e_e000299,9,교통비,3,항공기,Y,1,1108114794,(주)대한항공,2023-03-22 20:18,1,50100,비행기표
e_e000301,50,교통비,0,버스 + 지하철,N,2,,,,,14000,
e_e000302,50,교통비,0,버스 + 지하철,N,1,,,,,15900,
e_e000302,7,교통비,0,KTX/SRT(고속열차),N,1,,,,,68700,
e_e000307,1,주유비,0,자가용(승용/승합/트럭 등등),N,1,,,,,50000,
e_e000307,1,통행료,0,자가용(승용/승합/트럭 등등),N,1,,,,,2400,
e_e000311,1,주유비,0,자가용(승용/승합/트럭 등등),N,3,,,,,20000,
e_e000311,1,통행료,0,자가용(승용/승합/트럭 등등),N,3,,,,,13200,
e_e000317,50,교통비,0,버스 + 지하철,N,1,,,,,8700,
e_e000319,5,교통비,0,지하철,N,1,,,,,4350,
e_e000322,5,교통비,0,지하철,N,1,,,,,3300,
e_e000323,50,교통비,0,버스 + 지하철,N,2,,,,,17600,
e_e000331,4,교통비,1,택시,N,1,2101388374,개인택시,2023-05-29 01:39,1,9200,택시비
e_e000331,7,교통비,1,KTX/SRT(고속열차),Y,1,3148210024,한국철도공사,2023-05-20 10:26,1,59800,기차표
e_e000331,9,교통비,0,항공기,N,1,,,,,52900,
e_e000332,1,주유비,0,자가용(승용/승합/트럭 등등),N,2,,,,,30000,
e_e000332,1,주차비,0,자가용(승용/승합/트럭 등등),N,2,,,,,24000,
e_e000332,1,통행료,0,자가용(승용/승합/트럭 등등),N,2,,,,,6300,
e_e000334,1,통행료,0,자가용(승용/승합/트럭 등등),N,2,,,,,6000,
e_e000338,1,주유비,0,자가용(승용/승합/트럭 등등),N,1,,,,,10000,
e_e000338,4,교통비,1,택시,N,1,1140316777,개인택시,2023-05-19 11:42,1,8800,택시비
e_e000338,5,교통비,0,지하철,N,1,,,,,3000,
e_e000342,1,주유비,0,자가용(승용/승합/트럭 등등),N,4,,,,,40000,
e_e000342,1,주차비,0,자가용(승용/승합/트럭 등등),N,6,,,,,22320,
e_e000342,4,교통비,1,택시,N,6,,UT,2023-05-19 13:38,1,8800,택시비
e_e000342,7,교통비,1,KTX/SRT(고속열차),Y,6,3148210024,한국철도공사,2023-05-09 14:44,1,19200,기차표
e_e000342,7,교통비,3,KTX/SRT(고속열차),Y,6,3148210024,한국철도공사,2023-05-09 14:42,1,21200,기차표
e_e000342,7,교통비,5,KTX/SRT(고속열차),Y,6,3148210024,한국철도공사,2023-04-25 13:51,1,21200,기차표
e_e000344,1,주유비,0,자가용(승용/승합/트럭 등등),N,3,,,,,12000,
e_e000344,1,주차비,0,자가용(승용/승합/트럭 등등),N,3,,,,,4500,
e_e000344,1,통행료,0,자가용(승용/승합/트럭 등등),N,3,,,,,7000,
e_e000345,4,교통비,0,택시,N,3,,,,,5400,
e_e000345,50,교통비,0,버스 + 지하철,N,3,,,,,22000,
e_e000346,1,주유비,0,자가용(승용/승합/트럭 등등),N,3,,,,,30000,
e_e000346,1,통행료,0,자가용(승용/승합/트럭 등등),N,3,,,,,10000,
e_e000347,4,교통비,0,택시,N,1,,,,,41000,
e_e000347,5,교통비,0,지하철,N,1,,,,,5800,
e_e000347,7,교통비,0,KTX/SRT(고속열차),N,1,,,,,53500,
e_e000347,9,교통비,1,항공기,Y,1,1108114794,(주)대한항공,2023-05-21 00:00,1,13900,비행기표
e_e000350,1,주차비,0,자가용(승용/승합/트럭 등등),N,3,,,,,3000,
e_e000352,4,교통비,1,택시,N,2,,,2023-05-21 19:59,1,6200,택시비
e_e000352,4,교통비,2,택시,N,2,1048183559,주식회사 티머니,2023-05-22 11:17,1,10400,택시비 
e_e000352,5,교통비,0,지하철,N,2,,,,,2400,
e_e000352,7,교통비,1,KTX/SRT(고속열차),N,2,3148210024,한국철도공사,2023-05-22 11:53,3,18200,기차표
e_e000352,7,교통비,2,KTX/SRT(고속열차),Y,2,3148210024,한국철도공사,2023-05-16 18:51,3,18500,기차표
e_e000353,1,주차비,0,자가용(승용/승합/트럭 등등),N,1,,,,,2000,
e_e000355,1,주유비,0,자가용(승용/승합/트럭 등등),N,3,,,,,73000,
e_e000355,1,주차비,0,자가용(승용/승합/트럭 등등),N,3,,,,,3000,
e_e000355,1,통행료,0,자가용(승용/승합/트럭 등등),N,3,,,,,12100,
e_e000357,5,교통비,0,지하철,N,1,,,,,4000,
e_e000357,7,교통비,1,KTX/SRT(고속열차),Y,1,3148210024,한국철도공사,2023-05-12 00:00,1,0,기차표
e_e000357,7,교통비,2,KTX/SRT(고속열차),N,1,3058631590,주식회사 에스알,2023-05-15 09:37,1,7700,기차표
e_e000360,1,주유비,0,자가용(승용/승합/트럭 등등),N,2,,,,,30000,
e_e000362,1,주유비,0,자가용(승용/승합/트럭 등등),N,2,,,,,20000,
e_e000362,1,통행료,0,자가용(승용/승합/트럭 등등),N,2,,,,,10000,
e_e000364,50,교통비,0,버스 + 지하철,N,1,,,,,15450,
e_e000369,50,교통비,0,버스 + 지하철,N,1,,,,,11000,
e_e000371,1,주유비,0,자가용(승용/승합/트럭 등등),N,1,,,,,10000,
e_e000371,5,교통비,0,지하철,N,1,,,,,2600,
e_e000373,1,주유비,0,자가용(승용/승합/트럭 등등),N,4,,,,,20000,
e_e000375,1,주유비,0,자가용(승용/승합/트럭 등등),N,4,,,,,55000,
e_e000376,1,주차비,0,자가용(승용/승합/트럭 등등),N,3,,,,,3600,
e_e000379,1,주유비,0,자가용(승용/승합/트럭 등등),N,3,,,,,49504,
e_e000384,1,주유비,0,자가용(승용/승합/트럭 등등),N,2,,,,,30000,
e_e000384,1,통행료,0,자가용(승용/승합/트럭 등등),N,2,,,,,8000,
e_e000387,1,주유비,0,자가용(승용/승합/트럭 등등),N,4,,,,,30000,
e_e000396,1,주유비,0,자가용(승용/승합/트럭 등등),N,2,,,,,25000,
e_e000396,1,통행료,0,자가용(승용/승합/트럭 등등),N,2,,,,,27000,
e_e000397,1,주유비,0,자가용(승용/승합/트럭 등등),N,3,,,,,40000,
e_e000397,1,통행료,0,자가용(승용/승합/트럭 등등),N,3,,,,,1500,
e_e000400,1,주유비,0,자가용(승용/승합/트럭 등등),N,4,,,,,15000,
e_e000403,2,렌탈비,1,렌터카(승용/승합/버스 등등),Y,3,6168190529,(주)쏘카,2023-05-11 16:48,1,92530,렌트비
e_e000403,7,교통비,1,KTX/SRT(고속열차),Y,3,3148210024,한국철도공사,2023-05-08 13:16,3,7400,기차표
e_e000403,7,교통비,2,KTX/SRT(고속열차),Y,3,3148210024,한국철도공사,2023-05-08 13:18,3,7400,기차표
e_e000406,1,주유비,0,자가용(승용/승합/트럭 등등),N,3,,,,,50000,
e_e000407,1,주유비,0,자가용(승용/승합/트럭 등등),N,5,,,,,50000,
e_e000407,1,통행료,0,자가용(승용/승합/트럭 등등),N,4,,,,,2000,
e_e000409,1,주유비,0,자가용(승용/승합/트럭 등등),N,3,,,,,30000,
e_e000409,1,통행료,0,자가용(승용/승합/트럭 등등),N,3,,,,,5000,
e_e000412,12,교통비,0,시외/고속버스,N,1,,,,,5600,
e_e000418,1,주유비,0,자가용(승용/승합/트럭 등등),N,3,,,,,50000,
e_e000422,1,주차비,0,자가용(승용/승합/트럭 등등),N,1,,,,,15000,
e_e000422,1,통행료,0,자가용(승용/승합/트럭 등등),N,1,,,,,13000,
e_e000422,5,교통비,0,지하철,N,1,,,,,1250,
e_e000425,1,주차비,0,자가용(승용/승합/트럭 등등),N,4,,,,,1000,
e_e000425,1,통행료,0,자가용(승용/승합/트럭 등등),N,4,,,,,900,
e_e000429,1,주유비,0,자가용(승용/승합/트럭 등등),N,3,,,,,10000,
e_e000429,1,통행료,0,자가용(승용/승합/트럭 등등),N,3,,,,,1800,
e_e000430,1,주유비,0,자가용(승용/승합/트럭 등등),N,1,,,,,15000,
e_e000430,1,통행료,0,자가용(승용/승합/트럭 등등),N,1,,,,,20000,
e_e000430,5,교통비,0,지하철,N,1,,,,,3000,
e_e000432,50,교통비,0,버스 + 지하철,N,2,,,,,12050,
e_e000433,1,주유비,0,자가용(승용/승합/트럭 등등),N,2,,,,,30000,
e_e000433,1,통행료,0,자가용(승용/승합/트럭 등등),N,2,,,,,2500,
e_e000433,5,교통비,0,지하철,N,2,,,,,1750,
e_e000435,1,주유비,0,자가용(승용/승합/트럭 등등),N,4,,,,,20000,
e_e000435,1,주차비,0,자가용(승용/승합/트럭 등등),N,4,,,,,5000,
e_e000435,1,통행료,0,자가용(승용/승합/트럭 등등),N,4,,,,,2500,
e_e000438,1,주유비,0,자가용(승용/승합/트럭 등등),N,4,,,,,150000,
e_e000438,1,주차비,0,자가용(승용/승합/트럭 등등),N,4,,,,,37750,
e_e000438,1,통행료,0,자가용(승용/승합/트럭 등등),N,4,,,,,44000,
e_e000445,1,주유비,0,자가용(승용/승합/트럭 등등),N,2,,,,,50000,
e_e000445,1,통행료,0,자가용(승용/승합/트럭 등등),N,2,,,,,7200,
e_e000448,1,주유비,0,자가용(승용/승합/트럭 등등),N,3,,,,,30000,
e_e000448,1,통행료,0,자가용(승용/승합/트럭 등등),N,3,,,,,5000,
e_e000450,5,교통비,0,지하철,N,1,,,,,3200,
e_e000451,50,교통비,0,버스 + 지하철,N,3,,,,,12000,
e_e000453,11,교통비,1,관광버스,Y,3,,,2023-05-30 16:28,1,31500,(서울)시티투어 타이거버스
e_e000453,50,교통비,0,버스 + 지하철,N,3,,,,,10000,
e_e000453,7,교통비,1,KTX/SRT(고속열차),Y,3,3148210024,한국철도공사,2023-05-12 00:00,3,25100,기차표
e_e000453,7,교통비,3,KTX/SRT(고속열차),Y,3,3148210024,한국철도공사,2023-05-12 00:00,3,6300,기차표
e_e000453,8,교통비,1,새마을/무궁화열차,Y,3,3148210024,한국철도공사,2023-05-10 00:00,3,15400,기차표
e_e000453,8,교통비,3,새마을/무궁화열차,Y,3,3148210024,한국철도공사,2023-05-10 00:00,3,3800,기차표
e_e000454,1,주유비,0,자가용(승용/승합/트럭 등등),N,4,,,,,66200,
e_e000454,1,통행료,0,자가용(승용/승합/트럭 등등),N,4,,,,,5800,
e_e000460,4,교통비,1,택시,N,3,2108164497,동진흥업(주),2023-05-16 12:51,1,11300,택시비
e_e000460,5,교통비,0,지하철,N,3,,,,,5700,
e_e000466,1,통행료,0,자가용(승용/승합/트럭 등등),N,4,,,,,2400,
e_e000469,4,교통비,0,택시,N,3,,,,,86500,
e_e000469,50,교통비,0,버스 + 지하철,N,2,,,,,43000,
e_e000472,4,교통비,0,택시,N,1,,,,,13000,
e_e000472,50,교통비,0,버스 + 지하철,N,1,,,,,19300,
e_e000472,7,교통비,0,KTX/SRT(고속열차),N,1,,,,,96100,
e_e000473,14,렌탈비,0,자전거,N,3,,,,,1000,
e_e000473,14,렌탈비,1,자전거,N,3,,,2023-05-21 08:19,1,1000,일일권.일일 회원(1시간권)
e_e000473,50,교통비,0,버스 + 지하철,N,3,,,,,20000,
e_e000473,7,교통비,0,KTX/SRT(고속열차),N,3,,,,,167600,
e_e000474,7,교통비,1,KTX/SRT(고속열차),Y,1,3148210024,한국철도공사,2023-05-03 16:34,3,51400,기차표
e_e000474,7,교통비,2,KTX/SRT(고속열차),Y,1,3148210024,한국철도공사,2023-05-03 15:08,3,51400,기차표
e_e000479,1,주유비,0,자가용(승용/승합/트럭 등등),N,3,,,,,30000,
e_e000479,1,통행료,0,자가용(승용/승합/트럭 등등),N,3,,,,,10400,
e_e000480,1,주차비,0,자가용(승용/승합/트럭 등등),N,4,,,,,5000,
e_e000480,1,통행료,0,자가용(승용/승합/트럭 등등),N,4,,,,,3400,
e_e000481,50,교통비,0,버스 + 지하철,N,1,,,,,7550,
e_e000482,12,교통비,0,시외/고속버스,N,2,,,,,10500,
e_e000483,1,통행료,0,자가용(승용/승합/트럭 등등),N,8,,,,,3000,
e_e000486,5,교통비,0,지하철,N,1,,,,,6100,
e_e000490,50,교통비,0,버스 + 지하철,N,1,,,,,9809,
e_e000490,8,교통비,0,새마을/무궁화열차,N,1,,,,,4800,
e_e000491,1,주유비,0,자가용(승용/승합/트럭 등등),N,3,,,,,50000,
e_e000491,1,통행료,0,자가용(승용/승합/트럭 등등),N,3,,,,,46000,
e_e000492,1,주유비,0,자가용(승용/승합/트럭 등등),N,3,,,,,5000,
e_e000496,1,주유비,0,자가용(승용/승합/트럭 등등),N,2,,,,,50000,
e_e000496,1,주차비,0,자가용(승용/승합/트럭 등등),N,2,,,,,2000,
e_e000496,1,통행료,0,자가용(승용/승합/트럭 등등),N,2,,,,,8300,
e_e000500,1,주유비,0,자가용(승용/승합/트럭 등등),N,4,,,,,66800,
e_e000500,1,통행료,0,자가용(승용/승합/트럭 등등),N,4,,,,,7200,
e_e000504,5,교통비,0,지하철,N,1,,,,,3500,
e_e000505,1,주유비,0,자가용(승용/승합/트럭 등등),N,1,,,,,20000,
e_e000505,1,주차비,0,자가용(승용/승합/트럭 등등),N,1,,,,,2000,
e_e000507,1,주차비,0,자가용(승용/승합/트럭 등등),N,4,,,,,13800,
e_e000507,1,통행료,0,자가용(승용/승합/트럭 등등),N,4,,,,,8200,
e_e000507,13,교통비,0,시내/마을버스,N,4,,,,,4400,
e_e000509,50,교통비,0,버스 + 지하철,N,2,,,,,20000,
e_e000509,7,교통비,1,KTX/SRT(고속열차),Y,2,3148210024,한국철도공사,2023-05-17 17:08,3,44300,기차표
e_e000509,7,교통비,2,KTX/SRT(고속열차),N,2,3148210024,한국철도공사,2023-05-19 17:09,3,44000,기차표
e_e000510,50,교통비,0,버스 + 지하철,N,2,,,,,16600,
e_e000514,1,주유비,0,자가용(승용/승합/트럭 등등),N,5,,,,,30000,
e_e000521,1,주유비,0,자가용(승용/승합/트럭 등등),N,1,,,,,20000,
e_e000521,1,통행료,0,자가용(승용/승합/트럭 등등),N,1,,,,,8000,
e_e000521,10,교통비,1,배/선박,N,1,2819597885,세종해운 월미사업부,2023-05-23 16:08,1,7500,
e_e000521,10,교통비,2,배/선박,N,1,,용주해운,2023-05-23 00:00,1,7500,
e_e000523,1,주유비,0,자가용(승용/승합/트럭 등등),N,4,,,,,11000,
e_e000523,1,통행료,0,자가용(승용/승합/트럭 등등),N,4,,,,,3600,
e_e000524,1,통행료,0,자가용(승용/승합/트럭 등등),N,2,,,,,13700,
e_e000525,1,통행료,0,자가용(승용/승합/트럭 등등),N,3,,,,,11550,
e_e000526,50,교통비,0,버스 + 지하철,N,1,,,,,7800,
e_e000526,8,교통비,1,새마을/무궁화열차,Y,1,3148210024,한국철도공사,2023-05-15 12:00,1,8300,기차표
e_e000526,8,교통비,2,새마을/무궁화열차,N,1,3148210024,한국철도공사,2023-05-17 00:00,1,8300,기차표
e_e000531,1,주유비,0,자가용(승용/승합/트럭 등등),N,2,,,,,40000,
e_e000531,1,통행료,0,자가용(승용/승합/트럭 등등),N,2,,,,,1800,
e_e000533,1,주유비,0,자가용(승용/승합/트럭 등등),N,3,,,,,50000,
e_e000533,1,통행료,0,자가용(승용/승합/트럭 등등),N,3,,,,,5000,
e_e000535,4,교통비,0,택시,N,2,,,,,3800,
e_e000535,5,교통비,0,지하철,N,2,,,,,4350,
e_e000535,7,교통비,0,KTX/SRT(고속열차),N,2,,,,,86000,
e_e000536,1,주유비,0,자가용(승용/승합/트럭 등등),N,1,,,,,20000,
e_e000536,5,교통비,0,지하철,N,1,,,,,1750,
e_e000541,1,주유비,0,자가용(승용/승합/트럭 등등),N,3,,,,,80000,
e_e000544,5,교통비,0,지하철,N,2,,,,,8000,
e_e000546,50,교통비,0,버스 + 지하철,N,1,,,,,15000,
e_e000547,1,주유비,0,자가용(승용/승합/트럭 등등),N,4,,,,,50000,
e_e000547,1,통행료,0,자가용(승용/승합/트럭 등등),N,4,,,,,8300,
e_e000548,1,주유비,0,자가용(승용/승합/트럭 등등),N,3,,,,,80000,
e_e000548,1,통행료,0,자가용(승용/승합/트럭 등등),N,3,,,,,6000,
e_e000550,13,교통비,0,시내/마을버스,N,1,,,,,4350,
e_e000552,1,주유비,0,자가용(승용/승합/트럭 등등),N,2,,,,,10000,
e_e000552,1,통행료,0,자가용(승용/승합/트럭 등등),N,2,,,,,800,
e_e000556,1,주유비,0,자가용(승용/승합/트럭 등등),N,3,,,,,15000,
e_e000556,1,통행료,0,자가용(승용/승합/트럭 등등),N,3,,,,,6400,
e_e000557,50,교통비,0,버스 + 지하철,N,3,,,,,13000,
e_e000560,1,주유비,0,자가용(승용/승합/트럭 등등),N,2,,,,,18000,
e_e000560,1,주차비,0,자가용(승용/승합/트럭 등등),N,2,,,,,2000,
e_e000560,1,통행료,0,자가용(승용/승합/트럭 등등),N,2,,,,,9200,
e_e000561,4,교통비,0,택시,N,1,,,,,4800,
e_e000561,50,교통비,0,버스 + 지하철,N,1,,,,,10000,
e_e000563,4,교통비,1,택시,N,2,1048183559,주식회사 티머니,2023-05-29 14:43,1,11900,택시비
e_e000563,5,교통비,0,지하철,N,2,,,,,8000,
e_e000563,8,교통비,0,새마을/무궁화열차,N,2,,,,,39200,
e_e000564,1,주차비,0,자가용(승용/승합/트럭 등등),N,1,,,,,1200,
e_e000564,1,통행료,0,자가용(승용/승합/트럭 등등),N,1,,,,,1600,
e_e000566,5,교통비,0,지하철,N,1,,,,,3700,
e_e000567,1,주유비,0,자가용(승용/승합/트럭 등등),N,4,,,,,50000,
e_e000567,1,통행료,0,자가용(승용/승합/트럭 등등),N,4,,,,,6400,
e_e000579,1,주유비,0,자가용(승용/승합/트럭 등등),N,2,,,,,38575,
e_e000579,1,통행료,0,자가용(승용/승합/트럭 등등),N,2,,,,,7200,
e_e000584,4,교통비,0,택시,N,2,,,,,9200,
e_e000584,50,교통비,0,버스 + 지하철,N,2,,,,,10000,
e_e000584,7,교통비,0,KTX/SRT(고속열차),N,2,,,,,119600,
e_e000584,9,교통비,0,항공기,N,2,,,,,66000,
e_e000590,1,주유비,0,자가용(승용/승합/트럭 등등),N,2,,,,,30000,
e_e000590,1,주차비,0,자가용(승용/승합/트럭 등등),N,2,,,,,5000,
e_e000590,1,통행료,0,자가용(승용/승합/트럭 등등),N,2,,,,,10000,
e_e000591,5,교통비,0,지하철,N,2,,,,,7200,
e_e000594,1,주유비,0,자가용(승용/승합/트럭 등등),N,2,,,,,20000,
e_e000595,4,교통비,1,택시,N,2,1262286767,,2023-05-28 11:57,1,8100,택시비
e_e000595,4,교통비,2,택시,N,2,5771200255,개인택시,2023-05-27 15:37,1,8500,택시비
e_e000595,50,교통비,0,버스 + 지하철,N,2,,,,,12600,
e_e000597,1,주유비,0,자가용(승용/승합/트럭 등등),N,2,,,,,25000,
e_e000597,1,통행료,0,자가용(승용/승합/트럭 등등),N,2,,,,,10000,
e_e000599,1,주유비,0,자가용(승용/승합/트럭 등등),N,2,,,,,82782,
e_e000602,50,교통비,0,버스 + 지하철,N,1,,,,,20000,
e_e000603,50,교통비,0,버스 + 지하철,N,4,,,,,25000,
e_e000603,7,교통비,0,KTX/SRT(고속열차),N,4,,,,,358800,
e_e000604,4,교통비,0,택시,N,1,,,,,6000,
e_e000604,5,교통비,0,지하철,N,1,,,,,1500,
e_e000605,1,주유비,0,자가용(승용/승합/트럭 등등),N,1,,,,,50000,
e_e000605,1,주차비,0,자가용(승용/승합/트럭 등등),N,1,,,,,900,
e_e000605,5,교통비,0,지하철,N,1,,,,,5000,
e_e000607,1,주유비,0,자가용(승용/승합/트럭 등등),N,4,,,,,70000,
e_e000612,1,주유비,0,자가용(승용/승합/트럭 등등),N,2,,,,,30000,
e_e000615,50,교통비,0,버스 + 지하철,N,2,,,,,11100,
e_e000618,1,주유비,0,자가용(승용/승합/트럭 등등),N,2,,,,,12752,
e_e000618,5,교통비,0,지하철,N,2,,,,,1250,
e_e000620,1,주유비,0,자가용(승용/승합/트럭 등등),N,3,,,,,20000,
e_e000621,4,교통비,0,택시,N,1,,,,,11000,
e_e000622,2,렌탈비,0,렌터카(승용/승합/버스 등등),N,2,,,,,74060,
e_e000623,1,주유비,0,자가용(승용/승합/트럭 등등),N,4,,,,,50000,
e_e000623,1,통행료,0,자가용(승용/승합/트럭 등등),N,6,,,,,3000,
e_e000625,1,통행료,0,자가용(승용/승합/트럭 등등),N,3,,,,,900,
e_e000627,5,교통비,0,지하철,N,1,,,,,4600,
e_e000628,1,주유비,0,자가용(승용/승합/트럭 등등),N,3,,,,,40000,
e_e000628,1,통행료,0,자가용(승용/승합/트럭 등등),N,3,,,,,3000,
e_e000637,5,교통비,0,지하철,N,2,,,,,7400,
e_e000639,50,교통비,0,버스 + 지하철,N,1,,,,,7000,
e_e000640,1,주유비,0,자가용(승용/승합/트럭 등등),N,3,,,,,44195,
e_e000641,1,주유비,0,자가용(승용/승합/트럭 등등),N,4,,,,,40000,
e_e000641,1,통행료,0,자가용(승용/승합/트럭 등등),N,4,,,,,5400,
e_e000644,1,주유비,0,자가용(승용/승합/트럭 등등),N,4,,,,,20000,
e_e000646,1,주유비,0,자가용(승용/승합/트럭 등등),N,1,,,,,50000,
e_e000646,1,주차비,0,자가용(승용/승합/트럭 등등),N,1,,,,,2000,
e_e000647,1,주유비,0,자가용(승용/승합/트럭 등등),N,2,,,,,20000,
e_e000647,1,주차비,0,자가용(승용/승합/트럭 등등),N,2,,,,,500,
e_e000647,1,통행료,0,자가용(승용/승합/트럭 등등),N,2,,,,,1800,
e_e000648,1,주유비,0,자가용(승용/승합/트럭 등등),N,4,,,,,8000,
e_e000648,1,통행료,0,자가용(승용/승합/트럭 등등),N,4,,,,,2000,
e_e000650,14,렌탈비,0,자전거,N,1,,,,,2000,
e_e000650,50,교통비,0,버스 + 지하철,N,1,,,,,12500,
e_e000650,7,교통비,0,KTX/SRT(고속열차),N,1,,,,,69300,
e_e000651,1,주유비,0,자가용(승용/승합/트럭 등등),N,4,,,,,50000,
e_e000651,1,통행료,0,자가용(승용/승합/트럭 등등),N,4,,,,,4500,
e_e000651,13,교통비,0,시내/마을버스,N,4,,,,,12000,
e_e000655,50,교통비,0,버스 + 지하철,N,1,,,,,9000,
e_e000662,5,교통비,0,지하철,N,1,,,,,3500,
e_e000664,1,주유비,0,자가용(승용/승합/트럭 등등),N,3,,,,,15000,
e_e000664,1,주차비,0,자가용(승용/승합/트럭 등등),N,3,,,,,2000,
e_e000664,1,통행료,0,자가용(승용/승합/트럭 등등),N,3,,,,,5000,
e_e000666,1,주유비,0,자가용(승용/승합/트럭 등등),N,2,,,,,30000,
e_e000666,1,통행료,0,자가용(승용/승합/트럭 등등),N,2,,,,,2700,
e_e000666,50,교통비,0,버스 + 지하철,N,2,,,,,12000,
e_e000666,7,교통비,1,KTX/SRT(고속열차),N,2,3148210024,한국철도공사,2023-05-29 18:08,3,27600,기차표
e_e000666,7,교통비,2,KTX/SRT(고속열차),N,2,3148210024,한국철도공사,2023-05-26 09:09,3,26000,기차표
e_e000669,1,주유비,0,자가용(승용/승합/트럭 등등),N,4,,,,,80000,
e_e000669,1,통행료,0,자가용(승용/승합/트럭 등등),N,4,,,,,4000,
e_e000672,5,교통비,0,지하철,N,1,,,,,1800,
e_e000673,1,주유비,0,자가용(승용/승합/트럭 등등),N,1,,,,,22000,
e_e000673,1,통행료,0,자가용(승용/승합/트럭 등등),N,1,,,,,11000,
e_e000680,1,주유비,0,자가용(승용/승합/트럭 등등),N,3,,,,,95000,
e_e000680,1,주차비,0,자가용(승용/승합/트럭 등등),N,3,,,,,20000,
e_e000682,13,교통비,0,시내/마을버스,N,2,,,,,6000,
e_e000682,8,교통비,0,새마을/무궁화열차,N,2,,,,,10800,
e_e000686,1,주유비,0,자가용(승용/승합/트럭 등등),N,2,,,,,12000,
e_e000686,1,주차비,0,자가용(승용/승합/트럭 등등),N,2,,,,,1500,
e_e000686,1,통행료,0,자가용(승용/승합/트럭 등등),N,2,,,,,4350,
e_e000689,50,교통비,0,버스 + 지하철,N,2,,,,,22000,
e_e000691,1,주유비,0,자가용(승용/승합/트럭 등등),N,2,,,,,10000,
e_e000691,1,주차비,0,자가용(승용/승합/트럭 등등),N,2,,,,,9000,
e_e000693,1,통행료,0,자가용(승용/승합/트럭 등등),N,3,,,,,2400,
e_e000695,1,주유비,0,자가용(승용/승합/트럭 등등),N,2,,,,,50000,
e_e000695,1,통행료,0,자가용(승용/승합/트럭 등등),N,2,,,,,20000,
e_e000696,1,주유비,0,자가용(승용/승합/트럭 등등),N,4,,,,,39000,
e_e000696,1,주차비,0,자가용(승용/승합/트럭 등등),N,4,,,,,6800,
e_e000696,1,통행료,0,자가용(승용/승합/트럭 등등),N,4,,,,,10400,
e_e000696,4,교통비,1,택시,N,4,2158119911,동성상운,2023-05-20 19:39,3,7800,택시비
e_e000699,4,교통비,1,택시,N,2,,카카오T 펫,2023-06-04 01:15,1,17900,택시비
e_e000699,50,교통비,0,버스 + 지하철,N,2,,,,,53500,
e_e000700,4,교통비,1,택시,N,1,1178103319,동훈운수(주),2023-06-02 19:31,1,7600,택시비
e_e000700,4,교통비,2,택시,N,1,1101286254,개인택시,2023-06-03 09:35,1,13500,택시비
e_e000700,50,교통비,0,버스 + 지하철,N,1,,,,,11600,
e_e000705,12,교통비,0,시외/고속버스,N,1,,,,,9200,
e_e000705,4,교통비,0,택시,N,1,,,,,15900,
e_e000706,50,교통비,0,버스 + 지하철,N,6,,,,,7500,
e_e000707,1,주유비,0,자가용(승용/승합/트럭 등등),N,4,,,,,76000,
e_e000709,1,주유비,0,자가용(승용/승합/트럭 등등),N,3,,,,,10000,
e_e000710,1,통행료,0,자가용(승용/승합/트럭 등등),N,2,,,,,4800,
e_e000715,1,주유비,0,자가용(승용/승합/트럭 등등),N,2,,,,,30000,
e_e000715,1,통행료,0,자가용(승용/승합/트럭 등등),N,2,,,,,6000,
e_e000717,4,교통비,0,택시,N,4,,,,,6900,
e_e000717,50,교통비,0,버스 + 지하철,N,4,,,,,11600,
e_e000718,50,교통비,0,버스 + 지하철,N,1,,,,,11400,
e_e000733,1,주유비,0,자가용(승용/승합/트럭 등등),N,4,,,,,70000,
e_e000733,1,통행료,0,자가용(승용/승합/트럭 등등),N,4,,,,,3200,
e_e000734,1,주유비,0,자가용(승용/승합/트럭 등등),N,1,,,,,50000,
e_e000734,5,교통비,0,지하철,N,1,,,,,5000,
e_e000737,13,교통비,0,시내/마을버스,N,1,,,,,2700,
e_e000738,50,교통비,0,버스 + 지하철,N,2,,,,,20000,
e_e000743,1,주유비,0,자가용(승용/승합/트럭 등등),N,2,,,,,30000,
e_e000743,1,주차비,0,자가용(승용/승합/트럭 등등),N,2,,,,,11000,
e_e000745,1,주유비,0,자가용(승용/승합/트럭 등등),N,3,,,,,15000,
e_e000745,1,통행료,0,자가용(승용/승합/트럭 등등),N,3,,,,,5600,
e_e000746,5,교통비,0,지하철,N,2,,,,,8700,
e_e000747,1,주유비,0,자가용(승용/승합/트럭 등등),N,4,,,,,40000,
e_e000747,1,주차비,0,자가용(승용/승합/트럭 등등),N,4,,,,,4000,
e_e000747,1,통행료,0,자가용(승용/승합/트럭 등등),N,4,,,,,3200,
e_e000748,50,교통비,0,버스 + 지하철,N,2,,,,,11600,
e_e000751,50,교통비,0,버스 + 지하철,N,3,,,,,12000,
e_e000751,9,교통비,0,항공기,N,3,,,,,221200,
e_e000752,1,주유비,0,자가용(승용/승합/트럭 등등),N,1,,,,,60000,
e_e000752,12,교통비,0,시외/고속버스,N,1,,,,,8000,
e_e000752,4,교통비,0,택시,N,1,,,,,12000,
e_e000752,9,교통비,0,항공기,N,1,,,,,50000,
e_e000760,1,주유비,0,자가용(승용/승합/트럭 등등),N,4,,,,,45000,
e_e000761,1,주유비,0,자가용(승용/승합/트럭 등등),N,3,,,,,10000,
e_e000762,1,주유비,0,자가용(승용/승합/트럭 등등),N,1,,,,,20000,
e_e000762,1,주차비,0,자가용(승용/승합/트럭 등등),N,1,,,,,2000,
e_e000762,1,통행료,0,자가용(승용/승합/트럭 등등),N,1,,,,,3000,
e_e000762,5,교통비,0,지하철,N,1,,,,,2500,
e_e000765,1,주유비,0,자가용(승용/승합/트럭 등등),N,3,,,,,50000,
e_e000765,1,통행료,0,자가용(승용/승합/트럭 등등),N,3,,,,,5600,
e_e000767,50,교통비,0,버스 + 지하철,N,1,,,,,20000,
e_e000768,1,주유비,0,자가용(승용/승합/트럭 등등),N,1,,,,,10000,
e_e000768,1,주차비,0,자가용(승용/승합/트럭 등등),N,1,,,,,5000,
e_e000768,1,통행료,0,자가용(승용/승합/트럭 등등),N,1,,,,,1600,
e_e000771,1,주유비,0,자가용(승용/승합/트럭 등등),N,3,,,,,50000,
e_e000771,1,통행료,0,자가용(승용/승합/트럭 등등),N,3,,,,,1700,
e_e000774,1,주유비,0,자가용(승용/승합/트럭 등등),N,7,,,,,40000,
e_e000774,1,통행료,0,자가용(승용/승합/트럭 등등),N,7,,,,,4400,
e_e000782,50,교통비,0,버스 + 지하철,N,3,,,,,8000,
e_e000785,1,주유비,0,자가용(승용/승합/트럭 등등),N,4,,,,,30000,
e_e000785,1,통행료,0,자가용(승용/승합/트럭 등등),N,4,,,,,2600,
e_e000787,1,주차비,0,자가용(승용/승합/트럭 등등),N,4,,,,,7000,
e_e000787,1,통행료,0,자가용(승용/승합/트럭 등등),N,5,,,,,3600,
e_e000789,1,주유비,0,자가용(승용/승합/트럭 등등),N,4,,,,,46650,
e_e000791,12,교통비,0,시외/고속버스,N,2,,,,,13500,
e_e000793,5,교통비,0,지하철,N,2,,,,,2700,
e_e000794,5,교통비,0,지하철,N,1,,,,,3800,
e_e000794,7,교통비,0,KTX/SRT(고속열차),N,1,,,,,40900,
e_e000801,5,교통비,0,지하철,N,1,,,,,6000,
e_e000802,1,주차비,0,자가용(승용/승합/트럭 등등),N,1,,,,,3000,
e_e000802,1,통행료,0,자가용(승용/승합/트럭 등등),N,1,,,,,1800,
e_e000803,1,주유비,0,자가용(승용/승합/트럭 등등),N,4,,,,,50000,
e_e000804,1,주유비,0,자가용(승용/승합/트럭 등등),N,2,,,,,110000,
e_e000804,1,주차비,0,자가용(승용/승합/트럭 등등),N,2,,,,,3000,
e_e000804,1,통행료,0,자가용(승용/승합/트럭 등등),N,2,,,,,44300,
e_e000804,13,교통비,0,시내/마을버스,N,2,,,,,1500,
e_e000805,1,주유비,0,자가용(승용/승합/트럭 등등),N,3,,,,,30000,
e_e000805,1,통행료,0,자가용(승용/승합/트럭 등등),N,3,,,,,5600,
e_e000807,50,교통비,0,버스 + 지하철,N,3,,,,,11000,
e_e000807,7,교통비,1,KTX/SRT(고속열차),Y,3,3148210024,한국철도공사,2023-05-08 00:41,1,70000,기차표
e_e000810,1,주차비,0,자가용(승용/승합/트럭 등등),N,1,,,,,12600,
e_e000810,4,교통비,0,택시,N,1,,,,,14400,
e_e000810,50,교통비,0,버스 + 지하철,N,1,,,,,16000,
e_e000810,7,교통비,0,KTX/SRT(고속열차),N,1,,,,,157946,
e_e000811,1,주유비,0,자가용(승용/승합/트럭 등등),N,5,,,,,20000,
e_e000811,1,주차비,0,자가용(승용/승합/트럭 등등),N,5,,,,,3200,
e_e000812,1,주유비,0,자가용(승용/승합/트럭 등등),N,4,,,,,50000,
e_e000812,1,통행료,0,자가용(승용/승합/트럭 등등),N,4,,,,,25000,
e_e000817,1,주유비,0,자가용(승용/승합/트럭 등등),N,3,,,,,70000,
e_e000817,1,주차비,0,자가용(승용/승합/트럭 등등),N,3,,,,,2000,
e_e000817,1,통행료,0,자가용(승용/승합/트럭 등등),N,3,,,,,4700,
e_e000818,1,주유비,0,자가용(승용/승합/트럭 등등),N,2,,,,,50000,
e_e000826,1,주유비,0,자가용(승용/승합/트럭 등등),N,3,,,,,40000,
e_e000826,1,통행료,0,자가용(승용/승합/트럭 등등),N,3,,,,,6800,
e_e000828,1,주유비,0,자가용(승용/승합/트럭 등등),N,2,,,,,70000,
e_e000828,1,주차비,0,자가용(승용/승합/트럭 등등),N,2,,,,,2000,
e_e000828,1,통행료,0,자가용(승용/승합/트럭 등등),N,2,,,,,23800,
e_e000830,1,주차비,0,자가용(승용/승합/트럭 등등),N,3,,,,,5000,
e_e000830,1,통행료,0,자가용(승용/승합/트럭 등등),N,3,,,,,3000,
e_e000831,1,주유비,0,자가용(승용/승합/트럭 등등),N,4,,,,,8000,
e_e000831,1,통행료,0,자가용(승용/승합/트럭 등등),N,4,,,,,2400,
e_e000838,1,주유비,0,자가용(승용/승합/트럭 등등),N,4,,,,,80000,
e_e000838,1,주차비,0,자가용(승용/승합/트럭 등등),N,4,,,,,3000,
e_e000838,1,통행료,0,자가용(승용/승합/트럭 등등),N,4,,,,,15000,
e_e000841,12,교통비,0,시외/고속버스,N,3,,,,,23200,
e_e000844,4,교통비,0,택시,N,3,,,,,10000,
e_e000844,7,교통비,0,KTX/SRT(고속열차),N,3,,,,,149400,
e_e000849,50,교통비,0,버스 + 지하철,N,2,,,,,15200,
e_e000850,5,교통비,0,지하철,N,1,,,,,4100,
e_e000852,1,주유비,0,자가용(승용/승합/트럭 등등),N,2,,,,,20000,
e_e000852,1,통행료,0,자가용(승용/승합/트럭 등등),N,2,,,,,2900,
e_e000854,1,주유비,0,자가용(승용/승합/트럭 등등),N,4,,,,,42227,
e_e000854,1,통행료,0,자가용(승용/승합/트럭 등등),N,4,,,,,13000,
e_e000856,4,교통비,0,택시,N,2,,,,,9800,
e_e000856,50,교통비,0,버스 + 지하철,N,2,,,,,118000,
e_e000859,4,교통비,0,택시,N,1,,,,,7000,
e_e000859,50,교통비,0,버스 + 지하철,N,1,,,,,18450,
e_e000859,8,교통비,1,새마을/무궁화열차,Y,1,3148210024,한국철도공사,2023-05-22 13:54,1,0,기차표
e_e000859,8,교통비,2,새마을/무궁화열차,Y,1,3148210024,한국철도공사,2023-05-22 14:40,1,0,기차표
e_e000861,1,주유비,0,자가용(승용/승합/트럭 등등),N,2,,,,,30000,
e_e000861,1,주차비,0,자가용(승용/승합/트럭 등등),N,2,,,,,5900,
e_e000861,11,교통비,0,관광버스,N,2,,,,,35000,
e_e000861,5,교통비,0,지하철,N,2,,,,,7500,
e_e000861,7,교통비,0,KTX/SRT(고속열차),N,2,,,,,106000,
e_e000863,1,주유비,0,자가용(승용/승합/트럭 등등),N,2,,,,,37000,
e_e000863,1,주차비,0,자가용(승용/승합/트럭 등등),N,2,,,,,500,
e_e000863,1,통행료,0,자가용(승용/승합/트럭 등등),N,2,,,,,3950,
e_e000865,50,교통비,0,버스 + 지하철,N,1,,,,,8000,
e_e000872,1,주유비,0,자가용(승용/승합/트럭 등등),N,4,,,,,30000,
e_e000875,5,교통비,0,지하철,N,1,,,,,5200,
e_e000875,7,교통비,1,KTX/SRT(고속열차),Y,1,3148210024,한국철도공사 ,2023-05-18 21:10,3,36700,기차표
e_e000877,1,주유비,0,자가용(승용/승합/트럭 등등),N,6,,,,,50000,
e_e000877,1,통행료,0,자가용(승용/승합/트럭 등등),N,6,,,,,9100,
e_e000882,12,교통비,0,시외/고속버스,N,1,,,,,7200,
e_e000883,4,교통비,0,택시,N,1,,,,,20160,
e_e000883,50,교통비,0,버스 + 지하철,N,1,,,,,12500,
e_e000883,7,교통비,0,KTX/SRT(고속열차),N,1,,,,,91200,
e_e000886,1,주차비,0,자가용(승용/승합/트럭 등등),N,1,,,,,1500,
e_e000889,4,교통비,0,택시,N,2,,,,,12900,
e_e000889,5,교통비,0,지하철,N,2,,,,,7500,
e_e000902,10,교통비,0,배/선박,N,2,,,,,7000,
e_e000902,50,교통비,0,버스 + 지하철,N,2,,,,,14800,
e_e000906,1,주유비,0,자가용(승용/승합/트럭 등등),N,1,,,,,20000,
e_e000906,1,통행료,0,자가용(승용/승합/트럭 등등),N,1,,,,,4000,
e_e000907,12,교통비,0,시외/고속버스,N,1,,,,,21000,
e_e000910,5,교통비,0,지하철,N,1,,,,,4850,
e_e000914,50,교통비,0,버스 + 지하철,N,1,,,,,27150,
e_e000914,7,교통비,1,KTX/SRT(고속열차),Y,1,3058631590,주식회사 에스알,2023-05-22 00:00,1,20000,기차표
e_e000917,1,주유비,0,자가용(승용/승합/트럭 등등),N,4,,,,,70000,
e_e000917,1,통행료,0,자가용(승용/승합/트럭 등등),N,4,,,,,6650,
e_e000917,50,교통비,0,버스 + 지하철,N,4,,,,,10000,
e_e000919,1,주유비,0,자가용(승용/승합/트럭 등등),N,4,,,,,60000,
e_e000919,1,통행료,0,자가용(승용/승합/트럭 등등),N,4,,,,,8000,
e_e000930,5,교통비,0,지하철,N,2,,,,,6850,
e_e000935,1,주유비,0,자가용(승용/승합/트럭 등등),N,5,,,,,50000,
e_e000935,1,주차비,0,자가용(승용/승합/트럭 등등),N,5,,,,,16650,
e_e000935,1,통행료,0,자가용(승용/승합/트럭 등등),N,5,,,,,35000,
e_e000936,1,주유비,0,자가용(승용/승합/트럭 등등),N,2,,,,,30000,
e_e000936,1,통행료,0,자가용(승용/승합/트럭 등등),N,2,,,,,3800,
e_e000938,1,통행료,0,자가용(승용/승합/트럭 등등),N,4,,,,,4500,
e_e000942,1,주유비,0,자가용(승용/승합/트럭 등등),N,2,,,,,40000,
e_e000942,1,통행료,0,자가용(승용/승합/트럭 등등),N,2,,,,,11600,
e_e000946,50,교통비,0,버스 + 지하철,N,1,,,,,15000,
e_e000946,9,교통비,0,항공기,N,1,,,,,98690,
e_e000947,1,주차비,0,자가용(승용/승합/트럭 등등),N,2,,,,,3000,
e_e000947,1,통행료,0,자가용(승용/승합/트럭 등등),N,2,,,,,6200,
e_e000949,1,주유비,0,자가용(승용/승합/트럭 등등),N,3,,,,,15000,
e_e000949,1,통행료,0,자가용(승용/승합/트럭 등등),N,3,,,,,900,
e_e000950,1,주유비,0,자가용(승용/승합/트럭 등등),N,3,,,,,100000,
e_e000951,50,교통비,0,버스 + 지하철,N,1,,,,,11150,
e_e000951,7,교통비,1,KTX/SRT(고속열차),N,1,3058631590,주식회사 에스알,2023-06-10 23:02,1,37500,기차표
e_e000951,8,교통비,1,새마을/무궁화열차,Y,1,3148210024,한국철도공사,2023-06-07 12:41,3,21100,기차표
e_e000955,5,교통비,0,지하철,N,4,,,,,3000,
e_e000956,5,교통비,0,지하철,N,1,,,,,5350,
e_e000959,13,교통비,0,시내/마을버스,N,4,,,,,20100,
e_e000961,1,주유비,0,자가용(승용/승합/트럭 등등),N,4,,,,,80000,
e_e000961,1,통행료,0,자가용(승용/승합/트럭 등등),N,4,,,,,17850,
e_e000962,1,주유비,0,자가용(승용/승합/트럭 등등),N,3,,,,,30000,
e_e000962,1,통행료,0,자가용(승용/승합/트럭 등등),N,3,,,,,5000,
e_e000966,1,주유비,0,자가용(승용/승합/트럭 등등),N,4,,,,,20000,
e_e000966,1,주차비,0,자가용(승용/승합/트럭 등등),N,4,,,,,1000,
e_e000967,1,주유비,0,자가용(승용/승합/트럭 등등),N,4,,,,,30999,
e_e000967,1,통행료,0,자가용(승용/승합/트럭 등등),N,4,,,,,10700,
e_e000973,1,주유비,0,자가용(승용/승합/트럭 등등),N,4,,,,,20596,
e_e000973,1,통행료,0,자가용(승용/승합/트럭 등등),N,4,,,,,9400,
e_e000976,12,교통비,0,시외/고속버스,N,1,,,,,10850,
e_e000976,4,교통비,1,택시,N,1,1048183559,주식회사 티머니,2023-05-31 07:10,1,6200,택시비
e_e000976,4,교통비,2,택시,N,1,1048183559,주식회사 티머니,2023-05-31 15:31,1,6900,택시비
e_e000983,5,교통비,0,지하철,N,1,,,,,4500,
e_e000984,1,주유비,0,자가용(승용/승합/트럭 등등),N,2,,,,,35000,
e_e000986,4,교통비,1,택시,N,1,1251326411,,2023-05-24 16:05,1,10900,택시비
e_e000986,5,교통비,0,지하철,N,1,,,,,2150,
e_e000986,8,교통비,1,새마을/무궁화열차,N,1,3148210024,한국철도공사,2023-05-24 21:01,1,2600,기차표
e_e000987,1,통행료,0,자가용(승용/승합/트럭 등등),N,2,,,,,5800,
e_e000992,1,주유비,0,자가용(승용/승합/트럭 등등),N,2,,,,,4000,
e_e000993,4,교통비,1,택시,N,2,1048183559,주식회사 티머니,2023-05-29 19:41,3,8900,카카오페이 택시비
e_e000993,4,교통비,2,택시,N,2,1048183559,카카오페이(택시),2023-05-28 19:04,1,4900,택시비
e_e000993,50,교통비,0,버스 + 지하철,N,2,,,,,7000,
e_e000993,7,교통비,1,KTX/SRT(고속열차),Y,2,3148210024,한국철도공사,2023-04-29 08:58,3,34400,기차표
e_e000993,7,교통비,2,KTX/SRT(고속열차),Y,2,3148210024,한국철도공사,2023-04-29 09:01,3,34400,기차표
e_e000994,1,주유비,0,자가용(승용/승합/트럭 등등),N,3,,,,,40000,
e_e000994,1,통행료,0,자가용(승용/승합/트럭 등등),N,3,,,,,10000,
e_e000995,9,교통비,0,항공기,N,2,,,,,152000,
e_e000997,1,주유비,0,자가용(승용/승합/트럭 등등),N,3,,,,,25000,
e_e000997,1,통행료,0,자가용(승용/승합/트럭 등등),N,3,,,,,7600,
e_e000998,1,통행료,0,자가용(승용/승합/트럭 등등),N,3,,,,,12800,
e_e000999,1,주유비,0,자가용(승용/승합/트럭 등등),N,4,,,,,20000,
e_e001001,1,주유비,0,자가용(승용/승합/트럭 등등),N,2,,,,,25000,
e_e001001,1,주차비,0,자가용(승용/승합/트럭 등등),N,2,,,,,1200,
e_e001001,1,통행료,0,자가용(승용/승합/트럭 등등),N,2,,,,,5000,
e_e001009,50,교통비,0,버스 + 지하철,N,2,,,,,129200,
e_e001012,5,교통비,0,지하철,N,2,,,,,5200,
e_e001013,1,통행료,0,자가용(승용/승합/트럭 등등),N,1,,,,,2000,
e_e001014,1,주유비,0,자가용(승용/승합/트럭 등등),N,2,,,,,50000,
e_e001014,1,통행료,0,자가용(승용/승합/트럭 등등),N,2,,,,,5000,
e_e001014,5,교통비,0,지하철,N,2,,,,,2500,
e_e001019,1,주유비,0,자가용(승용/승합/트럭 등등),N,1,,,,,30000,
e_e001019,1,주차비,0,자가용(승용/승합/트럭 등등),N,1,,,,,1200,
e_e001022,1,주유비,0,자가용(승용/승합/트럭 등등),N,2,,,,,60000,
e_e001022,1,통행료,0,자가용(승용/승합/트럭 등등),N,2,,,,,8000,
e_e001023,1,통행료,0,자가용(승용/승합/트럭 등등),N,3,,,,,4600,
e_e001024,5,교통비,0,지하철,N,2,,,,,6250,
e_e001024,7,교통비,1,KTX/SRT(고속열차),Y,2,3148210024,한국철도공사,2023-05-18 08:53,1,52500,기차표
e_e001024,7,교통비,2,KTX/SRT(고속열차),Y,2,3148210024,한국철도공사,2023-05-21 20:20,1,59000,기차표
e_e001025,1,주유비,0,자가용(승용/승합/트럭 등등),N,2,,,,,50000,
e_e001025,1,통행료,0,자가용(승용/승합/트럭 등등),N,2,,,,,8000,
e_e001026,1,주유비,0,자가용(승용/승합/트럭 등등),N,2,,,,,48000,
e_e001026,1,주차비,0,자가용(승용/승합/트럭 등등),N,2,,,,,800,
e_e001026,1,통행료,0,자가용(승용/승합/트럭 등등),N,2,,,,,7800,
e_e001029,1,주유비,0,자가용(승용/승합/트럭 등등),N,3,,,,,100000,
e_e001029,1,주차비,0,자가용(승용/승합/트럭 등등),N,3,,,,,40000,
e_e001029,1,통행료,0,자가용(승용/승합/트럭 등등),N,3,,,,,50000,
e_e001030,1,주유비,0,자가용(승용/승합/트럭 등등),N,4,,,,,80000,
e_e001030,1,통행료,0,자가용(승용/승합/트럭 등등),N,6,,,,,3000,
e_e001031,1,주유비,0,자가용(승용/승합/트럭 등등),N,2,,,,,50000,
e_e001032,4,교통비,1,택시,N,1,,,2023-05-29 21:14,1,6600,택시비
e_e001032,4,교통비,2,택시,N,1,,,2023-05-28 18:14,1,2900,택시비
e_e001032,4,교통비,3,택시,N,1,,,2023-05-27 16:26,1,2400,택시비
e_e001032,5,교통비,0,지하철,N,1,,,,,6000,
e_e001032,7,교통비,3,KTX/SRT(고속열차),N,1,3148210024,한국철도공사,2023-05-29 00:00,1,15300,기차표
e_e001040,1,주유비,0,자가용(승용/승합/트럭 등등),N,2,,,,,20000,
e_e001041,1,주유비,0,자가용(승용/승합/트럭 등등),N,4,,,,,40000,
e_e001045,4,교통비,0,택시,N,1,,,,,22000,
e_e001045,50,교통비,0,버스 + 지하철,N,1,,,,,88200,
e_e001049,1,주유비,0,자가용(승용/승합/트럭 등등),N,2,,,,,60000,
e_e001049,1,통행료,0,자가용(승용/승합/트럭 등등),N,2,,,,,19800,
e_e001052,4,교통비,0,택시,N,1,,,,,16500,
e_e001052,5,교통비,0,지하철,N,1,,,,,2150,
e_e001057,13,교통비,0,시내/마을버스,N,4,,,,,12900,
e_e001059,5,교통비,0,지하철,N,2,,,,,1650,
e_e001060,1,주유비,0,자가용(승용/승합/트럭 등등),N,4,,,,,40000,
e_e001060,1,통행료,0,자가용(승용/승합/트럭 등등),N,4,,,,,30000,
e_e001061,4,교통비,0,택시,N,1,,,,,31000,
e_e001061,5,교통비,0,지하철,N,1,,,,,2600,
e_e001063,5,교통비,0,지하철,N,2,,,,,5000,
e_e001068,1,주유비,0,자가용(승용/승합/트럭 등등),N,5,,,,,40000,
e_e001068,1,통행료,0,자가용(승용/승합/트럭 등등),N,5,,,,,10000,
e_e001068,50,교통비,0,버스 + 지하철,N,5,,,,,18000,
e_e001069,1,주유비,0,자가용(승용/승합/트럭 등등),N,2,,,,,50000,
e_e001069,1,통행료,0,자가용(승용/승합/트럭 등등),N,2,,,,,4900,
e_e001069,13,교통비,0,시내/마을버스,N,2,,,,,2500,
e_e001070,2,렌탈비,1,렌터카(승용/승합/버스 등등),Y,2,6168190529,주식회사 쏘카,2023-06-01 20:59,1,45360,렌트비
e_e001070,2,주차비,0,렌터카(승용/승합/버스 등등),N,2,,,,,4000,
e_e001070,2,통행료,0,렌터카(승용/승합/버스 등등),N,2,,,,,800,
e_e001071,5,교통비,0,지하철,N,1,,,,,2500,
e_e001079,1,주차비,0,자가용(승용/승합/트럭 등등),N,2,,,,,1000,
e_e001079,1,통행료,0,자가용(승용/승합/트럭 등등),N,2,,,,,2400,
e_e001081,1,주유비,0,자가용(승용/승합/트럭 등등),N,2,,,,,6400,
e_e001081,1,주차비,0,자가용(승용/승합/트럭 등등),N,2,,,,,1800,
e_e001081,1,통행료,0,자가용(승용/승합/트럭 등등),N,2,,,,,5600,
e_e001084,1,주유비,0,자가용(승용/승합/트럭 등등),N,4,,,,,30000,
e_e001093,12,교통비,0,시외/고속버스,N,2,,,,,11700,
e_e001097,5,교통비,0,지하철,N,2,,,,,7500,
e_e001098,1,주유비,0,자가용(승용/승합/트럭 등등),N,2,,,,,50000,
e_e001103,4,교통비,0,택시,N,3,,,,,5800,
e_e001103,5,교통비,0,지하철,N,3,,,,,7350,
e_e001108,5,교통비,0,지하철,N,1,,,,,5500,
e_e001110,1,주유비,0,자가용(승용/승합/트럭 등등),N,4,,,,,50000,
e_e001110,1,통행료,0,자가용(승용/승합/트럭 등등),N,3,,,,,14200,
e_e001113,5,교통비,0,지하철,N,1,,,,,2900,
e_e001114,1,주차비,0,자가용(승용/승합/트럭 등등),N,2,,,,,9500,
e_e001117,1,통행료,0,자가용(승용/승합/트럭 등등),N,2,,,,,3300,
e_e001118,1,주유비,0,자가용(승용/승합/트럭 등등),N,3,,,,,40000,
e_e001124,50,교통비,0,버스 + 지하철,N,2,,,,,11300,
e_e001125,1,주유비,0,자가용(승용/승합/트럭 등등),N,2,,,,,50000,
e_e001125,1,주차비,0,자가용(승용/승합/트럭 등등),N,2,,,,,10000,
e_e001125,1,통행료,0,자가용(승용/승합/트럭 등등),N,2,,,,,6000,
e_e001126,1,통행료,0,자가용(승용/승합/트럭 등등),N,2,,,,,3150,
e_e001127,1,주차비,0,자가용(승용/승합/트럭 등등),N,3,,,,,4400,
e_e001127,1,통행료,0,자가용(승용/승합/트럭 등등),N,3,,,,,4000,
e_e001130,1,주차비,0,자가용(승용/승합/트럭 등등),N,4,,,,,2000,
e_e001130,1,통행료,0,자가용(승용/승합/트럭 등등),N,4,,,,,12800,
e_e001131,50,교통비,0,버스 + 지하철,N,2,,,,,16000,
e_e001131,8,교통비,1,새마을/무궁화열차,N,2,3148210024,한국철도공사,2023-05-27 11:17,1,4900,기차표
e_e001131,8,교통비,2,새마을/무궁화열차,N,2,3148210024,한국철도공사,2023-05-28 00:00,1,0,기차표
e_e001132,1,주유비,0,자가용(승용/승합/트럭 등등),N,2,,,,,20000,
e_e001132,1,통행료,0,자가용(승용/승합/트럭 등등),N,2,,,,,8000,
e_e001132,12,교통비,0,시외/고속버스,N,2,,,,,14509,
e_e001134,1,통행료,0,자가용(승용/승합/트럭 등등),N,3,,,,,4200,
e_e001137,12,교통비,0,시외/고속버스,N,2,,,,,42250,
e_e001140,1,주유비,0,자가용(승용/승합/트럭 등등),N,1,,,,,29000,
e_e001142,10,교통비,1,배/선박,N,2,,용주해운,2023-06-07 00:00,1,3500,승선권
e_e001142,10,교통비,2,배/선박,N,2,1378204361,세종해운 월미사업부,2023-06-07 11:07,1,7000,승선권
e_e001142,10,교통비,3,배/선박,N,2,,용주해운,2023-06-06 00:00,1,3500,승선권
e_e001142,10,교통비,4,배/선박,N,2,1378204361,세종해운(주)월미사업부,2023-06-06 15:37,1,7000,
e_e001142,50,교통비,0,버스 + 지하철,N,2,,,,,30000,
e_e001146,1,주차비,0,자가용(승용/승합/트럭 등등),N,1,,,,,5000,
e_e001147,50,교통비,0,버스 + 지하철,N,2,,,,,13600,
e_e001149,4,교통비,0,택시,N,4,,,,,23700,
e_e001149,50,교통비,0,버스 + 지하철,N,4,,,,,12600,
e_e001149,8,교통비,0,새마을/무궁화열차,N,4,,,,,20800,
e_e001150,1,주유비,0,자가용(승용/승합/트럭 등등),N,3,,,,,50000,
e_e001150,1,통행료,0,자가용(승용/승합/트럭 등등),N,3,,,,,1500,
e_e001159,1,주유비,0,자가용(승용/승합/트럭 등등),N,2,,,,,60000,
e_e001159,1,통행료,0,자가용(승용/승합/트럭 등등),N,2,,,,,30000,
e_e001164,4,교통비,1,택시,N,2,8010701696,개인택시,2023-05-26 14:26,1,16700,택시비
e_e001164,4,교통비,2,택시,N,2,,,2023-05-27 01:16,1,13600,택시비
e_e001164,4,교통비,3,택시,N,2,,,2023-05-27 19:24,1,6300,택시비
e_e001164,50,교통비,0,버스 + 지하철,N,2,,,,,23500,
e_e001164,7,교통비,1,KTX/SRT(고속열차),Y,2,3148210024,한국철도공사,2023-05-18 13:22,1,59400,기차표
e_e001164,7,교통비,2,KTX/SRT(고속열차),Y,2,3148210024,한국철도공사 ,2023-05-18 13:26,1,59800,기차표
e_e001166,50,교통비,0,버스 + 지하철,N,2,,,,,129200,
e_e001171,5,교통비,0,지하철,N,2,,,,,3850,
e_e001171,7,교통비,0,KTX/SRT(고속열차),N,2,,,,,94800,
e_e001173,1,주유비,0,자가용(승용/승합/트럭 등등),N,2,,,,,30000,
e_e001173,1,통행료,0,자가용(승용/승합/트럭 등등),N,2,,,,,10000,
e_e001174,4,교통비,1,택시,N,2,5208601583,주식회사 케이엠포,2023-05-27 20:39,3,12700,택시비
e_e001174,50,교통비,0,버스 + 지하철,N,2,,,,,53000,
e_e001178,4,교통비,1,택시,N,2,1430900203,개인택시,2023-05-27 23:32,1,7200,택시비
e_e001178,5,교통비,0,지하철,N,2,,,,,3300,
e_e001180,1,주유비,0,자가용(승용/승합/트럭 등등),N,2,,,,,41418,
e_e001180,1,주차비,0,자가용(승용/승합/트럭 등등),N,2,,,,,2000,
e_e001182,1,통행료,0,자가용(승용/승합/트럭 등등),N,4,,,,,6600,
e_e001183,1,주유비,0,자가용(승용/승합/트럭 등등),N,4,,,,,30600,
e_e001183,1,통행료,0,자가용(승용/승합/트럭 등등),N,4,,,,,16600,
e_e001188,1,주유비,0,자가용(승용/승합/트럭 등등),N,3,,,,,12000,
e_e001190,1,주유비,0,자가용(승용/승합/트럭 등등),N,2,,,,,30000,
e_e001194,1,주차비,0,자가용(승용/승합/트럭 등등),N,3,,,,,2400,
e_e001200,1,통행료,0,자가용(승용/승합/트럭 등등),N,2,,,,,16400,
e_e001201,1,주유비,0,자가용(승용/승합/트럭 등등),N,2,,,,,40000,
e_e001201,1,주차비,0,자가용(승용/승합/트럭 등등),N,2,,,,,60000,
e_e001201,1,통행료,0,자가용(승용/승합/트럭 등등),N,2,,,,,8000,
e_e001207,50,교통비,0,버스 + 지하철,N,1,,,,,50000,
e_e001207,7,교통비,1,KTX/SRT(고속열차),Y,1,3058631590,주식회사 에스알,2023-05-08 00:00,1,19800,기차표
e_e001207,7,교통비,2,KTX/SRT(고속열차),Y,1,3058631590,주식회사 에스알,2023-05-05 00:00,1,19900,기차표
e_e001211,1,주유비,0,자가용(승용/승합/트럭 등등),N,1,,,,,25000,
e_e001211,1,통행료,0,자가용(승용/승합/트럭 등등),N,1,,,,,2500,
e_e001212,12,교통비,0,시외/고속버스,N,4,,,,,4200,
e_e001212,50,교통비,0,버스 + 지하철,N,4,,,,,10000,
e_e001215,1,주유비,0,자가용(승용/승합/트럭 등등),N,3,,,,,50000,
e_e001215,1,통행료,0,자가용(승용/승합/트럭 등등),N,3,,,,,4500,
e_e001218,1,주유비,0,자가용(승용/승합/트럭 등등),N,4,,,,,12000,
e_e001218,1,통행료,0,자가용(승용/승합/트럭 등등),N,4,,,,,3200,
e_e001220,5,교통비,0,지하철,N,1,,,,,3200,
e_e001220,8,교통비,0,새마을/무궁화열차,N,1,,,,,2700,
e_e001230,1,주유비,0,자가용(승용/승합/트럭 등등),N,3,,,,,31000,
e_e001230,1,통행료,0,자가용(승용/승합/트럭 등등),N,3,,,,,20000,
e_e001233,1,주차비,0,자가용(승용/승합/트럭 등등),N,4,,,,,200,
e_e001233,1,통행료,0,자가용(승용/승합/트럭 등등),N,4,,,,,2500,
e_e001238,1,주차비,0,자가용(승용/승합/트럭 등등),N,3,,,,,5000,
e_e001239,13,교통비,0,시내/마을버스,N,1,,,,,2500,
e_e001239,4,교통비,0,택시,N,1,,,,,9700,
e_e001243,1,주유비,0,자가용(승용/승합/트럭 등등),N,4,,,,,33689,
e_e001243,1,통행료,0,자가용(승용/승합/트럭 등등),N,4,,,,,12600,
e_e001244,1,주유비,0,자가용(승용/승합/트럭 등등),N,2,,,,,20000,
e_e001246,1,주차비,0,자가용(승용/승합/트럭 등등),N,2,,,,,6000,
e_e001246,1,통행료,0,자가용(승용/승합/트럭 등등),N,2,,,,,3000,
e_e001247,50,교통비,0,버스 + 지하철,N,1,,,,,16000,
e_e001247,7,교통비,1,KTX/SRT(고속열차),Y,1,3148210024,한국철도공사,2023-05-25 01:08,1,0,기차표
e_e001247,7,교통비,2,KTX/SRT(고속열차),Y,1,3148210024,한국철도공사,2023-05-25 01:11,1,0,기차표 
e_e001247,7,교통비,3,KTX/SRT(고속열차),Y,1,3148210024,한국철도공사,2023-05-25 00:58,1,70000,기차표 
e_e001251,1,주유비,0,자가용(승용/승합/트럭 등등),N,4,,,,,30000,
e_e001252,1,주유비,0,자가용(승용/승합/트럭 등등),N,7,,,,,30000,
e_e001252,1,통행료,0,자가용(승용/승합/트럭 등등),N,7,,,,,12000,
e_e001254,1,주유비,0,자가용(승용/승합/트럭 등등),N,1,,,,,30000,
e_e001254,1,주차비,0,자가용(승용/승합/트럭 등등),N,1,,,,,5500,
e_e001261,1,주유비,0,자가용(승용/승합/트럭 등등),N,8,,,,,19200,
e_e001261,1,통행료,0,자가용(승용/승합/트럭 등등),N,8,,,,,5000,
e_e001262,2,렌탈비,0,렌터카(승용/승합/버스 등등),N,2,,,,,108410,
e_e001264,1,주유비,0,자가용(승용/승합/트럭 등등),N,2,,,,,10000,
e_e001265,1,주유비,0,자가용(승용/승합/트럭 등등),N,4,,,,,50000,
e_e001265,1,통행료,0,자가용(승용/승합/트럭 등등),N,4,,,,,4000,
e_e001267,1,주유비,0,자가용(승용/승합/트럭 등등),N,2,,,,,20000,
e_e001267,1,통행료,0,자가용(승용/승합/트럭 등등),N,2,,,,,5000,
e_e001271,1,주유비,0,자가용(승용/승합/트럭 등등),N,4,,,,,50000,
e_e001271,1,통행료,0,자가용(승용/승합/트럭 등등),N,4,,,,,5000,
e_e001276,4,교통비,1,택시,N,2,1313299924,개인택시,2023-05-28 12:08,1,11600,택시비
e_e001276,4,교통비,2,택시,N,2,1048183559,주식회사 티머니,2023-05-28 14:27,1,11400,택시비
e_e001276,5,교통비,0,지하철,N,2,,,,,5150,
e_e001279,7,교통비,0,KTX/SRT(고속열차),N,1,,,,,27100,
e_e001280,50,교통비,0,버스 + 지하철,N,2,,,,,15000,
e_e001280,7,교통비,0,KTX/SRT(고속열차),N,2,,,,,22600,
e_e001281,1,주차비,0,자가용(승용/승합/트럭 등등),N,2,,,,,1000,
e_e001281,1,통행료,0,자가용(승용/승합/트럭 등등),N,2,,,,,8000,
e_e001287,1,주유비,0,자가용(승용/승합/트럭 등등),N,4,,,,,7720,
e_e001287,1,통행료,0,자가용(승용/승합/트럭 등등),N,4,,,,,1800,
e_e001291,1,주유비,0,자가용(승용/승합/트럭 등등),N,3,,,,,10000,
e_e001291,1,통행료,0,자가용(승용/승합/트럭 등등),N,3,,,,,6600,
e_e001295,5,교통비,0,지하철,N,2,,,,,5000,
e_e001296,1,주유비,0,자가용(승용/승합/트럭 등등),N,4,,,,,32000,
e_e001296,1,통행료,0,자가용(승용/승합/트럭 등등),N,4,,,,,6800,
e_e001301,50,교통비,0,버스 + 지하철,N,2,,,,,7500,
e_e001308,1,통행료,0,자가용(승용/승합/트럭 등등),N,3,,,,,3400,
e_e001312,1,주유비,0,자가용(승용/승합/트럭 등등),N,5,,,,,90000,
e_e001314,1,주유비,0,자가용(승용/승합/트럭 등등),N,3,,,,,20000,
e_e001314,1,통행료,0,자가용(승용/승합/트럭 등등),N,3,,,,,1700,
e_e001316,1,주유비,0,자가용(승용/승합/트럭 등등),N,5,,,,,40000,
e_e001316,1,통행료,0,자가용(승용/승합/트럭 등등),N,4,,,,,4200,
e_e001321,5,교통비,0,지하철,N,1,,,,,4600,
e_e001325,50,교통비,0,버스 + 지하철,N,2,,,,,15000,
e_e001326,16,교통비,0,기타,N,2,,,,,35000,
e_e001326,50,교통비,0,버스 + 지하철,N,2,,,,,69900,
e_e001329,1,주유비,0,자가용(승용/승합/트럭 등등),N,2,,,,,28000,
e_e001329,1,통행료,0,자가용(승용/승합/트럭 등등),N,2,,,,,15800,
e_e001330,1,통행료,0,자가용(승용/승합/트럭 등등),N,4,,,,,7800,
e_e001331,1,통행료,0,자가용(승용/승합/트럭 등등),N,3,,,,,2200,
e_e001341,1,주유비,0,자가용(승용/승합/트럭 등등),N,2,,,,,50000,
e_e001341,50,교통비,0,버스 + 지하철,N,2,,,,,20000,
e_e001341,7,교통비,1,KTX/SRT(고속열차),N,2,3148210024,한국철도공사,2023-05-27 00:00,1,21200,기차표
e_e001344,1,주유비,0,자가용(승용/승합/트럭 등등),N,2,,,,,10000,
e_e001346,1,주차비,0,자가용(승용/승합/트럭 등등),N,2,,,,,7000,
e_e001346,1,통행료,0,자가용(승용/승합/트럭 등등),N,2,,,,,1600,
e_e001351,1,주유비,0,자가용(승용/승합/트럭 등등),N,2,,,,,20000,
e_e001351,1,통행료,0,자가용(승용/승합/트럭 등등),N,2,,,,,4200,
e_e001356,50,교통비,0,버스 + 지하철,N,2,,,,,15000,
e_e001356,7,교통비,0,KTX/SRT(고속열차),N,2,,,,,240000,
e_e001360,1,주유비,0,자가용(승용/승합/트럭 등등),N,4,,,,,10000,
e_e001360,1,주차비,0,자가용(승용/승합/트럭 등등),N,4,,,,,6300,
e_e001360,5,교통비,0,지하철,N,4,,,,,2500,
e_e001372,1,주차비,0,자가용(승용/승합/트럭 등등),N,2,,,,,25000,
e_e001377,5,교통비,0,지하철,N,1,,,,,3100,
e_e001380,1,주유비,0,자가용(승용/승합/트럭 등등),N,3,,,,,50000,
e_e001382,1,주유비,0,자가용(승용/승합/트럭 등등),N,2,,,,,18000,
e_e001382,1,통행료,0,자가용(승용/승합/트럭 등등),N,2,,,,,2500,
e_e001386,5,교통비,0,지하철,N,1,,,,,4000,
e_e001392,1,주유비,0,자가용(승용/승합/트럭 등등),N,3,,,,,4500,
e_e001396,1,주유비,0,자가용(승용/승합/트럭 등등),N,1,,,,,10000,
e_e001396,1,통행료,0,자가용(승용/승합/트럭 등등),N,1,,,,,1400,
e_e001400,1,통행료,0,자가용(승용/승합/트럭 등등),N,1,,,,,5100,
e_e001408,1,주유비,0,자가용(승용/승합/트럭 등등),N,2,,,,,60000,
e_e001408,1,주차비,0,자가용(승용/승합/트럭 등등),N,2,,,,,4000,
e_e001408,1,통행료,0,자가용(승용/승합/트럭 등등),N,2,,,,,1800,
e_e001409,13,교통비,0,시내/마을버스,N,5,,,,,1200,
e_e001409,2,렌탈비,0,렌터카(승용/승합/버스 등등),N,5,,,,,65440,
e_e001411,5,교통비,0,지하철,N,4,,,,,4350,
e_e001412,1,주유비,0,자가용(승용/승합/트럭 등등),N,2,,,,,15000,
e_e001412,1,주차비,0,자가용(승용/승합/트럭 등등),N,2,,,,,11000,
e_e001412,1,통행료,0,자가용(승용/승합/트럭 등등),N,2,,,,,4200,
e_e001413,50,교통비,0,버스 + 지하철,N,1,,,,,8400,
e_e001414,12,교통비,0,시외/고속버스,N,3,,,,,10400,
e_e001415,1,주유비,0,자가용(승용/승합/트럭 등등),N,4,,,,,30000,
e_e001415,1,주차비,0,자가용(승용/승합/트럭 등등),N,4,,,,,1000,
e_e001415,1,통행료,0,자가용(승용/승합/트럭 등등),N,4,,,,,7000,
e_e001416,1,주유비,0,자가용(승용/승합/트럭 등등),N,2,,,,,15000,
e_e001416,1,통행료,0,자가용(승용/승합/트럭 등등),N,2,,,,,1900,
e_e001421,5,교통비,0,지하철,N,1,,,,,4550,
e_e001422,1,주유비,0,자가용(승용/승합/트럭 등등),N,3,,,,,50000,
e_e001422,1,통행료,0,자가용(승용/승합/트럭 등등),N,3,,,,,7600,
e_e001424,1,주유비,0,자가용(승용/승합/트럭 등등),N,5,,,,,30000,
e_e001424,1,통행료,0,자가용(승용/승합/트럭 등등),N,5,,,,,7000,
e_e001426,1,주유비,0,자가용(승용/승합/트럭 등등),N,1,,,,,30000,
e_e001426,1,주차비,0,자가용(승용/승합/트럭 등등),N,1,,,,,2000,
e_e001427,1,주유비,0,자가용(승용/승합/트럭 등등),N,3,,,,,50000,
e_e001427,1,통행료,0,자가용(승용/승합/트럭 등등),N,3,,,,,6300,
e_e001428,1,주유비,0,자가용(승용/승합/트럭 등등),N,2,,,,,70000,
e_e001428,1,주차비,0,자가용(승용/승합/트럭 등등),N,2,,,,,22000,
e_e001428,1,통행료,0,자가용(승용/승합/트럭 등등),N,2,,,,,30000,
e_e001429,1,주유비,0,자가용(승용/승합/트럭 등등),N,4,,,,,3000,
e_e001429,1,주차비,0,자가용(승용/승합/트럭 등등),N,4,,,,,1800,
e_e001430,13,교통비,0,시내/마을버스,N,2,,,,,11200,
e_e001432,4,교통비,0,택시,N,2,,,,,30000,
e_e001432,5,교통비,0,지하철,N,2,,,,,2500,
e_e001436,1,주유비,0,자가용(승용/승합/트럭 등등),N,4,,,,,50000,
e_e001436,1,통행료,0,자가용(승용/승합/트럭 등등),N,4,,,,,12500,
e_e001440,4,교통비,1,택시,N,2,1274172874,개인택시,2023-06-03 10:43,1,11600,택시비
e_e001440,50,교통비,0,버스 + 지하철,N,2,,,,,16300,
e_e001448,1,통행료,0,자가용(승용/승합/트럭 등등),N,2,,,,,4100,
e_e001448,5,교통비,0,지하철,N,2,,,,,1450,
e_e001449,1,주유비,0,자가용(승용/승합/트럭 등등),N,3,,,,,15000,
e_e001449,1,주차비,0,자가용(승용/승합/트럭 등등),N,3,,,,,1800,
e_e001452,1,주유비,0,자가용(승용/승합/트럭 등등),N,2,,,,,34412,
e_e001458,5,교통비,0,지하철,N,2,,,,,4000,
e_e001459,50,교통비,0,버스 + 지하철,N,2,,,,,12600,
e_e001464,1,주유비,0,자가용(승용/승합/트럭 등등),N,1,,,,,22000,
e_e001464,1,주차비,0,자가용(승용/승합/트럭 등등),N,1,,,,,21450,
e_e001464,1,통행료,0,자가용(승용/승합/트럭 등등),N,1,,,,,7000,
e_e001467,12,교통비,0,시외/고속버스,N,1,,,,,12000,
e_e001468,1,주유비,0,자가용(승용/승합/트럭 등등),N,2,,,,,40000,
e_e001468,1,통행료,0,자가용(승용/승합/트럭 등등),N,2,,,,,22600,
e_e001470,4,교통비,1,택시,N,3,1191341872,개인택시,2023-06-03 21:06,1,8600,택시비
e_e001470,50,교통비,0,버스 + 지하철,N,3,,,,,37000,
e_e001480,1,통행료,0,자가용(승용/승합/트럭 등등),N,2,,,,,7400,
e_e001482,50,교통비,0,버스 + 지하철,N,2,,,,,19550,
e_e001482,7,교통비,1,KTX/SRT(고속열차),Y,2,3148210024,한국철도공사,2023-05-01 14:50,1,53500,기차표
e_e001482,7,교통비,2,KTX/SRT(고속열차),Y,2,3148210024,한국철도공사 ,2023-05-01 19:56,1,50800,기차표
e_e001482,7,교통비,3,KTX/SRT(고속열차),Y,2,3148210024,한국철도공사 ,2023-05-01 21:29,1,46800,기차표
e_e001482,7,교통비,4,KTX/SRT(고속열차),Y,2,3148210024,한국철도공사,2023-05-01 21:32,1,47100,기차표
e_e001485,1,주유비,0,자가용(승용/승합/트럭 등등),N,4,,,,,30000,
e_e001489,4,교통비,0,택시,N,2,,,,,16900,
e_e001489,5,교통비,0,지하철,N,2,,,,,7800,
e_e001499,5,교통비,0,지하철,N,2,,,,,5000,
e_e001499,7,교통비,1,KTX/SRT(고속열차),Y,2,3148210024,한국철도공사,2023-05-15 00:00,3,95100,기차표
e_e001503,1,주유비,0,자가용(승용/승합/트럭 등등),N,3,,,,,20000,
e_e001503,1,통행료,0,자가용(승용/승합/트럭 등등),N,3,,,,,5000,
e_e001510,12,교통비,0,시외/고속버스,N,2,,,,,9200,
e_e001519,1,주유비,0,자가용(승용/승합/트럭 등등),N,2,,,,,50000,
e_e001519,1,통행료,0,자가용(승용/승합/트럭 등등),N,2,,,,,7000,
e_e001521,1,주차비,0,자가용(승용/승합/트럭 등등),N,1,,,,,6000,
e_e001522,1,주유비,0,자가용(승용/승합/트럭 등등),N,1,,,,,30000,
e_e001522,1,주차비,0,자가용(승용/승합/트럭 등등),N,1,,,,,1000,
e_e001523,1,주유비,0,자가용(승용/승합/트럭 등등),N,2,,,,,25000,
e_e001523,1,통행료,0,자가용(승용/승합/트럭 등등),N,2,,,,,3000,
e_e001526,1,주유비,0,자가용(승용/승합/트럭 등등),N,4,,,,,130000,
e_e001526,1,주차비,0,자가용(승용/승합/트럭 등등),N,4,,,,,8820,
e_e001526,1,통행료,0,자가용(승용/승합/트럭 등등),N,4,,,,,44100,
e_e001529,50,교통비,0,버스 + 지하철,N,3,,,,,25000,
e_e001530,5,교통비,0,지하철,N,2,,,,,3000,
e_e001532,5,교통비,0,지하철,N,1,,,,,3000,
e_e001534,1,통행료,0,자가용(승용/승합/트럭 등등),N,2,,,,,900,
e_e001538,1,주차비,0,자가용(승용/승합/트럭 등등),N,4,,,,,6000,
e_e001542,1,통행료,0,자가용(승용/승합/트럭 등등),N,3,,,,,900,
e_e001544,4,교통비,1,택시,N,2,1248137893,대성운수(주),2023-06-04 17:45,1,5100,택시비
e_e001544,4,교통비,2,택시,N,2,,,2023-06-04 13:35,1,5300,택시비
e_e001544,8,교통비,1,새마을/무궁화열차,Y,2,3148210024,한국철도공사,2023-06-03 17:51,1,2600,기차표
e_e001544,8,교통비,3,새마을/무궁화열차,N,2,3148210024,한국철도공사,2023-06-04 17:39,1,2600,기차표
e_e001548,50,교통비,0,버스 + 지하철,N,1,,,,,29100,
e_e001554,1,통행료,0,자가용(승용/승합/트럭 등등),N,2,,,,,3200,
e_e001554,10,교통비,0,배/선박,N,2,,,,,22600,
e_e001554,50,교통비,0,버스 + 지하철,N,2,,,,,38700,
e_e001557,5,교통비,0,지하철,N,1,,,,,4100,
e_e001559,1,주유비,0,자가용(승용/승합/트럭 등등),N,2,,,,,30000,
e_e001563,1,주유비,0,자가용(승용/승합/트럭 등등),N,4,,,,,79654,
e_e001563,1,통행료,0,자가용(승용/승합/트럭 등등),N,4,,,,,13400,
e_e001564,12,교통비,0,시외/고속버스,N,2,,,,,11200,
e_e001564,2,렌탈비,0,렌터카(승용/승합/버스 등등),N,2,,,,,13300,
e_e001565,50,교통비,0,버스 + 지하철,N,2,,,,,12000,
e_e001568,13,교통비,0,시내/마을버스,N,1,,,,,3500,
e_e001569,5,교통비,0,지하철,N,1,,,,,3300,
e_e001571,1,주유비,0,자가용(승용/승합/트럭 등등),N,2,,,,,60000,
e_e001571,1,통행료,0,자가용(승용/승합/트럭 등등),N,2,,,,,4700,
e_e001571,4,교통비,0,택시,N,2,,,,,11200,
e_e001571,5,교통비,0,지하철,N,2,,,,,1450,
e_e001576,1,주유비,0,자가용(승용/승합/트럭 등등),N,3,,,,,24673,
e_e001576,1,통행료,0,자가용(승용/승합/트럭 등등),N,3,,,,,15210,
e_e001576,5,교통비,0,지하철,N,3,,,,,2500,
e_e001577,5,교통비,0,지하철,N,1,,,,,3400,
e_e001890,4,교통비,0,택시,N,2,,,,,8000,
e_e001890,50,교통비,0,버스 + 지하철,N,2,,,,,13000,
e_e001891,1,주유비,0,자가용(승용/승합/트럭 등등),N,3,,,,,10000,
e_e001891,1,주차비,0,자가용(승용/승합/트럭 등등),N,3,,,,,1000,
e_e001892,1,주유비,0,자가용(승용/승합/트럭 등등),N,3,,,,,30000,
e_e001899,5,교통비,0,지하철,N,2,,,,,5700,
e_e001900,1,주유비,0,자가용(승용/승합/트럭 등등),N,3,,,,,30000,
e_e001900,1,통행료,0,자가용(승용/승합/트럭 등등),N,3,,,,,4200,
e_e001909,1,주유비,0,자가용(승용/승합/트럭 등등),N,1,,,,,30000,
e_e001909,1,주차비,0,자가용(승용/승합/트럭 등등),N,1,,,,,11000,
e_e001911,1,주유비,0,자가용(승용/승합/트럭 등등),N,4,,,,,108240,
e_e001913,1,주유비,0,자가용(승용/승합/트럭 등등),N,2,,,,,30000,
e_e001914,5,교통비,0,지하철,N,2,,,,,7500,
e_e001916,1,주유비,0,자가용(승용/승합/트럭 등등),N,3,,,,,710000,
e_e001916,1,통행료,0,자가용(승용/승합/트럭 등등),N,3,,,,,26800,
e_e001923,50,교통비,0,버스 + 지하철,N,1,,,,,9700,
e_e001924,5,교통비,0,지하철,N,1,,,,,5150,
e_e001926,2,주차비,0,렌터카(승용/승합/버스 등등),N,2,,,,,14000,
e_e001926,7,교통비,1,KTX/SRT(고속열차),N,2,3148210024,한국철도공사,2023-06-08 00:00,1,0,기차표
e_e001926,7,교통비,2,KTX/SRT(고속열차),N,2,3148210024,한국철도공사,2023-06-09 00:00,1,0,기차표
e_e001935,1,주유비,0,자가용(승용/승합/트럭 등등),N,2,,,,,20000,
e_e001935,1,통행료,0,자가용(승용/승합/트럭 등등),N,2,,,,,3600,
e_e001936,1,주유비,0,자가용(승용/승합/트럭 등등),N,2,,,,,100000,
e_e001937,1,주차비,0,자가용(승용/승합/트럭 등등),N,3,,,,,15000,
e_e001937,1,통행료,0,자가용(승용/승합/트럭 등등),N,3,,,,,13000,
e_e001940,1,주유비,0,자가용(승용/승합/트럭 등등),N,2,,,,,50000,
e_e001940,1,통행료,0,자가용(승용/승합/트럭 등등),N,2,,,,,10000,
e_e001940,5,교통비,0,지하철,N,2,,,,,1250,
e_e001944,5,교통비,0,지하철,N,2,,,,,9300,
e_e001949,50,교통비,0,버스 + 지하철,N,2,,,,,10000,
e_e001950,1,주유비,0,자가용(승용/승합/트럭 등등),N,3,,,,,80000,
e_e001950,1,주차비,0,자가용(승용/승합/트럭 등등),N,3,,,,,9200,
e_e001950,1,통행료,0,자가용(승용/승합/트럭 등등),N,3,,,,,30000,
e_e001950,5,교통비,0,지하철,N,3,,,,,3600,
e_e001950,7,교통비,0,KTX/SRT(고속열차),N,3,,,,,136000,
e_e001955,1,주유비,0,자가용(승용/승합/트럭 등등),N,4,,,,,8000,
e_e001968,1,주유비,0,자가용(승용/승합/트럭 등등),N,1,,,,,30000,
e_e001972,5,교통비,0,지하철,N,2,,,,,5900,
e_e001976,1,주유비,0,자가용(승용/승합/트럭 등등),N,2,,,,,60000,
e_e001976,1,주차비,0,자가용(승용/승합/트럭 등등),N,2,,,,,7300,
e_e001976,1,통행료,0,자가용(승용/승합/트럭 등등),N,2,,,,,20500,
e_e001982,2,렌탈비,0,렌터카(승용/승합/버스 등등),N,3,,,,,18240,
e_e001982,2,주차비,0,렌터카(승용/승합/버스 등등),N,3,,,,,1900,
e_e001987,1,주유비,0,자가용(승용/승합/트럭 등등),N,5,,,,,30000,
e_e001987,1,통행료,0,자가용(승용/승합/트럭 등등),N,5,,,,,3800,
e_e001989,4,교통비,0,택시,N,2,,,,,5000,
e_e001989,50,교통비,0,버스 + 지하철,N,2,,,,,7000,
e_e001990,13,교통비,0,시내/마을버스,N,1,,,,,2500,
e_e001993,5,교통비,0,지하철,N,1,,,,,2900,
e_e001996,1,주유비,0,자가용(승용/승합/트럭 등등),N,5,,,,,30000,
e_e001997,4,교통비,0,택시,N,4,,,,,6700,
e_e001997,5,교통비,0,지하철,N,2,,,,,6450,
e_e002011,1,주차비,0,자가용(승용/승합/트럭 등등),N,1,,,,,10000,
e_e002011,8,교통비,1,새마을/무궁화열차,Y,1,3148210024,한국철도공사,2023-05-24 00:00,1,13000,기차표
e_e002013,13,교통비,0,시내/마을버스,N,1,,,,,2500,
e_e002013,4,교통비,1,택시,N,1,1371109288,개인택시,2023-06-04 09:57,1,7100,택시비
e_e002013,7,교통비,1,KTX/SRT(고속열차),Y,1,3058631590,주식회사 에스알,2023-05-29 00:00,1,37300,기차표
e_e002013,7,교통비,2,KTX/SRT(고속열차),N,1,3058631590,주식회사 에스알,2023-06-04 00:00,1,34400,기차표
e_e002014,5,교통비,0,지하철,N,2,,,,,4800,
e_e002018,5,교통비,0,지하철,N,2,,,,,2700,
e_e002024,1,주유비,0,자가용(승용/승합/트럭 등등),N,1,,,,,12000,
e_e002034,50,교통비,0,버스 + 지하철,N,1,,,,,17100,
e_e002034,7,교통비,1,KTX/SRT(고속열차),Y,1,3148210024,한국철도공사,2023-06-01 11:05,1,43100,기차표
e_e002034,7,교통비,2,KTX/SRT(고속열차),Y,1,3058631590,주식회사 에스알,2023-05-27 00:00,1,37300,기차표
e_e002035,1,주유비,0,자가용(승용/승합/트럭 등등),N,3,,,,,25000,
e_e002035,1,통행료,0,자가용(승용/승합/트럭 등등),N,3,,,,,5400,
e_e002036,1,주유비,0,자가용(승용/승합/트럭 등등),N,3,,,,,30000,
e_e002036,1,주차비,0,자가용(승용/승합/트럭 등등),N,3,,,,,2200,
e_e002038,1,주유비,0,자가용(승용/승합/트럭 등등),N,1,,,,,50000,
e_e002038,1,주차비,0,자가용(승용/승합/트럭 등등),N,1,,,,,1000,
e_e002038,1,통행료,0,자가용(승용/승합/트럭 등등),N,1,,,,,2200,
e_e002045,1,주유비,0,자가용(승용/승합/트럭 등등),N,2,,,,,50000,
e_e002049,1,주차비,0,자가용(승용/승합/트럭 등등),N,2,,,,,8000,
e_e002049,50,교통비,0,버스 + 지하철,N,2,,,,,50000,
e_e002051,5,교통비,0,지하철,N,1,,,,,2700,
e_e002053,12,교통비,0,시외/고속버스,N,1,,,,,5000,
e_e002056,5,교통비,0,지하철,N,1,,,,,1750,
e_e002058,4,교통비,0,택시,N,6,,,,,39700,
e_e002058,50,교통비,0,버스 + 지하철,N,6,,,,,76200,
e_e002064,5,교통비,0,지하철,N,2,,,,,3300,
e_e002066,5,교통비,0,지하철,N,2,,,,,9300,
e_e002069,50,교통비,0,버스 + 지하철,N,2,,,,,12600,
e_e002070,50,교통비,0,버스 + 지하철,N,1,,,,,9050,
e_e002071,2,렌탈비,0,렌터카(승용/승합/버스 등등),N,1,,,,,82740,
e_e002074,1,주유비,0,자가용(승용/승합/트럭 등등),N,1,,,,,10000,
e_e002076,5,교통비,0,지하철,N,1,,,,,3500,
e_e002077,4,교통비,0,택시,N,4,,,,,8100,
e_e002077,50,교통비,0,버스 + 지하철,N,4,,,,,10000,
e_e002079,1,주유비,0,자가용(승용/승합/트럭 등등),N,2,,,,,30000,
e_e002079,1,통행료,0,자가용(승용/승합/트럭 등등),N,2,,,,,9000,
e_e002081,1,통행료,0,자가용(승용/승합/트럭 등등),N,2,,,,,21600,
e_e002082,50,교통비,0,버스 + 지하철,N,2,,,,,12000,
e_e002082,8,교통비,0,새마을/무궁화열차,N,2,,,,,5200,
e_e002082,8,교통비,1,새마을/무궁화열차,Y,2,3148210024,한국철도공사,2023-06-01 20:26,3,2600,기차표
e_e002089,5,교통비,0,지하철,N,3,,,,,5400,
e_e002089,8,교통비,0,새마을/무궁화열차,N,3,,,,,5200,
e_e002092,4,교통비,0,택시,N,2,,,,,8400,
e_e002092,5,교통비,0,지하철,N,2,,,,,6400,
e_e002093,4,교통비,1,택시,N,1,2211348315,개인택시,2023-06-07 16:33,1,6200,택시비
e_e002093,5,교통비,0,지하철,N,1,,,,,3100,
e_e002097,4,교통비,1,택시,N,2,1388104862,공정기업(주),2023-06-03 12:23,3,7200,택시비
e_e002097,4,교통비,2,택시,N,2,1245287239,개인택시,2023-06-04 11:25,1,6900,택시비
e_e002097,5,교통비,0,지하철,N,2,,,,,6600,
e_e002099,12,교통비,0,시외/고속버스,N,2,,,,,16350,
e_e002106,12,교통비,0,시외/고속버스,N,2,,,,,10000,
e_e002108,1,통행료,0,자가용(승용/승합/트럭 등등),N,2,,,,,4400,
e_e002110,1,주유비,0,자가용(승용/승합/트럭 등등),N,2,,,,,30000,
e_e002121,5,교통비,0,지하철,N,1,,,,,3200,
e_e002126,14,렌탈비,0,자전거,N,3,,,,,1000,
e_e002126,4,교통비,0,택시,N,3,,,,,8400,
e_e002126,50,교통비,0,버스 + 지하철,N,3,,,,,10000,
e_e002126,7,교통비,0,KTX/SRT(고속열차),N,3,,,,,18700,
e_e002126,8,교통비,0,새마을/무궁화열차,N,3,,,,,5200,
e_e002130,5,교통비,0,지하철,N,2,,,,,8000,
e_e002131,1,주유비,0,자가용(승용/승합/트럭 등등),N,8,,,,,20000,
e_e002131,1,통행료,0,자가용(승용/승합/트럭 등등),N,4,,,,,4000,
e_e002132,1,주유비,0,자가용(승용/승합/트럭 등등),N,2,,,,,10000,
e_e002132,1,주차비,0,자가용(승용/승합/트럭 등등),N,2,,,,,3000,
e_e002135,1,주유비,0,자가용(승용/승합/트럭 등등),N,4,,,,,30000,
e_e002135,1,통행료,0,자가용(승용/승합/트럭 등등),N,4,,,,,2400,
e_e002136,4,교통비,0,택시,N,2,,,,,4500,
e_e002136,50,교통비,0,버스 + 지하철,N,2,,,,,12500,
e_e002136,7,교통비,1,KTX/SRT(고속열차),Y,2,,한국철도공사,2023-05-30 00:16,1,140960,기차여행 만들기 예약(기차 입장권)
e_e002141,1,주유비,0,자가용(승용/승합/트럭 등등),N,3,,,,,45000,
e_e002141,1,주차비,0,자가용(승용/승합/트럭 등등),N,3,,,,,2400,
e_e002143,1,주유비,0,자가용(승용/승합/트럭 등등),N,1,,,,,7500,
e_e002143,13,교통비,0,시내/마을버스,N,1,,,,,1350,
e_e002145,50,교통비,0,버스 + 지하철,N,3,,,,,10800,
e_e002145,8,교통비,1,새마을/무궁화열차,N,3,1078657147,코레일유통,2023-07-03 11:44,1,5300,기차표
e_e002148,1,주유비,0,자가용(승용/승합/트럭 등등),N,4,,,,,50000,
e_e002148,1,주차비,0,자가용(승용/승합/트럭 등등),N,4,,,,,1000,
e_e002148,1,통행료,0,자가용(승용/승합/트럭 등등),N,4,,,,,5400,
e_e002152,1,주유비,0,자가용(승용/승합/트럭 등등),N,2,,,,,10000,
e_e002152,1,통행료,0,자가용(승용/승합/트럭 등등),N,2,,,,,4600,
e_e002157,1,주유비,0,자가용(승용/승합/트럭 등등),N,2,,,,,50000,
e_e002159,1,주유비,0,자가용(승용/승합/트럭 등등),N,1,,,,,50000,
e_e002160,50,교통비,0,버스 + 지하철,N,2,,,,,12700,
e_e002161,1,주유비,0,자가용(승용/승합/트럭 등등),N,1,,,,,30000,
e_e002163,1,주유비,0,자가용(승용/승합/트럭 등등),N,4,,,,,50000,
e_e002169,5,교통비,0,지하철,N,2,,,,,5700,
e_e002171,1,주유비,0,자가용(승용/승합/트럭 등등),N,2,,,,,35000,
e_e002171,1,주차비,0,자가용(승용/승합/트럭 등등),N,2,,,,,2000,
e_e002171,1,통행료,0,자가용(승용/승합/트럭 등등),N,2,,,,,15000,
e_e002176,1,주유비,0,자가용(승용/승합/트럭 등등),N,1,,,,,30000,
e_e002176,1,통행료,0,자가용(승용/승합/트럭 등등),N,1,,,,,6000,
e_e002182,1,주유비,0,자가용(승용/승합/트럭 등등),N,4,,,,,33550,
e_e002182,1,통행료,0,자가용(승용/승합/트럭 등등),N,4,,,,,21200,
e_e002183,5,교통비,0,지하철,N,2,,,,,8750,
e_e002184,1,주유비,0,자가용(승용/승합/트럭 등등),N,2,,,,,50000,
e_e002184,1,통행료,0,자가용(승용/승합/트럭 등등),N,2,,,,,17500,
e_e002186,1,주유비,0,자가용(승용/승합/트럭 등등),N,2,,,,,25000,
e_e002186,1,통행료,0,자가용(승용/승합/트럭 등등),N,2,,,,,3400,
e_e002187,50,교통비,0,버스 + 지하철,N,1,,,,,25500,
e_e002189,50,교통비,0,버스 + 지하철,N,2,,,,,30000,
e_e002197,5,교통비,0,지하철,N,2,,,,,3900,
e_e002198,1,주유비,0,자가용(승용/승합/트럭 등등),N,2,,,,,30000,
e_e002198,4,교통비,1,택시,N,2,1258104094,(자)평마택시,2023-06-03 15:34,3,8300,택시비
e_e002198,50,교통비,0,버스 + 지하철,N,2,,,,,10100,
e_e002202,5,교통비,0,지하철,N,2,,,,,8000,
e_e002204,1,주유비,0,자가용(승용/승합/트럭 등등),N,4,,,,,40000,
e_e002204,1,통행료,0,자가용(승용/승합/트럭 등등),N,4,,,,,10000,
e_e002204,5,교통비,0,지하철,N,4,,,,,1650,
e_e002206,5,교통비,0,지하철,N,1,,,,,4550,
e_e002209,50,교통비,0,버스 + 지하철,N,2,,,,,28900,
e_e002212,4,교통비,1,택시,N,1,1328101173,양평운수(주),2023-06-09 03:55,1,19300,택시비
e_e002212,50,교통비,0,버스 + 지하철,N,1,,,,,10000,
e_e002212,7,교통비,0,KTX/SRT(고속열차),N,1,,,,,94600,
e_e002213,5,교통비,0,지하철,N,1,,,,,2500,
e_e002214,4,교통비,0,택시,N,2,,,,,5700,
e_e002214,5,교통비,0,지하철,N,2,,,,,7200,
e_e002215,1,주유비,0,자가용(승용/승합/트럭 등등),N,3,,,,,50000,
e_e002215,1,통행료,0,자가용(승용/승합/트럭 등등),N,3,,,,,23000,
e_e002220,1,주유비,0,자가용(승용/승합/트럭 등등),N,3,,,,,30000,
e_e002220,4,교통비,0,택시,N,3,,,,,18000,
e_e002220,7,교통비,1,KTX/SRT(고속열차),N,3,3148210024,한국철도공사,2023-06-04 00:31,3,9100,기차표
e_e002220,7,교통비,2,KTX/SRT(고속열차),N,3,3148210024,한국철도공사,2023-06-04 00:31,1,18200,기차표
e_e002220,7,교통비,4,KTX/SRT(고속열차),N,3,3148210024,한국철도공사,2023-06-03 13:00,3,18200,기차표
e_e002222,1,주차비,0,자가용(승용/승합/트럭 등등),N,4,,,,,2000,
e_e002222,1,통행료,0,자가용(승용/승합/트럭 등등),N,4,,,,,30000,
e_e002231,5,교통비,0,지하철,N,1,,,,,2400,
e_e002233,1,주유비,0,자가용(승용/승합/트럭 등등),N,2,,,,,40000,
e_e002233,1,통행료,0,자가용(승용/승합/트럭 등등),N,2,,,,,8000,
e_e002234,1,주유비,0,자가용(승용/승합/트럭 등등),N,3,,,,,75000,
e_e002235,1,주유비,0,자가용(승용/승합/트럭 등등),N,2,,,,,62000,
e_e002235,50,교통비,0,버스 + 지하철,N,2,,,,,80200,
e_e002236,50,교통비,0,버스 + 지하철,N,2,,,,,14600,
e_e002236,7,교통비,0,KTX/SRT(고속열차),N,2,,,,,74000,
e_e002243,1,주유비,0,자가용(승용/승합/트럭 등등),N,1,,,,,10000,
e_e002243,1,주차비,0,자가용(승용/승합/트럭 등등),N,1,,,,,5000,
e_e002246,1,주유비,0,자가용(승용/승합/트럭 등등),N,4,,,,,30000,
e_e002248,4,교통비,1,택시,N,1,7546400074,개인택시,2023-06-04 11:19,1,10800,택시비
e_e002248,4,교통비,2,택시,N,1,,개인택시,2023-06-03 15:43,3,22400,택시비
e_e002248,5,교통비,0,지하철,N,1,,,,,2500,
e_e002248,7,교통비,0,KTX/SRT(고속열차),N,1,,,,,154200,
e_e002251,1,통행료,0,자가용(승용/승합/트럭 등등),N,2,,,,,3000,
e_e002253,1,주유비,0,자가용(승용/승합/트럭 등등),N,4,,,,,25000,
e_e002253,1,통행료,0,자가용(승용/승합/트럭 등등),N,4,,,,,4000,
e_e002254,12,교통비,0,시외/고속버스,N,2,,,,,6800,
e_e002255,1,주유비,0,자가용(승용/승합/트럭 등등),N,3,,,,,30000,
e_e002259,12,교통비,0,시외/고속버스,N,2,,,,,5000,
e_e002260,50,교통비,0,버스 + 지하철,N,1,,,,,7100,
e_e002263,5,교통비,0,지하철,N,2,,,,,8900,
e_e002264,1,통행료,0,자가용(승용/승합/트럭 등등),N,3,,,,,11000,
e_e002266,1,통행료,0,자가용(승용/승합/트럭 등등),N,2,,,,,12200,
e_e002266,10,교통비,1,배/선박,N,2,2218500337,남이섬,2023-06-07 10:52,1,28999,(SUMMER) 남이섬 입장권
e_e002272,1,통행료,0,자가용(승용/승합/트럭 등등),N,4,,,,,5600,
e_e002279,1,통행료,0,자가용(승용/승합/트럭 등등),N,2,,,,,4000,
e_e002283,1,주유비,0,자가용(승용/승합/트럭 등등),N,1,,,,,60000,
e_e002283,1,주차비,0,자가용(승용/승합/트럭 등등),N,1,,,,,40000,
e_e002283,1,통행료,0,자가용(승용/승합/트럭 등등),N,1,,,,,20000,
e_e002284,1,통행료,0,자가용(승용/승합/트럭 등등),N,2,,,,,4800,
e_e002288,12,교통비,0,시외/고속버스,N,2,,,,,8000,
e_e002289,1,주유비,0,자가용(승용/승합/트럭 등등),N,2,,,,,10000,
e_e002291,5,교통비,0,지하철,N,2,,,,,5400,
e_e002291,7,교통비,1,KTX/SRT(고속열차),Y,2,3058631590,주식회사 에스알,2023-05-28 00:00,1,7700,기차표
e_e002291,7,교통비,2,KTX/SRT(고속열차),N,2,3058631590,주식회사 에스알,2023-06-06 00:00,1,7700,기차표
e_e002304,3,주유비,0,캠핑카(자차 및 렌탈),N,6,,,,,50000,
e_e002304,3,주유비,1,캠핑카(자차 및 렌탈),N,6,2838802197,주식회사 창원 CW,2023-06-19 12:31,1,50000,주유비
e_e002306,1,주유비,0,자가용(승용/승합/트럭 등등),N,3,,,,,50000,
e_e002306,1,통행료,0,자가용(승용/승합/트럭 등등),N,3,,,,,10000,
e_e002306,5,교통비,0,지하철,N,3,,,,,3000,
e_e002308,1,주유비,0,자가용(승용/승합/트럭 등등),N,2,,,,,20000,
e_e002308,1,주차비,0,자가용(승용/승합/트럭 등등),N,2,,,,,4000,
e_e002308,1,통행료,0,자가용(승용/승합/트럭 등등),N,2,,,,,10000,
e_e002308,5,교통비,0,지하철,N,2,,,,,1500,
e_e002310,1,주유비,0,자가용(승용/승합/트럭 등등),N,4,,,,,50000,
e_e002313,1,주유비,0,자가용(승용/승합/트럭 등등),N,1,,,,,30000,
e_e002314,1,주유비,0,자가용(승용/승합/트럭 등등),N,2,,,,,20000,
e_e002316,1,주유비,0,자가용(승용/승합/트럭 등등),N,2,,,,,30000,
e_e002316,1,통행료,0,자가용(승용/승합/트럭 등등),N,2,,,,,3800,
e_e002318,1,주차비,0,자가용(승용/승합/트럭 등등),N,2,,,,,6800,
e_e002318,1,통행료,0,자가용(승용/승합/트럭 등등),N,2,,,,,5400,
e_e002323,12,교통비,0,시외/고속버스,N,2,,,,,8000,
e_e002330,1,주유비,0,자가용(승용/승합/트럭 등등),N,4,,,,,40000,
e_e002330,1,통행료,0,자가용(승용/승합/트럭 등등),N,4,,,,,2000,
e_e002332,1,통행료,0,자가용(승용/승합/트럭 등등),N,3,,,,,1300,
e_e002336,1,통행료,0,자가용(승용/승합/트럭 등등),N,1,,,,,3600,
e_e002340,5,교통비,0,지하철,N,2,,,,,8000,
e_e002342,1,주유비,0,자가용(승용/승합/트럭 등등),N,3,,,,,40000,
e_e002351,1,주유비,0,자가용(승용/승합/트럭 등등),N,2,,,,,50000,
e_e002351,1,통행료,0,자가용(승용/승합/트럭 등등),N,2,,,,,6000,
e_e002351,4,교통비,0,택시,N,2,,,,,5000,
e_e002351,5,교통비,0,지하철,N,2,,,,,3000,
e_e002364,50,교통비,0,버스 + 지하철,N,2,,,,,10600,
e_e002364,8,교통비,1,새마을/무궁화열차,N,2,3148210024,한국철도공사	,2023-06-06 00:00,1,4800,기차표
e_e002364,8,교통비,2,새마을/무궁화열차,N,2,3148210024,한국철도공사,2023-06-06 00:00,1,4800,기차표
e_e002364,8,교통비,3,새마을/무궁화열차,N,2,3148210024,한국철도공사,2023-06-05 00:00,1,2700,기차표
e_e002375,50,교통비,0,버스 + 지하철,N,2,,,,,12800,
e_e002376,14,렌탈비,0,자전거,N,1,,,,,1000,
e_e002376,14,렌탈비,1,자전거,N,1,2068204293,서울시설공단,2023-06-19 15:30,1,1000,대여비
e_e002376,50,교통비,0,버스 + 지하철,N,1,,,,,10000,
e_e002376,7,교통비,1,KTX/SRT(고속열차),N,1,3148210024,한국철도공사,2023-06-20 16:02,3,34500,기차표
e_e002376,7,교통비,2,KTX/SRT(고속열차),Y,1,3148210024,한국철도공사,2023-06-18 15:09,1,19000,기차표 
e_e002389,1,주유비,0,자가용(승용/승합/트럭 등등),N,2,,,,,15000,
e_e002391,1,통행료,0,자가용(승용/승합/트럭 등등),N,1,,,,,4400,
e_e002392,5,교통비,0,지하철,N,1,,,,,5700,
e_e002396,1,주유비,0,자가용(승용/승합/트럭 등등),N,4,,,,,20000,
e_e002396,1,통행료,0,자가용(승용/승합/트럭 등등),N,4,,,,,1400,
e_e002399,1,주유비,0,자가용(승용/승합/트럭 등등),N,4,,,,,50000,
e_e002399,1,통행료,0,자가용(승용/승합/트럭 등등),N,4,,,,,9500,
e_e002401,5,교통비,0,지하철,N,2,,,,,5000,
e_e002402,5,교통비,0,지하철,N,2,,,,,4600,
e_e002405,1,주유비,0,자가용(승용/승합/트럭 등등),N,4,,,,,30000,
e_e002405,1,주차비,0,자가용(승용/승합/트럭 등등),N,4,,,,,5000,
e_e002409,11,교통비,0,관광버스,N,4,,,,,41400,
e_e002409,13,교통비,0,시내/마을버스,N,4,,,,,2400,
e_e002410,1,주유비,0,자가용(승용/승합/트럭 등등),N,4,,,,,25000,
e_e002410,1,통행료,0,자가용(승용/승합/트럭 등등),N,4,,,,,5000,
e_e002411,1,주유비,0,자가용(승용/승합/트럭 등등),N,2,,,,,10000,
e_e002412,5,교통비,0,지하철,N,1,,,,,5150,
e_e002414,4,교통비,0,택시,N,1,,,,,40000,
e_e002414,50,교통비,0,버스 + 지하철,N,1,,,,,30400,
e_e002415,2,주유비,0,렌터카(승용/승합/버스 등등),N,2,,,,,17600,
e_e002415,2,통행료,0,렌터카(승용/승합/버스 등등),N,2,,,,,2950,
e_e002421,1,주유비,0,자가용(승용/승합/트럭 등등),N,1,,,,,30000,
e_e002421,1,통행료,0,자가용(승용/승합/트럭 등등),N,1,,,,,8800,
e_e002422,50,교통비,0,버스 + 지하철,N,1,,,,,31100,
e_e002422,7,교통비,0,KTX/SRT(고속열차),N,1,,,,,51200,
e_e002423,1,주유비,0,자가용(승용/승합/트럭 등등),N,2,,,,,75000,
e_e002425,1,주유비,0,자가용(승용/승합/트럭 등등),N,2,,,,,20000,
e_e002425,1,통행료,0,자가용(승용/승합/트럭 등등),N,2,,,,,6800,
e_e002433,1,주유비,0,자가용(승용/승합/트럭 등등),N,2,,,,,50000,
e_e002433,1,주차비,0,자가용(승용/승합/트럭 등등),N,2,,,,,7500,
e_e002433,5,교통비,0,지하철,N,2,,,,,1400,
e_e002451,5,교통비,0,지하철,N,1,,,,,3100,
e_e002456,1,주유비,0,자가용(승용/승합/트럭 등등),N,1,,,,,15000,
e_e002462,1,주차비,0,자가용(승용/승합/트럭 등등),N,3,,,,,10000,
e_e002462,1,통행료,0,자가용(승용/승합/트럭 등등),N,3,,,,,19800,
e_e002465,1,주유비,0,자가용(승용/승합/트럭 등등),N,1,,,,,50000,
e_e002467,1,주유비,0,자가용(승용/승합/트럭 등등),N,2,,,,,20000,
e_e002467,1,통행료,0,자가용(승용/승합/트럭 등등),N,2,,,,,4300,
e_e002470,5,교통비,0,지하철,N,2,,,,,5800,
e_e002471,1,통행료,0,자가용(승용/승합/트럭 등등),N,3,,,,,3000,
e_e002476,1,주차비,0,자가용(승용/승합/트럭 등등),N,2,,,,,3000,
e_e002477,1,주차비,0,자가용(승용/승합/트럭 등등),N,2,,,,,3000,
e_e002477,1,통행료,0,자가용(승용/승합/트럭 등등),N,2,,,,,5000,
e_e002479,50,교통비,0,버스 + 지하철,N,4,,,,,12400,
e_e002481,4,교통비,0,택시,N,2,,,,,10000,
e_e002483,50,교통비,0,버스 + 지하철,N,2,,,,,15000,
e_e002483,8,교통비,1,새마을/무궁화열차,Y,2,3148210024,한국철도공사,2023-06-14 00:00,1,2600,기차표
e_e002483,8,교통비,2,새마을/무궁화열차,N,2,3148210024,한국철도공사,2023-06-15 12:06,1,2600,기차표
e_e002483,8,교통비,3,새마을/무궁화열차,N,2,3148210024,한국철도공사,2023-06-16 00:00,1,4800,기차표
e_e002491,1,주유비,0,자가용(승용/승합/트럭 등등),N,2,,,,,60000,
e_e002491,1,통행료,0,자가용(승용/승합/트럭 등등),N,2,,,,,10000,
e_e002495,1,주유비,0,자가용(승용/승합/트럭 등등),N,4,,,,,70000,
e_e002495,1,통행료,0,자가용(승용/승합/트럭 등등),N,4,,,,,18400,
e_e002506,1,주유비,0,자가용(승용/승합/트럭 등등),N,2,,,,,52000,
e_e002506,1,통행료,0,자가용(승용/승합/트럭 등등),N,2,,,,,7500,
e_e002507,1,주유비,0,자가용(승용/승합/트럭 등등),N,4,,,,,73000,
e_e002507,13,교통비,0,시내/마을버스,N,4,,,,,2500,
e_e002507,7,교통비,0,KTX/SRT(고속열차),N,4,,,,,24600,
e_e002508,1,주유비,0,자가용(승용/승합/트럭 등등),N,1,,,,,10000,
e_e002508,5,교통비,0,지하철,N,1,,,,,6900,
e_e002511,1,주차비,0,자가용(승용/승합/트럭 등등),N,2,,,,,2500,
e_e002511,1,통행료,0,자가용(승용/승합/트럭 등등),N,2,,,,,7000,
e_e002513,13,교통비,0,시내/마을버스,N,1,,,,,6600,
e_e002514,4,교통비,0,택시,N,6,,,,,26700,
e_e002514,5,교통비,0,지하철,N,6,,,,,2100,
e_e002536,4,교통비,0,택시,N,1,,,,,7170,
e_e002536,50,교통비,0,버스 + 지하철,N,1,,,,,7200,
e_e002536,7,교통비,0,KTX/SRT(고속열차),N,1,,,,,18500,
e_e002536,8,교통비,0,새마을/무궁화열차,N,1,,,,,8400,
e_e002541,1,주차비,0,자가용(승용/승합/트럭 등등),N,2,,,,,3900,
e_e002541,13,교통비,0,시내/마을버스,N,2,,,,,5800,
e_e002541,4,교통비,1,택시,N,2,1248116049,우리택시(주),2023-06-10 16:46,1,6900,택시비
e_e002548,16,교통비,0,기타,N,2,,,,,98200,
e_e002548,50,교통비,0,버스 + 지하철,N,2,,,,,78300,
e_e002550,50,교통비,0,버스 + 지하철,N,1,,,,,9100,
e_e002551,50,교통비,0,버스 + 지하철,N,2,,,,,30250,
e_e002555,1,주유비,0,자가용(승용/승합/트럭 등등),N,2,,,,,50000,
e_e002556,1,주유비,0,자가용(승용/승합/트럭 등등),N,2,,,,,60000,
e_e002556,1,주차비,0,자가용(승용/승합/트럭 등등),N,2,,,,,15300,
e_e002556,1,통행료,0,자가용(승용/승합/트럭 등등),N,2,,,,,17400,
e_e002557,50,교통비,0,버스 + 지하철,N,2,,,,,60000,
e_e002557,8,교통비,0,새마을/무궁화열차,N,2,,,,,21600,
e_e002557,8,교통비,1,새마을/무궁화열차,N,2,3148210024,한국철도공사,,1,0,기차표
e_e002558,1,주유비,0,자가용(승용/승합/트럭 등등),N,4,,,,,120000,
e_e002558,1,통행료,0,자가용(승용/승합/트럭 등등),N,5,,,,,11200,
e_e002558,5,교통비,0,지하철,N,5,,,,,4000,
e_e002565,1,주유비,0,자가용(승용/승합/트럭 등등),N,2,,,,,40000,
e_e002565,1,주차비,0,자가용(승용/승합/트럭 등등),N,2,,,,,3000,
e_e002566,50,교통비,0,버스 + 지하철,N,1,,,,,34000,
e_e002569,50,교통비,0,버스 + 지하철,N,2,,,,,60300,
e_e002570,1,주유비,0,자가용(승용/승합/트럭 등등),N,4,,,,,45000,
e_e002570,1,통행료,0,자가용(승용/승합/트럭 등등),N,4,,,,,7200,
e_e002572,5,교통비,0,지하철,N,1,,,,,9500,
e_e002574,5,교통비,0,지하철,N,2,,,,,3700,
e_e002576,4,교통비,1,택시,N,4,1048183559,주식회사 티머니,2023-06-25 10:36,1,17300,택시비
e_e002576,4,교통비,2,택시,N,4,1298638970,로카모빌리티(주),2023-06-25 12:53,1,5000,택시비
e_e002576,4,교통비,3,택시,N,4,,UT,2023-06-26 00:00,1,17700,택시비
e_e002577,2,렌탈비,0,렌터카(승용/승합/버스 등등),N,2,,,,,145000,
e_e002577,2,주유비,0,렌터카(승용/승합/버스 등등),N,2,,,,,47000,
e_e002577,2,주차비,0,렌터카(승용/승합/버스 등등),N,2,,,,,2000,
e_e002577,2,통행료,0,렌터카(승용/승합/버스 등등),N,2,,,,,9700,
e_e002579,1,주차비,0,자가용(승용/승합/트럭 등등),N,1,,,,,9100,
e_e002579,50,교통비,0,버스 + 지하철,N,1,,,,,13500,
e_e002579,7,교통비,0,KTX/SRT(고속열차),N,1,,,,,100100,
e_e002582,50,교통비,0,버스 + 지하철,N,2,,,,,20000,
e_e002583,1,통행료,0,자가용(승용/승합/트럭 등등),N,2,,,,,4200,
e_e002584,1,통행료,0,자가용(승용/승합/트럭 등등),N,4,,,,,8000,
e_e002589,1,주차비,0,자가용(승용/승합/트럭 등등),N,2,,,,,4000,
e_e002589,10,교통비,0,배/선박,N,2,,,,,45500,
e_e002590,1,주유비,0,자가용(승용/승합/트럭 등등),N,2,,,,,20000,
e_e002590,1,통행료,0,자가용(승용/승합/트럭 등등),N,2,,,,,4000,
e_e002593,1,주유비,0,자가용(승용/승합/트럭 등등),N,4,,,,,30000,
e_e002593,50,교통비,0,버스 + 지하철,N,4,,,,,10000,
e_e002599,1,주유비,0,자가용(승용/승합/트럭 등등),N,2,,,,,30000,
e_e002599,1,통행료,0,자가용(승용/승합/트럭 등등),N,2,,,,,6000,
e_e002600,1,주차비,0,자가용(승용/승합/트럭 등등),N,2,,,,,400,
e_e002605,1,통행료,0,자가용(승용/승합/트럭 등등),N,2,,,,,2300,
e_e002606,50,교통비,0,버스 + 지하철,N,1,,,,,10000,
e_e002607,1,주유비,0,자가용(승용/승합/트럭 등등),N,2,,,,,50000,
e_e002607,1,통행료,0,자가용(승용/승합/트럭 등등),N,2,,,,,3200,
e_e002610,1,주유비,0,자가용(승용/승합/트럭 등등),N,4,,,,,30000,
e_e002610,1,통행료,0,자가용(승용/승합/트럭 등등),N,4,,,,,5000,
e_e002622,1,주유비,0,자가용(승용/승합/트럭 등등),N,4,,,,,50000,
e_e002622,1,통행료,0,자가용(승용/승합/트럭 등등),N,4,,,,,20000,
e_e002625,1,주유비,0,자가용(승용/승합/트럭 등등),N,2,,,,,44734,
e_e002625,1,주차비,0,자가용(승용/승합/트럭 등등),N,2,,,,,3000,
e_e002625,1,통행료,0,자가용(승용/승합/트럭 등등),N,2,,,,,16900,
e_e002627,1,주유비,0,자가용(승용/승합/트럭 등등),N,4,,,,,50000,
e_e002627,1,통행료,0,자가용(승용/승합/트럭 등등),N,4,,,,,4000,
e_e002633,1,주유비,0,자가용(승용/승합/트럭 등등),N,6,,,,,30000,
e_e002633,5,교통비,0,지하철,N,6,,,,,3100,
e_e002634,4,교통비,1,택시,N,1,,(주)인천교통,2023-06-26 10:04,1,6700,택시비 
e_e002634,5,교통비,0,지하철,N,1,,,,,2500,
e_e002635,1,주유비,0,자가용(승용/승합/트럭 등등),N,4,,,,,10000,
e_e002635,1,주차비,0,자가용(승용/승합/트럭 등등),N,4,,,,,5000,
e_e002638,1,주차비,0,자가용(승용/승합/트럭 등등),N,2,,,,,9800,
e_e002638,7,교통비,0,KTX/SRT(고속열차),N,2,,,,,83200,
e_e002641,50,교통비,0,버스 + 지하철,N,2,,,,,7500,
e_e002650,50,교통비,0,버스 + 지하철,N,4,,,,,12000,
e_e002662,1,주차비,0,자가용(승용/승합/트럭 등등),N,2,,,,,2000,
e_e002673,1,주유비,0,자가용(승용/승합/트럭 등등),N,3,,,,,40000,
e_e002673,1,통행료,0,자가용(승용/승합/트럭 등등),N,3,,,,,4200,
e_e002677,1,주유비,0,자가용(승용/승합/트럭 등등),N,2,,,,,10000,
e_e002677,1,통행료,0,자가용(승용/승합/트럭 등등),N,2,,,,,2500,
e_e002681,50,교통비,0,버스 + 지하철,N,1,,,,,20000,
e_e002681,7,교통비,0,KTX/SRT(고속열차),N,1,,,,,70000,
e_e002683,50,교통비,0,버스 + 지하철,N,3,,,,,9100,
e_e002684,1,주유비,0,자가용(승용/승합/트럭 등등),N,4,,,,,55000,
e_e002684,1,통행료,0,자가용(승용/승합/트럭 등등),N,4,,,,,1800,
e_e002697,1,주유비,0,자가용(승용/승합/트럭 등등),N,3,,,,,70000,
e_e002697,1,주차비,0,자가용(승용/승합/트럭 등등),N,3,,,,,15700,
e_e002697,1,통행료,0,자가용(승용/승합/트럭 등등),N,3,,,,,15400,
e_e002699,1,주유비,0,자가용(승용/승합/트럭 등등),N,2,,,,,50000,
e_e002699,1,통행료,0,자가용(승용/승합/트럭 등등),N,2,,,,,7400,
e_e002705,5,교통비,0,지하철,N,2,,,,,7800,
e_e002719,1,주유비,0,자가용(승용/승합/트럭 등등),N,4,,,,,10000,
e_e002728,1,주유비,0,자가용(승용/승합/트럭 등등),N,2,,,,,50000,
e_e002728,1,주차비,0,자가용(승용/승합/트럭 등등),N,2,,,,,10000,
e_e002728,1,통행료,0,자가용(승용/승합/트럭 등등),N,2,,,,,36700,
e_e002736,50,교통비,0,버스 + 지하철,N,1,,,,,12000,
e_e002736,7,교통비,1,KTX/SRT(고속열차),N,1,3148210024,한국철도공사,2023-06-17 21:31,1,23700,기차표
e_e002736,8,교통비,1,새마을/무궁화열차,N,1,3148210024,한국철도공사,2023-06-17 10:17,1,10800,기차표 
e_e002736,8,교통비,2,새마을/무궁화열차,N,1,3148210024,한국철도공사,2023-06-17 10:16,1,10800,기차표
e_e002737,1,주차비,0,자가용(승용/승합/트럭 등등),N,3,,,,,10000,
e_e002739,1,주차비,0,자가용(승용/승합/트럭 등등),N,3,,,,,1100,
e_e002739,1,통행료,0,자가용(승용/승합/트럭 등등),N,3,,,,,1400,
e_e002740,1,주유비,0,자가용(승용/승합/트럭 등등),N,4,,,,,10000,
e_e002745,4,교통비,0,택시,N,4,,,,,6000,
e_e002745,5,교통비,0,지하철,N,4,,,,,6300,
e_e002745,7,교통비,0,KTX/SRT(고속열차),N,4,,,,,258300,
e_e002746,4,교통비,0,택시,N,1,,,,,5000,
e_e002746,7,교통비,0,KTX/SRT(고속열차),N,1,,,,,46800,
e_e002747,4,교통비,1,택시,N,2,1248125475,,2023-06-17 04:15,1,5100,택시비
e_e002747,50,교통비,0,버스 + 지하철,N,2,,,,,9950,
e_e002753,1,주유비,0,자가용(승용/승합/트럭 등등),N,2,,,,,100000,
e_e002753,1,통행료,0,자가용(승용/승합/트럭 등등),N,2,,,,,7000,
e_e002754,50,교통비,0,버스 + 지하철,N,2,,,,,12500,
e_e002754,8,교통비,0,새마을/무궁화열차,N,2,,,,,30600,
e_e002756,1,주유비,0,자가용(승용/승합/트럭 등등),N,2,,,,,50000,
e_e002756,1,통행료,0,자가용(승용/승합/트럭 등등),N,2,,,,,5000,
e_e002759,13,교통비,0,시내/마을버스,N,1,,,,,3100,
e_e002763,1,주유비,0,자가용(승용/승합/트럭 등등),N,2,,,,,40000,
e_e002763,1,주차비,0,자가용(승용/승합/트럭 등등),N,2,,,,,16800,
e_e002763,1,통행료,0,자가용(승용/승합/트럭 등등),N,2,,,,,8400,
e_e002764,1,주유비,0,자가용(승용/승합/트럭 등등),N,2,,,,,59840,
e_e002764,1,통행료,0,자가용(승용/승합/트럭 등등),N,2,,,,,8000,
e_e002767,1,통행료,0,자가용(승용/승합/트럭 등등),N,4,,,,,10000,
e_e002770,1,주유비,0,자가용(승용/승합/트럭 등등),N,2,,,,,20000,
e_e002770,14,렌탈비,0,자전거,N,2,,,,,1000,
e_e002773,1,주유비,0,자가용(승용/승합/트럭 등등),N,2,,,,,50000,
e_e002775,1,주유비,0,자가용(승용/승합/트럭 등등),N,3,,,,,30000,
e_e002775,1,주차비,0,자가용(승용/승합/트럭 등등),N,3,,,,,4000,
e_e002782,1,주유비,0,자가용(승용/승합/트럭 등등),N,4,,,,,30000,
e_e002782,1,통행료,0,자가용(승용/승합/트럭 등등),N,4,,,,,3600,
e_e002784,4,교통비,1,택시,N,1,5024710917,,2023-06-23 13:59,1,10300,택시비
e_e002784,50,교통비,0,버스 + 지하철,N,1,,,,,8000,
e_e002784,7,교통비,1,KTX/SRT(고속열차),Y,1,3058631590,주식회사 에스알,2023-05-31 13:33,1,34200,기차표 
e_e002784,7,교통비,2,KTX/SRT(고속열차),Y,1,1138690097,(주)이네이블,2023-05-31 13:24,1,30800,기차표
e_e002786,1,주차비,0,자가용(승용/승합/트럭 등등),N,4,,,,,1500,
e_e002793,1,주유비,0,자가용(승용/승합/트럭 등등),N,1,,,,,7000,
e_e002793,13,교통비,0,시내/마을버스,N,1,,,,,2400,
e_e002800,1,통행료,0,자가용(승용/승합/트럭 등등),N,4,,,,,10000,
e_e002812,1,주차비,0,자가용(승용/승합/트럭 등등),N,2,,,,,15000,
e_e002812,1,통행료,0,자가용(승용/승합/트럭 등등),N,2,,,,,2400,
e_e002812,7,교통비,0,KTX/SRT(고속열차),N,2,,,,,187200,
e_e002915,1,주유비,0,자가용(승용/승합/트럭 등등),N,2,,,,,50000,
e_e002915,1,통행료,0,자가용(승용/승합/트럭 등등),N,2,,,,,5000,
e_e002916,4,교통비,0,택시,N,1,,,,,50800,
e_e002916,5,교통비,0,지하철,N,1,,,,,2800,
e_e002922,1,주유비,0,자가용(승용/승합/트럭 등등),N,2,,,,,46689,
e_e002922,1,주차비,0,자가용(승용/승합/트럭 등등),N,2,,,,,200,
e_e002925,1,주유비,0,자가용(승용/승합/트럭 등등),N,5,,,,,40000,
e_e002925,1,통행료,0,자가용(승용/승합/트럭 등등),N,5,,,,,7200,
e_e002928,1,주유비,0,자가용(승용/승합/트럭 등등),N,1,,,,,42000,
e_e002931,1,주유비,0,자가용(승용/승합/트럭 등등),N,4,,,,,10000,
e_e002932,1,주유비,0,자가용(승용/승합/트럭 등등),N,2,,,,,20000,
e_e002937,1,주유비,0,자가용(승용/승합/트럭 등등),N,2,,,,,47000,
e_e002938,5,교통비,0,지하철,N,2,,,,,6000,
e_e002939,2,렌탈비,0,렌터카(승용/승합/버스 등등),N,1,,,,,135959,
e_e002939,2,통행료,0,렌터카(승용/승합/버스 등등),N,1,,,,,5000,
e_e002940,1,주유비,0,자가용(승용/승합/트럭 등등),N,4,,,,,100000,
e_e002940,1,통행료,0,자가용(승용/승합/트럭 등등),N,4,,,,,15000,
e_e002940,50,교통비,0,버스 + 지하철,N,2,,,,,26000,
e_e002949,1,주유비,0,자가용(승용/승합/트럭 등등),N,2,,,,,60000,
e_e002949,1,주차비,0,자가용(승용/승합/트럭 등등),N,2,,,,,5200,
e_e002949,1,통행료,0,자가용(승용/승합/트럭 등등),N,2,,,,,5000,
e_e002957,1,통행료,0,자가용(승용/승합/트럭 등등),N,3,,,,,5000,
e_e002958,1,주유비,0,자가용(승용/승합/트럭 등등),N,3,,,,,48000,
e_e002958,1,주차비,0,자가용(승용/승합/트럭 등등),N,3,,,,,1000,
e_e002958,1,통행료,0,자가용(승용/승합/트럭 등등),N,3,,,,,2000,
e_e002965,1,주유비,0,자가용(승용/승합/트럭 등등),N,2,,,,,35000,
e_e002965,1,통행료,0,자가용(승용/승합/트럭 등등),N,2,,,,,2700,
e_e002965,13,교통비,0,시내/마을버스,N,2,,,,,2400,
e_e002972,4,교통비,1,택시,N,1,6018113253,덕성교통(주),2023-06-24 21:57,1,4900,택시비
e_e002972,5,교통비,0,지하철,N,1,,,,,3700,
e_e002972,7,교통비,1,KTX/SRT(고속열차),Y,1,3148210024,한국철도공사,2023-05-24 09:25,1,58900,기차표
e_e002972,7,교통비,2,KTX/SRT(고속열차),Y,1,3148210024,한국철도공사,2023-05-24 09:39,1,54900,기차표 
e_e002973,1,주유비,0,자가용(승용/승합/트럭 등등),N,4,,,,,30000,
e_e002973,50,교통비,0,버스 + 지하철,N,5,,,,,12200,
e_e002976,50,교통비,0,버스 + 지하철,N,1,,,,,8000,
e_e002976,7,교통비,0,KTX/SRT(고속열차),N,1,,,,,47200,
e_e002976,9,교통비,0,항공기,N,1,,,,,49900,
e_e002980,1,통행료,0,자가용(승용/승합/트럭 등등),N,3,,,,,1800,
e_e002984,12,교통비,0,시외/고속버스,N,2,,,,,16600,
e_e002984,2,렌탈비,0,렌터카(승용/승합/버스 등등),N,2,,,,,39486,
e_e002984,2,주유비,0,렌터카(승용/승합/버스 등등),N,2,,,,,11520,
e_e002985,1,주차비,0,자가용(승용/승합/트럭 등등),N,3,,,,,6000,
e_e002985,1,통행료,0,자가용(승용/승합/트럭 등등),N,3,,,,,4800,
e_e002985,5,교통비,0,지하철,N,3,,,,,1250,
e_e002986,1,주유비,0,자가용(승용/승합/트럭 등등),N,2,,,,,50000,
e_e002986,1,주차비,0,자가용(승용/승합/트럭 등등),N,2,,,,,2000,
e_e002986,1,통행료,0,자가용(승용/승합/트럭 등등),N,2,,,,,18000,
e_e002986,5,교통비,0,지하철,N,2,,,,,1250,
e_e002987,13,교통비,0,시내/마을버스,N,2,,,,,2600,
e_e002991,1,주유비,0,자가용(승용/승합/트럭 등등),N,4,,,,,20000,
e_e002991,1,주차비,0,자가용(승용/승합/트럭 등등),N,4,,,,,6000,
e_e002991,1,통행료,0,자가용(승용/승합/트럭 등등),N,4,,,,,9000,
e_e003000,16,교통비,0,기타,N,1,,,,,2500,
e_e003000,5,교통비,0,지하철,N,1,,,,,5850,
e_e003001,4,교통비,1,택시,N,2,,,2023-06-17 21:20,3,9700,택시비
e_e003001,50,교통비,0,버스 + 지하철,N,2,,,,,78600,
e_e003001,8,교통비,1,새마을/무궁화열차,N,2,3148210024,한국철도공사,2023-06-16 08:48,1,46800,기차표
e_e003001,8,교통비,3,새마을/무궁화열차,N,2,3148210024,한국철도공사,2023-06-16 08:04,1,2600,기차표
e_e003002,1,주유비,0,자가용(승용/승합/트럭 등등),N,2,,,,,40000,
e_e003002,1,통행료,0,자가용(승용/승합/트럭 등등),N,2,,,,,3200,
e_e003003,1,주유비,0,자가용(승용/승합/트럭 등등),N,2,,,,,23000,
e_e003003,1,통행료,0,자가용(승용/승합/트럭 등등),N,2,,,,,2300,
e_e003004,50,교통비,0,버스 + 지하철,N,2,,,,,10400,
e_e003004,8,교통비,1,새마을/무궁화열차,N,2,3148210024,한국철도공사,2023-07-02 15:15,1,2600,기차표
e_e003004,8,교통비,2,새마을/무궁화열차,Y,2,3148210024,한국철도공사,2023-06-19 00:00,1,2600,기차표
e_e003006,12,교통비,0,시외/고속버스,N,2,,,,,14500,
e_e003017,1,주유비,0,자가용(승용/승합/트럭 등등),N,2,,,,,57051,
e_e003017,1,주차비,0,자가용(승용/승합/트럭 등등),N,2,,,,,2000,
e_e003017,1,통행료,0,자가용(승용/승합/트럭 등등),N,2,,,,,36000,
e_e003019,1,주유비,0,자가용(승용/승합/트럭 등등),N,1,,,,,30000,
e_e003019,1,통행료,0,자가용(승용/승합/트럭 등등),N,1,,,,,5000,
e_e003020,1,주유비,0,자가용(승용/승합/트럭 등등),N,2,,,,,76000,
e_e003020,1,주차비,0,자가용(승용/승합/트럭 등등),N,2,,,,,31700,
e_e003020,1,통행료,0,자가용(승용/승합/트럭 등등),N,2,,,,,30000,
e_e003022,1,주유비,0,자가용(승용/승합/트럭 등등),N,3,,,,,30000,
e_e003022,1,통행료,0,자가용(승용/승합/트럭 등등),N,3,,,,,2500,
e_e003023,1,주유비,0,자가용(승용/승합/트럭 등등),N,4,,,,,30000,
e_e003025,1,주유비,0,자가용(승용/승합/트럭 등등),N,2,,,,,25000,
e_e003033,1,주유비,0,자가용(승용/승합/트럭 등등),N,2,,,,,40000,
e_e003033,1,주차비,0,자가용(승용/승합/트럭 등등),N,2,,,,,12000,
e_e003033,1,통행료,0,자가용(승용/승합/트럭 등등),N,2,,,,,13000,
e_e003034,2,렌탈비,1,렌터카(승용/승합/버스 등등),N,2,6168190529,(주)쏘카,2023-06-18 14:20,1,135500,렌트비
e_e003034,2,통행료,0,렌터카(승용/승합/버스 등등),N,2,,,,,22720,
e_e003039,1,주유비,0,자가용(승용/승합/트럭 등등),N,1,,,,,10000,
e_e003039,1,통행료,0,자가용(승용/승합/트럭 등등),N,1,,,,,4500,
e_e003040,50,교통비,0,버스 + 지하철,N,2,,,,,12000,
e_e003045,1,주유비,0,자가용(승용/승합/트럭 등등),N,1,,,,,7300,
e_e003045,1,통행료,0,자가용(승용/승합/트럭 등등),N,1,,,,,2400,
e_e003051,50,교통비,0,버스 + 지하철,N,2,,,,,12000,
e_e003056,50,교통비,0,버스 + 지하철,N,2,,,,,7500,
e_e003062,1,통행료,0,자가용(승용/승합/트럭 등등),N,2,,,,,8800,
e_e003065,1,주유비,0,자가용(승용/승합/트럭 등등),N,3,,,,,25000,
e_e003065,1,주차비,0,자가용(승용/승합/트럭 등등),N,3,,,,,1000,
e_e003065,1,통행료,0,자가용(승용/승합/트럭 등등),N,3,,,,,2900,
e_e003068,1,주유비,0,자가용(승용/승합/트럭 등등),N,2,,,,,30000,
e_e003068,1,주차비,0,자가용(승용/승합/트럭 등등),N,2,,,,,900,
e_e003071,50,교통비,0,버스 + 지하철,N,2,,,,,129200,
e_e003073,1,주유비,0,자가용(승용/승합/트럭 등등),N,4,,,,,21000,
e_e003073,1,통행료,0,자가용(승용/승합/트럭 등등),N,4,,,,,2500,
e_e003079,1,주유비,0,자가용(승용/승합/트럭 등등),N,2,,,,,60000,
e_e003079,1,주차비,0,자가용(승용/승합/트럭 등등),N,2,,,,,1700,
e_e003079,1,통행료,0,자가용(승용/승합/트럭 등등),N,2,,,,,13900,
e_e003080,1,주유비,0,자가용(승용/승합/트럭 등등),N,1,,,,,10000,
e_e003083,50,교통비,0,버스 + 지하철,N,2,,,,,16000,
e_e003086,5,교통비,0,지하철,N,1,,,,,4000,
e_e003095,1,통행료,0,자가용(승용/승합/트럭 등등),N,4,,,,,1900,
e_e003102,5,교통비,0,지하철,N,2,,,,,4350,
e_e003103,1,주유비,0,자가용(승용/승합/트럭 등등),N,4,,,,,8000,
e_e003103,1,통행료,0,자가용(승용/승합/트럭 등등),N,4,,,,,4000,
e_e003107,1,주유비,0,자가용(승용/승합/트럭 등등),N,4,,,,,45240,
e_e003109,4,교통비,1,택시,N,4,1322725284,,2023-06-24 16:16,1,3800,택시비
e_e003109,50,교통비,0,버스 + 지하철,N,4,,,,,17200,
e_e003115,1,주유비,0,자가용(승용/승합/트럭 등등),N,4,,,,,50000,
e_e003115,1,통행료,0,자가용(승용/승합/트럭 등등),N,4,,,,,7000,
e_e003116,4,교통비,1,택시,N,1,1398107085,우일운수(주),2023-06-13 17:37,1,5700,택시비
e_e003116,5,교통비,0,지하철,N,1,,,,,2500,
e_e003120,1,주유비,0,자가용(승용/승합/트럭 등등),N,2,,,,,20000,
e_e003126,1,주유비,0,자가용(승용/승합/트럭 등등),N,3,,,,,40000,
e_e003126,1,통행료,0,자가용(승용/승합/트럭 등등),N,3,,,,,10000,
e_e003133,1,통행료,0,자가용(승용/승합/트럭 등등),N,1,,,,,800,
e_e003133,5,교통비,0,지하철,N,1,,,,,1200,
e_e003137,1,주유비,0,자가용(승용/승합/트럭 등등),N,2,,,,,50000,
e_e003138,5,교통비,0,지하철,N,3,,,,,9000,
e_e003143,4,교통비,1,택시,N,1,1668602049,UT 택시,2023-07-01 00:00,1,600,택시비
e_e003143,4,교통비,2,택시,N,1,1668602049,유한회사 우티,2023-07-02 00:00,1,5300,택시비
e_e003143,7,교통비,1,KTX/SRT(고속열차),Y,1,3058631590,주식회사 에스알,2023-06-22 00:00,1,52400,기차표
e_e003143,7,교통비,2,KTX/SRT(고속열차),Y,1,3058631590,주식회사 에스알,2023-06-29 00:00,1,52400,기차표
e_e003156,1,주유비,0,자가용(승용/승합/트럭 등등),N,1,,,,,30000,
e_e003158,50,교통비,0,버스 + 지하철,N,2,,,,,7500,
e_e003159,1,주유비,0,자가용(승용/승합/트럭 등등),N,4,,,,,30000,
e_e003162,50,교통비,0,버스 + 지하철,N,1,,,,,14080,
e_e003162,7,교통비,0,KTX/SRT(고속열차),N,1,,,,,119600,
e_e003172,13,교통비,0,시내/마을버스,N,1,,,,,2000,
e_e003172,4,교통비,1,택시,N,1,1048183559,카카오페이(택시),2023-06-26 14:54,1,31000,택시비
e_e003172,4,교통비,2,택시,N,1,1198638202,브이씨엔씨 주식회사,2023-06-27 13:43,1,34800,TADA
e_e003180,1,통행료,0,자가용(승용/승합/트럭 등등),N,2,,,,,1800,
e_e003184,1,주유비,0,자가용(승용/승합/트럭 등등),N,2,,,,,50000,
e_e003184,1,통행료,0,자가용(승용/승합/트럭 등등),N,2,,,,,6000,
e_e003190,2,렌탈비,1,렌터카(승용/승합/버스 등등),N,2,,,2023-06-27 00:00,1,181320,렌트비
e_e003190,2,통행료,0,렌터카(승용/승합/버스 등등),N,2,,,,,3350,
e_e003194,5,교통비,0,지하철,N,4,,,,,3850,
e_e003196,50,교통비,0,버스 + 지하철,N,2,,,,,28000,
e_e003198,50,교통비,0,버스 + 지하철,N,3,,,,,30750,
e_e003199,50,교통비,0,버스 + 지하철,N,3,,,,,15000,
e_e003199,8,교통비,0,새마을/무궁화열차,N,3,,,,,29400,
e_e003204,5,교통비,0,지하철,N,2,,,,,7000,
e_e003205,50,교통비,0,버스 + 지하철,N,1,,,,,7500,
e_e003206,1,주유비,0,자가용(승용/승합/트럭 등등),N,1,,,,,30000,
e_e003206,1,통행료,0,자가용(승용/승합/트럭 등등),N,1,,,,,2700,
e_e003210,1,주유비,0,자가용(승용/승합/트럭 등등),N,2,,,,,50000,
e_e003212,1,주유비,0,자가용(승용/승합/트럭 등등),N,1,,,,,10000,
e_e003212,14,렌탈비,0,자전거,N,1,,,,,1050,
e_e003212,14,렌탈비,1,자전거,N,1,8158100527,나이스페이먼츠(주),2023-06-16 11:59,1,1050,
e_e003222,13,교통비,0,시내/마을버스,N,2,,,,,7500,
e_e003223,4,교통비,0,택시,N,4,,,,,9200,
e_e003223,50,교통비,0,버스 + 지하철,N,4,,,,,22650,
e_e003223,7,교통비,0,KTX/SRT(고속열차),N,4,,,,,23700,
e_e003227,2,렌탈비,1,렌터카(승용/승합/버스 등등),N,6,6168190529,㈜쏘카,2023-06-27 21:00,1,238560,렌트비
e_e003230,4,교통비,0,택시,N,1,,,,,4200,
e_e003230,50,교통비,0,버스 + 지하철,N,1,,,,,10000,
e_e003230,7,교통비,1,KTX/SRT(고속열차),Y,1,3148210024,한국철도공사,2023-06-09 08:17,1,47100,기차표
e_e003230,7,교통비,2,KTX/SRT(고속열차),Y,1,3148210024,한국철도공사,2023-06-13 09:45,1,47100,기차표
e_e003231,2,렌탈비,0,렌터카(승용/승합/버스 등등),N,2,,,,,40110,
e_e003235,1,주유비,0,자가용(승용/승합/트럭 등등),N,5,,,,,45000,
e_e003235,1,통행료,0,자가용(승용/승합/트럭 등등),N,5,,,,,7600,
e_e003237,1,주유비,0,자가용(승용/승합/트럭 등등),N,2,,,,,50000,
e_e003237,1,통행료,0,자가용(승용/승합/트럭 등등),N,2,,,,,10000,
e_e003241,1,주유비,0,자가용(승용/승합/트럭 등등),N,2,,,,,50000,
e_e003241,1,주차비,0,자가용(승용/승합/트럭 등등),N,2,,,,,1500,
e_e003241,1,통행료,0,자가용(승용/승합/트럭 등등),N,2,,,,,4400,
e_e003245,50,교통비,0,버스 + 지하철,N,2,,,,,12000,
e_e003251,11,교통비,0,관광버스,N,1,,,,,20000,
e_e003251,50,교통비,0,버스 + 지하철,N,1,,,,,11700,
e_e003258,2,주유비,0,렌터카(승용/승합/버스 등등),N,1,,,,,15000,
e_e003258,2,통행료,0,렌터카(승용/승합/버스 등등),N,1,,,,,1800,
e_e003259,5,교통비,0,지하철,N,1,,,,,3700,
e_e003262,1,주차비,0,자가용(승용/승합/트럭 등등),N,1,,,,,5000,
e_e003262,4,교통비,1,택시,N,1,8161101263,개인택시,2023-06-17 11:47,3,5900,택시비
e_e003262,5,교통비,0,지하철,N,1,,,,,3750,
e_e003267,1,주차비,0,자가용(승용/승합/트럭 등등),N,2,,,,,3000,
e_e003269,1,주유비,0,자가용(승용/승합/트럭 등등),N,4,,,,,40000,
e_e003269,1,통행료,0,자가용(승용/승합/트럭 등등),N,4,,,,,12000,
e_e003271,5,교통비,0,지하철,N,2,,,,,2900,
e_e003276,13,교통비,0,시내/마을버스,N,2,,,,,11600,
e_e003278,1,통행료,0,자가용(승용/승합/트럭 등등),N,3,,,,,5600,
e_e003279,12,교통비,0,시외/고속버스,N,2,,,,,5000,
e_e003280,1,주유비,0,자가용(승용/승합/트럭 등등),N,2,,,,,45000,
e_e003280,1,통행료,0,자가용(승용/승합/트럭 등등),N,2,,,,,10000,
e_e003282,5,교통비,0,지하철,N,2,,,,,5000,
e_e003283,50,교통비,0,버스 + 지하철,N,2,,,,,11350,
e_e003285,1,주유비,0,자가용(승용/승합/트럭 등등),N,2,,,,,40000,
e_e003285,5,교통비,0,지하철,N,2,,,,,5000,
e_e003285,7,교통비,0,KTX/SRT(고속열차),N,2,,,,,41200,
e_e003288,1,주유비,0,자가용(승용/승합/트럭 등등),N,2,,,,,25000,
e_e003288,1,주차비,0,자가용(승용/승합/트럭 등등),N,2,,,,,2000,
e_e003289,50,교통비,0,버스 + 지하철,N,2,,,,,19000,
e_e003291,5,교통비,0,지하철,N,2,,,,,9800,
e_e003293,1,주유비,0,자가용(승용/승합/트럭 등등),N,4,,,,,50000,
e_e003293,1,통행료,0,자가용(승용/승합/트럭 등등),N,4,,,,,10800,
e_e003294,5,교통비,0,지하철,N,1,,,,,4350,
e_e003296,1,주차비,0,자가용(승용/승합/트럭 등등),N,2,,,,,3000,
e_e003297,1,주유비,0,자가용(승용/승합/트럭 등등),N,1,,,,,50000,
e_e003297,1,주차비,0,자가용(승용/승합/트럭 등등),N,1,,,,,8000,
e_e003298,1,주차비,0,자가용(승용/승합/트럭 등등),N,4,,,,,5000,
e_e003298,4,교통비,1,택시,N,4,,동서울택시,2023-06-24 12:04,1,5500,택시비
e_e003300,4,교통비,0,택시,N,2,,,,,8800,
e_e003300,50,교통비,0,버스 + 지하철,N,2,,,,,22000,
e_e003300,7,교통비,0,KTX/SRT(고속열차),N,2,,,,,138000,
e_e003303,5,교통비,0,지하철,N,2,,,,,7000,
e_e003307,1,주유비,0,자가용(승용/승합/트럭 등등),N,3,,,,,10000,
e_e003308,1,주유비,0,자가용(승용/승합/트럭 등등),N,4,,,,,10000,
e_e003311,1,주유비,0,자가용(승용/승합/트럭 등등),N,2,,,,,50000,
e_e003311,1,통행료,0,자가용(승용/승합/트럭 등등),N,2,,,,,5900,
e_e003314,5,교통비,0,지하철,N,2,,,,,3000,
e_e003323,4,교통비,1,택시,N,1,2210631548,개인택시,2023-06-17 23:51,1,5800,택시비
e_e003323,4,교통비,2,택시,N,1,,,2023-06-17 10:10,1,5100,택시비
e_e003323,50,교통비,0,버스 + 지하철,N,1,,,,,22350,
e_e003324,1,주유비,0,자가용(승용/승합/트럭 등등),N,4,,,,,30000,
e_e003324,1,통행료,0,자가용(승용/승합/트럭 등등),N,4,,,,,3000,
e_e003326,1,주유비,0,자가용(승용/승합/트럭 등등),N,4,,,,,50000,
e_e003326,1,통행료,0,자가용(승용/승합/트럭 등등),N,4,,,,,3000,
e_e003328,1,주유비,0,자가용(승용/승합/트럭 등등),N,1,,,,,20000,
e_e003328,1,주차비,0,자가용(승용/승합/트럭 등등),N,1,,,,,6000,
e_e003328,1,통행료,0,자가용(승용/승합/트럭 등등),N,1,,,,,3000,
e_e003329,1,주유비,0,자가용(승용/승합/트럭 등등),N,7,,,,,20000,
e_e003329,1,주차비,0,자가용(승용/승합/트럭 등등),N,7,,,,,3000,
e_e003329,1,통행료,0,자가용(승용/승합/트럭 등등),N,7,,,,,3100,
e_e003330,4,교통비,0,택시,N,2,,,,,3400,
e_e003330,5,교통비,0,지하철,N,2,,,,,7500,
e_e003330,7,교통비,0,KTX/SRT(고속열차),N,2,,,,,77600,
e_e003331,1,주유비,0,자가용(승용/승합/트럭 등등),N,5,,,,,60000,
e_e003331,1,통행료,0,자가용(승용/승합/트럭 등등),N,4,,,,,3400,
e_e003332,1,주유비,0,자가용(승용/승합/트럭 등등),N,2,,,,,40000,
e_e003334,5,교통비,0,지하철,N,1,,,,,2900,
e_e003335,16,교통비,0,기타,N,2,,,,,15600,
e_e003335,50,교통비,0,버스 + 지하철,N,2,,,,,10800,
e_e003335,9,교통비,0,항공기,N,2,,,,,287000,
e_e003336,4,교통비,0,택시,N,2,,,,,18300,
e_e003336,50,교통비,0,버스 + 지하철,N,2,,,,,62200,
e_e003337,1,주유비,0,자가용(승용/승합/트럭 등등),N,3,,,,,30000,
e_e003337,1,통행료,0,자가용(승용/승합/트럭 등등),N,3,,,,,3000,
e_e003342,1,주유비,0,자가용(승용/승합/트럭 등등),N,2,,,,,50000,
e_e003342,1,통행료,0,자가용(승용/승합/트럭 등등),N,2,,,,,6000,
e_e003342,5,교통비,0,지하철,N,2,,,,,4700,
e_e003348,5,교통비,0,지하철,N,2,,,,,9400,
e_e003349,1,주유비,0,자가용(승용/승합/트럭 등등),N,2,,,,,10000,
e_e003349,1,주차비,0,자가용(승용/승합/트럭 등등),N,2,,,,,2200,
e_e003349,13,교통비,0,시내/마을버스,N,2,,,,,1300,
e_e003349,7,교통비,0,KTX/SRT(고속열차),N,2,,,,,16200,
e_e003356,1,주유비,0,자가용(승용/승합/트럭 등등),N,2,,,,,40000,
e_e003356,1,주차비,0,자가용(승용/승합/트럭 등등),N,2,,,,,1500,
e_e003357,1,주유비,0,자가용(승용/승합/트럭 등등),N,2,,,,,57000,
e_e003357,1,주차비,0,자가용(승용/승합/트럭 등등),N,2,,,,,9000,
e_e003360,1,주유비,0,자가용(승용/승합/트럭 등등),N,4,,,,,40000,
e_e003360,1,통행료,0,자가용(승용/승합/트럭 등등),N,4,,,,,6000,
e_e003360,5,교통비,0,지하철,N,4,,,,,2500,
e_e003364,5,교통비,0,지하철,N,1,,,,,2700,
e_e003369,1,주유비,0,자가용(승용/승합/트럭 등등),N,2,,,,,20000,
e_e003369,1,주차비,0,자가용(승용/승합/트럭 등등),N,2,,,,,2000,
e_e003369,1,통행료,0,자가용(승용/승합/트럭 등등),N,2,,,,,4200,
e_e003371,4,교통비,0,택시,N,2,,,,,17600,
e_e003371,5,교통비,0,지하철,N,2,,,,,2600,
e_e003378,1,주유비,0,자가용(승용/승합/트럭 등등),N,1,,,,,20000,
e_e003378,1,통행료,0,자가용(승용/승합/트럭 등등),N,1,,,,,2000,
e_e003380,50,교통비,0,버스 + 지하철,N,2,,,,,10400,
e_e003380,7,교통비,0,KTX/SRT(고속열차),N,2,,,,,133000,
e_e003381,1,통행료,0,자가용(승용/승합/트럭 등등),N,2,,,,,4300,
e_e003383,4,교통비,0,택시,N,2,,,,,11700,
e_e003383,5,교통비,0,지하철,N,2,,,,,4650,
e_e003383,8,교통비,0,새마을/무궁화열차,N,2,,,,,13800,
e_e003386,2,렌탈비,0,렌터카(승용/승합/버스 등등),N,2,,,,,90000,
e_e003386,2,주유비,0,렌터카(승용/승합/버스 등등),N,2,,,,,20000,
e_e003388,1,주유비,0,자가용(승용/승합/트럭 등등),N,2,,,,,16000,
e_e003388,1,통행료,0,자가용(승용/승합/트럭 등등),N,2,,,,,10000,
e_e003394,1,주차비,0,자가용(승용/승합/트럭 등등),N,3,,,,,1500,
e_e003400,2,렌탈비,1,렌터카(승용/승합/버스 등등),Y,2,3148653943,주식회사 피플카,2023-06-21 17:17,1,56840,렌트비
e_e003400,2,렌탈비,2,렌터카(승용/승합/버스 등등),N,2,3148653943,주식회사 피플카,2023-07-01 19:33,1,47080,렌트비
e_e003400,2,통행료,0,렌터카(승용/승합/버스 등등),N,2,,,,,10000,
e_e003402,4,교통비,0,택시,N,2,,,,,8430,
e_e003402,50,교통비,0,버스 + 지하철,N,2,,,,,44800,
e_e003407,1,주차비,0,자가용(승용/승합/트럭 등등),N,2,,,,,3200,
e_e003408,4,교통비,0,택시,N,3,,,,,16100,
e_e003408,5,교통비,0,지하철,N,3,,,,,5250,
e_e003409,1,주차비,0,자가용(승용/승합/트럭 등등),N,2,,,,,10000,
e_e003409,5,교통비,0,지하철,N,2,,,,,3750,
e_e003409,7,교통비,1,KTX/SRT(고속열차),Y,2,3148210024,한국철도공사,2023-06-15 14:27,1,18500,기차표
e_e003409,7,교통비,2,KTX/SRT(고속열차),N,2,3148210024,한국철도공사,2023-06-19 15:56,1,18500,기차표 
e_e003411,1,주유비,0,자가용(승용/승합/트럭 등등),N,3,,,,,70000,
e_e003411,1,통행료,0,자가용(승용/승합/트럭 등등),N,3,,,,,16200,
e_e003412,5,교통비,0,지하철,N,2,,,,,5400,
e_e003413,13,교통비,0,시내/마을버스,N,1,,,,,3000,
e_e003413,16,교통비,0,기타,N,1,,,,,79700,
e_e003413,7,교통비,1,KTX/SRT(고속열차),N,1,3058631590,주식회사 에스알,2023-06-27 09:57,1,36900,기차표
e_e003413,7,교통비,2,KTX/SRT(고속열차),N,1,3148210024,한국철도공사,2023-06-27 19:49,3,41300,기차표
e_e003415,1,주유비,0,자가용(승용/승합/트럭 등등),N,2,,,,,30000,
e_e003415,1,통행료,0,자가용(승용/승합/트럭 등등),N,2,,,,,4000,
e_e003416,5,교통비,0,지하철,N,1,,,,,6050,
e_e003417,1,주차비,0,자가용(승용/승합/트럭 등등),N,1,,,,,12500,
e_e003417,1,통행료,0,자가용(승용/승합/트럭 등등),N,1,,,,,3600,
e_e003417,4,교통비,1,택시,N,1,8161101263,개인택시,2023-06-17 11:47,1,5900,택시비
e_e003419,1,주유비,0,자가용(승용/승합/트럭 등등),N,2,,,,,66324,
e_e003419,1,주차비,0,자가용(승용/승합/트럭 등등),N,2,,,,,2000,
e_e003419,1,통행료,0,자가용(승용/승합/트럭 등등),N,2,,,,,6600,
e_e003419,4,교통비,0,택시,N,2,,,,,11500,
e_e003431,12,교통비,0,시외/고속버스,N,2,,,,,60000,
e_e003431,4,교통비,0,택시,N,2,,,,,10200,
e_e003434,1,주유비,0,자가용(승용/승합/트럭 등등),N,4,,,,,10000,
e_e003435,1,주유비,0,자가용(승용/승합/트럭 등등),N,2,,,,,10000,
e_e003435,1,통행료,0,자가용(승용/승합/트럭 등등),N,2,,,,,4500,
e_e003438,5,교통비,0,지하철,N,2,,,,,1650,
e_e003439,1,주유비,0,자가용(승용/승합/트럭 등등),N,2,,,,,30000,
e_e003439,7,교통비,0,KTX/SRT(고속열차),N,2,,,,,32200,
e_e003440,1,주유비,0,자가용(승용/승합/트럭 등등),N,3,,,,,75000,
e_e003440,1,통행료,0,자가용(승용/승합/트럭 등등),N,3,,,,,40000,
e_e003442,1,주유비,0,자가용(승용/승합/트럭 등등),N,2,,,,,20000,
e_e003449,1,주유비,0,자가용(승용/승합/트럭 등등),N,2,,,,,30000,
e_e003449,1,주차비,0,자가용(승용/승합/트럭 등등),N,2,,,,,2000,
e_e003449,1,통행료,0,자가용(승용/승합/트럭 등등),N,2,,,,,4600,
e_e003463,1,주유비,0,자가용(승용/승합/트럭 등등),N,2,,,,,27304,
e_e003463,1,통행료,0,자가용(승용/승합/트럭 등등),N,2,,,,,10900,
e_e003465,4,교통비,0,택시,N,2,,,,,17600,
e_e003465,50,교통비,0,버스 + 지하철,N,2,,,,,64850,
e_e003467,1,주차비,0,자가용(승용/승합/트럭 등등),N,2,,,,,2000,
e_e003468,1,통행료,0,자가용(승용/승합/트럭 등등),N,2,,,,,3000,
e_e003469,5,교통비,0,지하철,N,2,,,,,5000,
e_e003470,4,교통비,0,택시,N,2,,,,,40000,
e_e003470,5,교통비,0,지하철,N,2,,,,,1250,
e_e003471,1,주유비,0,자가용(승용/승합/트럭 등등),N,2,,,,,43000,
e_e003471,1,주차비,0,자가용(승용/승합/트럭 등등),N,2,,,,,3000,
e_e003471,1,통행료,0,자가용(승용/승합/트럭 등등),N,2,,,,,7400,
e_e003472,1,주유비,0,자가용(승용/승합/트럭 등등),N,2,,,,,50000,
e_e003475,1,주유비,0,자가용(승용/승합/트럭 등등),N,3,,,,,30000,
e_e003475,1,주차비,0,자가용(승용/승합/트럭 등등),N,3,,,,,3000,
e_e003477,50,교통비,0,버스 + 지하철,N,2,,,,,10000,
e_e003482,1,주유비,0,자가용(승용/승합/트럭 등등),N,2,,,,,39104,
e_e003482,1,주차비,0,자가용(승용/승합/트럭 등등),N,2,,,,,2300,
e_e003482,1,통행료,0,자가용(승용/승합/트럭 등등),N,2,,,,,7700,
e_e003483,5,교통비,0,지하철,N,2,,,,,3900,
e_e003485,1,주차비,0,자가용(승용/승합/트럭 등등),N,4,,,,,2500,
e_e003486,2,렌탈비,0,렌터카(승용/승합/버스 등등),N,3,,,,,127260,
e_e003486,2,통행료,0,렌터카(승용/승합/버스 등등),N,3,,,,,4800,
e_e003502,1,주유비,0,자가용(승용/승합/트럭 등등),N,3,,,,,40000,
e_e003502,1,통행료,0,자가용(승용/승합/트럭 등등),N,3,,,,,3000,
e_e003506,1,주유비,0,자가용(승용/승합/트럭 등등),N,5,,,,,50000,
e_e003506,13,교통비,0,시내/마을버스,N,5,,,,,3750,
e_e003506,4,교통비,0,택시,N,5,,,,,12500,
e_e003514,4,교통비,0,택시,N,2,,,,,29100,
e_e003514,5,교통비,0,지하철,N,2,,,,,1850,
e_e003515,1,주유비,0,자가용(승용/승합/트럭 등등),N,1,,,,,10000,
e_e003518,50,교통비,0,버스 + 지하철,N,1,,,,,10000,
e_e003520,1,주유비,0,자가용(승용/승합/트럭 등등),N,3,,,,,50000,
e_e003520,1,통행료,0,자가용(승용/승합/트럭 등등),N,3,,,,,1700,
e_e003521,1,주유비,0,자가용(승용/승합/트럭 등등),N,2,,,,,10000,
e_e003527,1,주유비,0,자가용(승용/승합/트럭 등등),N,1,,,,,50000,
e_e003527,1,통행료,0,자가용(승용/승합/트럭 등등),N,1,,,,,3800,
e_e003535,7,교통비,1,KTX/SRT(고속열차),Y,2,3148210024,한국철도공사,2023-06-08 10:57,1,32900,기차표
e_e003535,7,교통비,3,KTX/SRT(고속열차),N,2,3148210024,한국철도공사,2023-06-18 16:33,1,4800,기차표
e_e003540,13,교통비,0,시내/마을버스,N,2,,,,,3900,
e_e003547,5,교통비,0,지하철,N,1,,,,,6300,
e_e003549,1,주유비,0,자가용(승용/승합/트럭 등등),N,3,,,,,40000,
e_e003549,1,주차비,0,자가용(승용/승합/트럭 등등),N,3,,,,,10000,
e_e003549,1,통행료,0,자가용(승용/승합/트럭 등등),N,3,,,,,4400,
e_e003555,1,주유비,0,자가용(승용/승합/트럭 등등),N,4,,,,,30000,
e_e003561,4,교통비,0,택시,N,2,,,,,10000,
e_e003561,50,교통비,0,버스 + 지하철,N,2,,,,,24000,
e_e003564,1,주유비,0,자가용(승용/승합/트럭 등등),N,4,,,,,20000,
e_e003564,1,주차비,0,자가용(승용/승합/트럭 등등),N,4,,,,,5000,
e_e003569,1,주유비,0,자가용(승용/승합/트럭 등등),N,3,,,,,60000,
e_e003570,1,주유비,0,자가용(승용/승합/트럭 등등),N,1,,,,,3,
e_e003570,1,통행료,0,자가용(승용/승합/트럭 등등),N,1,,,,,4800,
e_e003570,7,교통비,1,KTX/SRT(고속열차),Y,1,3058631590,주식회사 에스알,2023-06-21 00:00,1,244000,기차표
e_e003572,50,교통비,0,버스 + 지하철,N,2,,,,,67300,
e_e003574,50,교통비,0,버스 + 지하철,N,1,,,,,7400,
e_e003576,4,교통비,1,택시,N,2,1328100441,개인택시,2023-07-05 14:48,1,13500,택시비
e_e003576,5,교통비,0,지하철,N,2,,,,,7700,
e_e003580,1,주유비,0,자가용(승용/승합/트럭 등등),N,3,,,,,10000,
e_e003580,5,교통비,0,지하철,N,3,,,,,1600,
e_e003582,1,주유비,0,자가용(승용/승합/트럭 등등),N,4,,,,,30000,
e_e003589,1,주유비,0,자가용(승용/승합/트럭 등등),N,6,,,,,30000,
e_e003589,1,통행료,0,자가용(승용/승합/트럭 등등),N,6,,,,,4100,
e_e003591,1,통행료,0,자가용(승용/승합/트럭 등등),N,2,,,,,900,
e_e003591,14,렌탈비,1,자전거,N,2,2068204293,서울시설공단,2023-06-25 13:59,1,2000,일일권(2시간)
e_e003591,5,교통비,0,지하철,N,2,,,,,4000,
e_e003593,50,교통비,0,버스 + 지하철,N,2,,,,,17100,
e_e003596,1,주유비,0,자가용(승용/승합/트럭 등등),N,3,,,,,8000,
e_e003596,1,주차비,0,자가용(승용/승합/트럭 등등),N,3,,,,,4000,
e_e003596,1,통행료,0,자가용(승용/승합/트럭 등등),N,3,,,,,900,
e_e003602,1,통행료,0,자가용(승용/승합/트럭 등등),N,2,,,,,2400,
e_e003603,12,교통비,0,시외/고속버스,N,4,,,,,16800,
e_e003611,5,교통비,0,지하철,N,1,,,,,6000,
e_e003611,7,교통비,0,KTX/SRT(고속열차),N,1,,,,,93600,
e_e003615,5,교통비,0,지하철,N,2,,,,,6800,
e_e003617,1,주유비,0,자가용(승용/승합/트럭 등등),N,2,,,,,9000,
e_e003618,12,교통비,0,시외/고속버스,N,2,,,,,6000,
e_e003618,4,교통비,1,택시,N,2,7942801113,인천개인택시,2023-06-24 23:49,1,6900,택시비
e_e003620,1,주유비,0,자가용(승용/승합/트럭 등등),N,2,,,,,30000,
e_e003620,1,주차비,0,자가용(승용/승합/트럭 등등),N,2,,,,,4000,
e_e003620,5,교통비,0,지하철,N,2,,,,,3750,
e_e003627,1,통행료,0,자가용(승용/승합/트럭 등등),N,3,,,,,2000,
e_e003628,1,주차비,0,자가용(승용/승합/트럭 등등),N,2,,,,,2000,
e_e003628,5,교통비,0,지하철,N,2,,,,,5000,
e_e003630,5,교통비,0,지하철,N,2,,,,,5700,
e_e003632,1,주유비,0,자가용(승용/승합/트럭 등등),N,2,,,,,60000,
e_e003632,1,통행료,0,자가용(승용/승합/트럭 등등),N,2,,,,,16400,
e_e003638,1,주유비,0,자가용(승용/승합/트럭 등등),N,2,,,,,10000,
e_e003640,50,교통비,0,버스 + 지하철,N,2,,,,,13200,
e_e003640,7,교통비,0,KTX/SRT(고속열차),N,2,,,,,120700,
e_e003643,50,교통비,0,버스 + 지하철,N,1,,,,,24650,
e_e003646,1,통행료,0,자가용(승용/승합/트럭 등등),N,2,,,,,4400,
e_e003648,1,주유비,0,자가용(승용/승합/트럭 등등),N,1,,,,,60000,
e_e003648,1,통행료,0,자가용(승용/승합/트럭 등등),N,1,,,,,20000,
e_e003657,5,교통비,0,지하철,N,1,,,,,3300,
e_e003663,1,주유비,0,자가용(승용/승합/트럭 등등),N,3,,,,,58000,
e_e003663,1,통행료,0,자가용(승용/승합/트럭 등등),N,3,,,,,22100,
e_e003669,5,교통비,0,지하철,N,1,,,,,5000,
e_e003669,7,교통비,1,KTX/SRT(고속열차),Y,1,3148210024,한국철도공사,2023-06-20 18:48,3,43500,기차표
e_e003669,7,교통비,2,KTX/SRT(고속열차),N,1,3148210024,한국철도공사,2023-06-22 14:48,3,43500,기차표
e_e003673,2,렌탈비,1,렌터카(승용/승합/버스 등등),Y,2,6168190529,주식회사 쏘카,2023-07-05 20:14,3,148460,렌트비
e_e003673,2,렌탈비,2,렌터카(승용/승합/버스 등등),N,2,6168190529,주식회사 쏘카,2023-07-09 19:54,3,33950,렌트비 
e_e003673,2,주차비,0,렌터카(승용/승합/버스 등등),N,2,,,,,1000,
e_e003679,4,교통비,1,택시,N,3,6750501152,개인택시,2023-07-01 21:44,3,8000,택시비
e_e003679,50,교통비,0,버스 + 지하철,N,3,,,,,12000,
e_e003682,5,교통비,0,지하철,N,2,,,,,6000,
e_e003684,5,교통비,0,지하철,N,2,,,,,8000,
e_e003686,12,교통비,0,시외/고속버스,N,1,,,,,5900,
e_e003693,1,주유비,0,자가용(승용/승합/트럭 등등),N,2,,,,,20000,
e_e003693,1,주차비,0,자가용(승용/승합/트럭 등등),N,2,,,,,15000,
e_e003693,1,통행료,0,자가용(승용/승합/트럭 등등),N,2,,,,,7200,
e_e003698,1,통행료,0,자가용(승용/승합/트럭 등등),N,1,,,,,1000,
e_e003699,2,렌탈비,0,렌터카(승용/승합/버스 등등),N,2,,,,,25540,
e_e003699,2,주유비,0,렌터카(승용/승합/버스 등등),N,2,,,,,13000,
e_e003699,2,통행료,0,렌터카(승용/승합/버스 등등),N,2,,,,,2500,
e_e003700,14,렌탈비,0,자전거,N,1,,,,,1000,
e_e003701,4,교통비,1,택시,N,2,,,2023-06-27 12:14,1,7500,택시비
e_e003701,5,교통비,0,지하철,N,2,,,,,6000,
e_e003707,50,교통비,0,버스 + 지하철,N,2,,,,,99600,
e_e003716,50,교통비,0,버스 + 지하철,N,2,,,,,12000,
e_e003717,1,통행료,0,자가용(승용/승합/트럭 등등),N,4,,,,,10000,
e_e003721,1,주유비,0,자가용(승용/승합/트럭 등등),N,6,,,,,49000,
e_e003721,1,통행료,0,자가용(승용/승합/트럭 등등),N,4,,,,,7000,
e_e003724,1,주유비,0,자가용(승용/승합/트럭 등등),N,2,,,,,40000,
e_e003724,1,통행료,0,자가용(승용/승합/트럭 등등),N,2,,,,,2500,
e_e003725,1,주유비,0,자가용(승용/승합/트럭 등등),N,1,,,,,50000,
e_e003725,1,통행료,0,자가용(승용/승합/트럭 등등),N,1,,,,,4800,
e_e003726,1,주유비,0,자가용(승용/승합/트럭 등등),N,4,,,,,20000,
e_e003727,1,주유비,0,자가용(승용/승합/트럭 등등),N,1,,,,,30000,
e_e003727,1,주차비,0,자가용(승용/승합/트럭 등등),N,1,,,,,5000,
e_e003729,5,교통비,0,지하철,N,1,,,,,3500,
e_e003737,1,통행료,0,자가용(승용/승합/트럭 등등),N,2,,,,,10600,
e_e003741,5,교통비,0,지하철,N,2,,,,,3500,
e_e003744,7,교통비,0,KTX/SRT(고속열차),N,1,,,,,7400,
e_e003749,1,주유비,0,자가용(승용/승합/트럭 등등),N,2,,,,,67000,
e_e003749,1,통행료,0,자가용(승용/승합/트럭 등등),N,2,,,,,8200,
e_e003758,5,교통비,0,지하철,N,3,,,,,6500,
e_e003761,1,주유비,0,자가용(승용/승합/트럭 등등),N,2,,,,,21773,
e_e003761,1,통행료,0,자가용(승용/승합/트럭 등등),N,2,,,,,20100,
e_e003765,1,주유비,0,자가용(승용/승합/트럭 등등),N,2,,,,,40000,
e_e003765,1,주차비,0,자가용(승용/승합/트럭 등등),N,2,,,,,5000,
e_e003767,1,주유비,0,자가용(승용/승합/트럭 등등),N,2,,,,,18000,
e_e003767,1,주차비,0,자가용(승용/승합/트럭 등등),N,2,,,,,4200,
e_e003767,1,통행료,0,자가용(승용/승합/트럭 등등),N,2,,,,,6800,
e_e003773,1,주유비,0,자가용(승용/승합/트럭 등등),N,2,,,,,40000,
e_e003773,1,통행료,0,자가용(승용/승합/트럭 등등),N,2,,,,,3600,
e_e003775,4,교통비,0,택시,N,2,,,,,8700,
e_e003775,5,교통비,0,지하철,N,2,,,,,8000,
e_e003777,11,교통비,0,관광버스,N,2,,,,,88000,
e_e003777,7,교통비,0,KTX/SRT(고속열차),N,2,,,,,100000,
e_e003781,2,렌탈비,1,렌터카(승용/승합/버스 등등),Y,2,,,2023-07-02 00:00,1,39770,렌트비
e_e003781,5,교통비,0,지하철,N,2,,,,,6000,
e_e003783,4,교통비,1,택시,N,2,,,2023-06-25 17:23,1,4800,택시비
e_e003783,4,교통비,2,택시,N,2,,,2023-06-25 15:49,1,6100,택시비 
e_e003783,50,교통비,0,버스 + 지하철,N,2,,,,,10700,
e_e003791,50,교통비,0,버스 + 지하철,N,2,,,,,13200,
e_e003792,1,주유비,0,자가용(승용/승합/트럭 등등),N,6,,,,,50000,
e_e003792,1,주차비,0,자가용(승용/승합/트럭 등등),N,6,,,,,5000,
e_e003792,1,통행료,0,자가용(승용/승합/트럭 등등),N,6,,,,,15000,
e_e003795,50,교통비,0,버스 + 지하철,N,2,,,,,12000,
e_e003797,4,교통비,1,택시,N,2,1288100796,(주)동일운수,2023-07-07 21:11,1,7400,택시비
e_e003797,4,교통비,2,택시,N,2,1048183559,주식회사 티머니,2023-07-08 10:52,1,11900,택시비
e_e003797,50,교통비,0,버스 + 지하철,N,2,,,,,11600,
e_e003799,1,주유비,0,자가용(승용/승합/트럭 등등),N,1,,,,,2000,
e_e003803,1,주차비,0,자가용(승용/승합/트럭 등등),N,4,,,,,10000,
e_e003807,1,주유비,0,자가용(승용/승합/트럭 등등),N,2,,,,,15000,
e_e003807,1,통행료,0,자가용(승용/승합/트럭 등등),N,2,,,,,2000,
e_e003808,50,교통비,0,버스 + 지하철,N,2,,,,,18000,
e_e003808,9,교통비,1,항공기,Y,2,1218189086,(주)진에어,2023-06-03 15:40,1,74600,비행기표 
e_e003809,1,주차비,0,자가용(승용/승합/트럭 등등),N,2,,,,,4000,
e_e003810,1,주차비,0,자가용(승용/승합/트럭 등등),N,2,,,,,8500,
e_e003817,1,주유비,0,자가용(승용/승합/트럭 등등),N,1,,,,,50000,
e_e003817,1,통행료,0,자가용(승용/승합/트럭 등등),N,1,,,,,1400,
e_e003819,16,교통비,0,기타,N,2,,,,,2600,
e_e003819,50,교통비,0,버스 + 지하철,N,2,,,,,7350,
e_e003819,7,교통비,1,KTX/SRT(고속열차),Y,2,3058631590,주식회사 에스알,2023-06-05 00:00,1,36900,기차표
e_e003821,1,주유비,0,자가용(승용/승합/트럭 등등),N,2,,,,,50000,
e_e003821,1,주차비,0,자가용(승용/승합/트럭 등등),N,2,,,,,10000,
e_e003821,4,교통비,1,택시,N,2,5038106161,신우운수(주),2023-06-27 05:53,1,11400,택시비
e_e003821,4,교통비,2,택시,N,2,5028601931,디지비유페이택시,2023-06-28 07:22,1,12700,택시비
e_e003821,7,교통비,1,KTX/SRT(고속열차),N,2,3148210024,한국철도공사,2023-06-28 00:00,1,0,기차표
e_e003821,7,교통비,2,KTX/SRT(고속열차),N,2,3148210024,한국철도공사 ,2023-06-27 00:00,1,0,기차표
e_e003826,1,주유비,0,자가용(승용/승합/트럭 등등),N,4,,,,,12000,
e_e003826,1,주차비,0,자가용(승용/승합/트럭 등등),N,4,,,,,2500,
e_e003830,1,주유비,0,자가용(승용/승합/트럭 등등),N,2,,,,,50000,
e_e003833,50,교통비,0,버스 + 지하철,N,2,,,,,15000,
e_e003833,8,교통비,1,새마을/무궁화열차,N,2,3148210024,한국철도공사,2023-07-01 03:44,1,4700,기차표
e_e003834,8,교통비,1,새마을/무궁화열차,N,1,3148210024,한국철도공사,2023-06-23 00:00,1,4900,기차표 
e_e003834,8,교통비,2,새마을/무궁화열차,Y,1,3148210024,한국철도공사,2023-06-19 00:00,1,4900,기차표
e_e003840,1,주유비,0,자가용(승용/승합/트럭 등등),N,1,,,,,2500,
e_e003842,1,주차비,0,자가용(승용/승합/트럭 등등),N,2,,,,,1500,
e_e003843,50,교통비,0,버스 + 지하철,N,5,,,,,10000,
e_e003844,1,주차비,0,자가용(승용/승합/트럭 등등),N,4,,,,,3000,
e_e003844,1,통행료,0,자가용(승용/승합/트럭 등등),N,4,,,,,8000,
e_e003845,13,교통비,0,시내/마을버스,N,2,,,,,2800,
e_e003845,4,교통비,0,택시,N,2,,,,,97000,
e_e003848,50,교통비,0,버스 + 지하철,N,2,,,,,11200,
e_e003850,1,주유비,0,자가용(승용/승합/트럭 등등),N,2,,,,,20000,
e_e003853,5,교통비,0,지하철,N,3,,,,,6000,
e_e003855,2,렌탈비,0,렌터카(승용/승합/버스 등등),N,1,,,,,20,
e_e003855,50,교통비,0,버스 + 지하철,N,1,,,,,26000,
e_e003856,50,교통비,0,버스 + 지하철,N,2,,,,,14600,
e_e003857,1,주유비,0,자가용(승용/승합/트럭 등등),N,3,,,,,60000,
e_e003857,1,통행료,0,자가용(승용/승합/트럭 등등),N,3,,,,,10000,
e_e003858,12,교통비,0,시외/고속버스,N,1,,,,,14000,
e_e003867,1,주유비,0,자가용(승용/승합/트럭 등등),N,2,,,,,50000,
e_e003867,12,교통비,0,시외/고속버스,N,2,,,,,6350,
e_e003868,1,통행료,0,자가용(승용/승합/트럭 등등),N,4,,,,,3000,
e_e003870,1,주유비,0,자가용(승용/승합/트럭 등등),N,6,,,,,50000,
e_e003870,1,통행료,0,자가용(승용/승합/트럭 등등),N,6,,,,,3000,
e_e003882,5,교통비,0,지하철,N,1,,,,,9000,
e_e003885,4,교통비,0,택시,N,2,,,,,10500,
e_e003885,50,교통비,0,버스 + 지하철,N,2,,,,,11000,
e_e003886,1,주유비,0,자가용(승용/승합/트럭 등등),N,4,,,,,30000,
e_e003886,1,통행료,0,자가용(승용/승합/트럭 등등),N,4,,,,,8100,
e_e003887,13,교통비,0,시내/마을버스,N,2,,,,,8600,
e_e003891,1,주유비,0,자가용(승용/승합/트럭 등등),N,4,,,,,30000,
e_e003891,1,통행료,0,자가용(승용/승합/트럭 등등),N,4,,,,,6800,
e_e003892,13,교통비,0,시내/마을버스,N,2,,,,,17400,
e_e003892,4,교통비,0,택시,N,2,,,,,34300,
e_e003892,50,교통비,0,버스 + 지하철,N,2,,,,,7250,
e_e003892,7,교통비,0,KTX/SRT(고속열차),N,2,,,,,53000,
e_e003894,5,교통비,0,지하철,N,1,,,,,3800,
e_e003896,1,주유비,0,자가용(승용/승합/트럭 등등),N,3,,,,,89490,
e_e003896,1,통행료,0,자가용(승용/승합/트럭 등등),N,3,,,,,3700,
e_e003898,1,주유비,0,자가용(승용/승합/트럭 등등),N,2,,,,,50000,
e_e003898,1,통행료,0,자가용(승용/승합/트럭 등등),N,2,,,,,6400,
e_e003900,4,교통비,0,택시,N,2,,,,,5800,
e_e003900,5,교통비,0,지하철,N,2,,,,,5000,
e_e003900,8,교통비,0,새마을/무궁화열차,N,2,,,,,14800,
e_e003906,13,교통비,0,시내/마을버스,N,2,,,,,15600,
e_e003909,1,주유비,0,자가용(승용/승합/트럭 등등),N,3,,,,,30000,
e_e003909,1,주차비,0,자가용(승용/승합/트럭 등등),N,3,,,,,1200,
e_e003915,1,통행료,0,자가용(승용/승합/트럭 등등),N,2,,,,,2200,
e_e003928,1,주유비,0,자가용(승용/승합/트럭 등등),N,2,,,,,40000,
e_e003929,1,주유비,0,자가용(승용/승합/트럭 등등),N,1,,,,,66000,
e_e003933,1,주유비,0,자가용(승용/승합/트럭 등등),N,2,,,,,20000,
e_e003933,1,주차비,0,자가용(승용/승합/트럭 등등),N,2,,,,,1500,
e_e003933,1,통행료,0,자가용(승용/승합/트럭 등등),N,2,,,,,7600,
e_e003935,4,교통비,0,택시,N,4,,,,,30000,
e_e003935,50,교통비,0,버스 + 지하철,N,4,,,,,18200,
e_e003937,12,교통비,0,시외/고속버스,N,4,,,,,23200,
e_e003945,50,교통비,0,버스 + 지하철,N,2,,,,,12500,
e_e003949,5,교통비,0,지하철,N,1,,,,,6200,
e_e003958,13,교통비,0,시내/마을버스,N,2,,,,,4800,
e_e003963,1,주유비,0,자가용(승용/승합/트럭 등등),N,2,,,,,20000,
e_e003965,1,통행료,0,자가용(승용/승합/트럭 등등),N,1,,,,,1800,
e_e003967,1,주유비,0,자가용(승용/승합/트럭 등등),N,1,,,,,18000,
e_e003968,4,교통비,1,택시,N,2,1243558760,개인택시,2023-07-07 20:43,1,6900,택시비
e_e003968,50,교통비,0,버스 + 지하철,N,2,,,,,16000,
e_e003971,50,교통비,0,버스 + 지하철,N,2,,,,,16000,
e_e003975,1,주유비,0,자가용(승용/승합/트럭 등등),N,4,,,,,50000,
e_e003976,1,주유비,0,자가용(승용/승합/트럭 등등),N,1,,,,,30000,
e_e003976,1,통행료,0,자가용(승용/승합/트럭 등등),N,1,,,,,8800,
e_e003978,1,주유비,0,자가용(승용/승합/트럭 등등),N,3,,,,,10000,
e_e003980,1,주유비,0,자가용(승용/승합/트럭 등등),N,2,,,,,25000,
e_e003980,1,통행료,0,자가용(승용/승합/트럭 등등),N,2,,,,,15000,
e_e003992,1,주유비,0,자가용(승용/승합/트럭 등등),N,1,,,,,20000,
e_e003992,1,주차비,0,자가용(승용/승합/트럭 등등),N,1,,,,,2000,
e_e003996,50,교통비,0,버스 + 지하철,N,2,,,,,12000,
e_e003997,5,교통비,0,지하철,N,2,,,,,4300,
e_e003999,1,주유비,0,자가용(승용/승합/트럭 등등),N,2,,,,,15000,
e_e003999,1,통행료,0,자가용(승용/승합/트럭 등등),N,2,,,,,2000,
e_e004005,1,주차비,0,자가용(승용/승합/트럭 등등),N,2,,,,,13000,
e_e004005,13,교통비,0,시내/마을버스,N,2,,,,,5000,
e_e004005,8,교통비,0,새마을/무궁화열차,N,2,,,,,57200,
e_e004010,1,주유비,0,자가용(승용/승합/트럭 등등),N,2,,,,,30000,
e_e004013,13,교통비,0,시내/마을버스,N,2,,,,,10800,
e_e004017,1,통행료,0,자가용(승용/승합/트럭 등등),N,2,,,,,3300,
e_e004020,1,주유비,0,자가용(승용/승합/트럭 등등),N,3,,,,,13985,
e_e004020,1,주차비,0,자가용(승용/승합/트럭 등등),N,3,,,,,2000,
e_e004027,1,주유비,0,자가용(승용/승합/트럭 등등),N,3,,,,,20000,
e_e004027,1,통행료,0,자가용(승용/승합/트럭 등등),N,3,,,,,800,
e_e004033,5,교통비,0,지하철,N,1,,,,,6000,
e_e004037,5,교통비,0,지하철,N,1,,,,,6850,
e_e004037,7,교통비,1,KTX/SRT(고속열차),Y,1,3148210024,한국철도공사	,2023-06-23 20:32,1,43100,기차표
e_e004037,7,교통비,2,KTX/SRT(고속열차),N,1,3148210024,한국철도공사,2023-06-27 17:03,1,43500,기차표
e_e004042,5,교통비,0,지하철,N,1,,,,,4200,
e_e004044,5,교통비,0,지하철,N,1,,,,,6600,
e_e004048,1,주유비,0,자가용(승용/승합/트럭 등등),N,4,,,,,50000,
e_e004048,1,주차비,0,자가용(승용/승합/트럭 등등),N,4,,,,,3000,
e_e004048,1,통행료,0,자가용(승용/승합/트럭 등등),N,4,,,,,2100,
e_e004050,1,주유비,0,자가용(승용/승합/트럭 등등),N,4,,,,,50000,
e_e004051,13,교통비,0,시내/마을버스,N,3,,,,,10000,
e_e004053,5,교통비,0,지하철,N,1,,,,,2550,
e_e004057,1,주유비,0,자가용(승용/승합/트럭 등등),N,4,,,,,40000,
e_e004057,1,통행료,0,자가용(승용/승합/트럭 등등),N,4,,,,,3800,
e_e004058,5,교통비,0,지하철,N,1,,,,,6200,
e_e004062,50,교통비,0,버스 + 지하철,N,1,,,,,10000,
e_e004062,7,교통비,0,KTX/SRT(고속열차),N,1,,,,,15000,
e_e004066,50,교통비,0,버스 + 지하철,N,1,,,,,9000,
e_e004066,7,교통비,1,KTX/SRT(고속열차),N,1,3148210024,한국철도공사,2023-07-02 22:30,1,37000,기차표 
e_e004066,7,교통비,2,KTX/SRT(고속열차),Y,1,3148210024,한국철도공사,2023-06-28 00:00,1,30400,기차표
e_e004071,50,교통비,0,버스 + 지하철,N,2,,,,,10800,
e_e004072,1,주유비,0,자가용(승용/승합/트럭 등등),N,2,,,,,30000,
e_e004072,1,통행료,0,자가용(승용/승합/트럭 등등),N,2,,,,,4700,
e_e004073,1,주유비,0,자가용(승용/승합/트럭 등등),N,2,,,,,40000,
e_e004073,1,주차비,0,자가용(승용/승합/트럭 등등),N,2,,,,,4000,
e_e004073,1,통행료,0,자가용(승용/승합/트럭 등등),N,2,,,,,4400,
e_e004074,13,교통비,0,시내/마을버스,N,1,,,,,2400,
e_e004084,4,교통비,0,택시,N,2,,,,,5200,
e_e004084,5,교통비,0,지하철,N,2,,,,,5400,
e_e004087,1,주유비,0,자가용(승용/승합/트럭 등등),N,2,,,,,40000,
e_e004087,5,교통비,0,지하철,N,2,,,,,7700,
e_e004100,1,주유비,0,자가용(승용/승합/트럭 등등),N,2,,,,,50000,
e_e004100,1,주차비,0,자가용(승용/승합/트럭 등등),N,2,,,,,10000,
e_e004100,1,통행료,0,자가용(승용/승합/트럭 등등),N,2,,,,,3400,
e_e004100,4,교통비,0,택시,N,2,,,,,6700,
e_e004101,1,주유비,0,자가용(승용/승합/트럭 등등),N,2,,,,,5000,
e_e004101,50,교통비,0,버스 + 지하철,N,2,,,,,29400,
e_e004105,1,주유비,0,자가용(승용/승합/트럭 등등),N,2,,,,,37000,
e_e004105,1,통행료,0,자가용(승용/승합/트럭 등등),N,2,,,,,3200,
e_e004105,13,교통비,0,시내/마을버스,N,2,,,,,6000,
e_e004114,1,통행료,0,자가용(승용/승합/트럭 등등),N,2,,,,,2500,
e_e004116,12,교통비,0,시외/고속버스,N,1,,,,,5200,
e_e004122,1,주유비,0,자가용(승용/승합/트럭 등등),N,4,,,,,60000,
e_e004132,1,주유비,0,자가용(승용/승합/트럭 등등),N,2,,,,,25000,
e_e004135,1,주유비,0,자가용(승용/승합/트럭 등등),N,1,,,,,30000,
e_e004135,1,통행료,0,자가용(승용/승합/트럭 등등),N,1,,,,,1100,
e_e004141,1,주유비,0,자가용(승용/승합/트럭 등등),N,2,,,,,60000,
e_e004141,1,주차비,0,자가용(승용/승합/트럭 등등),N,2,,,,,13000,
e_e004141,1,통행료,0,자가용(승용/승합/트럭 등등),N,2,,,,,18000,
e_e004142,1,주유비,0,자가용(승용/승합/트럭 등등),N,3,,,,,25459,
e_e004142,1,통행료,0,자가용(승용/승합/트럭 등등),N,3,,,,,9600,
e_e004146,50,교통비,0,버스 + 지하철,N,2,,,,,12000,
e_e004148,50,교통비,0,버스 + 지하철,N,1,,,,,18000,
e_e004149,5,교통비,0,지하철,N,2,,,,,8700,
e_e004151,4,교통비,0,택시,N,1,,,,,6500,
e_e004151,5,교통비,0,지하철,N,1,,,,,4400,
e_e004154,1,주유비,0,자가용(승용/승합/트럭 등등),N,2,,,,,14651,
e_e004154,1,통행료,0,자가용(승용/승합/트럭 등등),N,2,,,,,4200,
e_e004162,50,교통비,0,버스 + 지하철,N,1,,,,,27650,
e_e004165,5,교통비,0,지하철,N,3,,,,,9650,
e_e004166,1,통행료,0,자가용(승용/승합/트럭 등등),N,1,,,,,4200,
e_e004166,13,교통비,0,시내/마을버스,N,1,,,,,2900,
e_e004168,1,주차비,0,자가용(승용/승합/트럭 등등),N,2,,,,,8000,
e_e004168,5,교통비,0,지하철,N,2,,,,,6200,
e_e004172,1,주유비,0,자가용(승용/승합/트럭 등등),N,4,,,,,15000,
e_e004172,1,주차비,0,자가용(승용/승합/트럭 등등),N,4,,,,,7000,
e_e004172,4,교통비,0,택시,N,4,,,,,27000,
e_e004172,5,교통비,0,지하철,N,4,,,,,3700,
e_e004172,7,교통비,0,KTX/SRT(고속열차),N,4,,,,,112800,
e_e004173,1,주유비,0,자가용(승용/승합/트럭 등등),N,2,,,,,70000,
e_e004174,4,교통비,0,택시,N,2,,,,,65700,
e_e004174,50,교통비,0,버스 + 지하철,N,2,,,,,13800,
e_e004187,12,교통비,0,시외/고속버스,N,2,,,,,15000,
e_e004190,1,주유비,0,자가용(승용/승합/트럭 등등),N,3,,,,,30000,
e_e004190,1,통행료,0,자가용(승용/승합/트럭 등등),N,3,,,,,6000,
e_e004194,1,주유비,0,자가용(승용/승합/트럭 등등),N,1,,,,,5000,
e_e004195,1,통행료,0,자가용(승용/승합/트럭 등등),N,3,,,,,10500,
e_e004205,5,교통비,0,지하철,N,1,,,,,4300,
e_e004214,5,교통비,0,지하철,N,4,,,,,2900,
e_e004219,50,교통비,0,버스 + 지하철,N,1,,,,,30000,
e_e004219,7,교통비,1,KTX/SRT(고속열차),N,1,3148210024,한국철도공사,2023-07-01 00:00,1,0,기차표 
e_e004219,7,교통비,2,KTX/SRT(고속열차),Y,1,3148210024,한국철도공사,2023-06-29 20:26,3,0,기차표
e_e004222,1,주유비,0,자가용(승용/승합/트럭 등등),N,2,,,,,20000,
e_e004222,1,주차비,0,자가용(승용/승합/트럭 등등),N,2,,,,,16800,
e_e004222,1,통행료,0,자가용(승용/승합/트럭 등등),N,2,,,,,5000,
e_e004225,5,교통비,0,지하철,N,7,,,,,6400,
e_e004228,1,주유비,0,자가용(승용/승합/트럭 등등),N,2,,,,,50000,
e_e004228,1,주차비,0,자가용(승용/승합/트럭 등등),N,2,,,,,10000,
e_e004228,1,통행료,0,자가용(승용/승합/트럭 등등),N,2,,,,,4000,
e_e004230,1,주유비,0,자가용(승용/승합/트럭 등등),N,5,,,,,110000,
e_e004230,1,주차비,0,자가용(승용/승합/트럭 등등),N,5,,,,,8000,
e_e004234,1,주유비,0,자가용(승용/승합/트럭 등등),N,2,,,,,25000,
e_e004234,1,주차비,0,자가용(승용/승합/트럭 등등),N,2,,,,,5200,
e_e004234,1,통행료,0,자가용(승용/승합/트럭 등등),N,2,,,,,1100,
e_e004237,1,주유비,0,자가용(승용/승합/트럭 등등),N,3,,,,,10000,
e_e004237,1,통행료,0,자가용(승용/승합/트럭 등등),N,3,,,,,1200,
e_e004238,1,주유비,0,자가용(승용/승합/트럭 등등),N,3,,,,,40000,
e_e004238,1,통행료,0,자가용(승용/승합/트럭 등등),N,3,,,,,9700,
e_e004240,1,주유비,0,자가용(승용/승합/트럭 등등),N,2,,,,,50000,
e_e004241,1,주유비,0,자가용(승용/승합/트럭 등등),N,1,,,,,30000,
e_e004241,1,통행료,0,자가용(승용/승합/트럭 등등),N,1,,,,,3600,
e_e004243,4,교통비,1,택시,N,3,2108164497,동진흥업(주),2023-07-02 00:28,1,12300,택시비 
e_e004243,50,교통비,0,버스 + 지하철,N,3,,,,,49350,
e_e004245,50,교통비,0,버스 + 지하철,N,2,,,,,7950,
e_e004247,4,교통비,1,택시,N,2,1050930777,개인택시,2023-07-03 16:28,1,5200,택시비 
e_e004247,4,교통비,2,택시,N,2,5045200777,개인택시,2023-07-03 01:49,1,17200,택시비 
e_e004247,4,교통비,3,택시,N,2,2078103117,서영산업(주),2023-07-02 23:41,1,18900,택시비 
e_e004247,50,교통비,0,버스 + 지하철,N,2,,,,,13400,
e_e004254,4,교통비,1,택시,N,2,1048183559,주식회사 티머니,2023-07-02 00:38,1,23500,택시비
e_e004254,5,교통비,0,지하철,N,2,,,,,5800,
e_e004256,1,주유비,0,자가용(승용/승합/트럭 등등),N,4,,,,,40000,
e_e004256,1,통행료,0,자가용(승용/승합/트럭 등등),N,4,,,,,18500,
e_e004256,5,교통비,0,지하철,N,4,,,,,3100,
e_e004268,5,교통비,0,지하철,N,2,,,,,5050,
e_e004281,4,교통비,0,택시,N,2,,,,,5900,
e_e004281,5,교통비,0,지하철,N,2,,,,,7500,
e_e004288,50,교통비,0,버스 + 지하철,N,1,,,,,8300,
e_e004291,1,주유비,0,자가용(승용/승합/트럭 등등),N,2,,,,,50000,
e_e004291,1,통행료,0,자가용(승용/승합/트럭 등등),N,2,,,,,4200,
e_e004295,12,교통비,0,시외/고속버스,N,1,,,,,8000,
e_e004300,1,주유비,0,자가용(승용/승합/트럭 등등),N,2,,,,,50000,
e_e004300,1,통행료,0,자가용(승용/승합/트럭 등등),N,2,,,,,5800,
e_e004304,50,교통비,0,버스 + 지하철,N,2,,,,,7000,
e_e004309,5,교통비,0,지하철,N,3,,,,,7500,
e_e004313,1,주유비,0,자가용(승용/승합/트럭 등등),N,1,,,,,50000,
e_e004313,1,통행료,0,자가용(승용/승합/트럭 등등),N,1,,,,,5400,
e_e004315,12,교통비,0,시외/고속버스,N,2,,,,,29800,
e_e004315,16,교통비,0,기타,N,2,,,,,2243,
e_e004317,1,통행료,0,자가용(승용/승합/트럭 등등),N,2,,,,,10000,
e_e004333,1,주유비,0,자가용(승용/승합/트럭 등등),N,2,,,,,20000,
e_e004333,1,통행료,0,자가용(승용/승합/트럭 등등),N,2,,,,,7000,
e_e004334,4,교통비,0,택시,N,1,,,,,15000,
e_e004334,5,교통비,0,지하철,N,1,,,,,6000,
e_e004334,7,교통비,0,KTX/SRT(고속열차),N,1,,,,,28200,
e_e004336,12,교통비,0,시외/고속버스,N,1,,,,,7200,
e_e004338,5,교통비,0,지하철,N,2,,,,,8100,
e_e004340,1,주차비,0,자가용(승용/승합/트럭 등등),N,2,,,,,1200,
e_e004341,50,교통비,0,버스 + 지하철,N,2,,,,,12000,
e_e004342,4,교통비,1,택시,N,1,1308123303,(자)달성운수,2023-07-03 15:12,1,8400,택시비
e_e004342,4,교통비,2,택시,N,1,1891402119,개인택시,2023-07-04 12:24,1,8500,택시비
e_e004342,50,교통비,0,버스 + 지하철,N,1,,,,,12000,
e_e004344,4,교통비,1,택시,N,1,1244625775,,2023-07-02 17:18,1,8300,택시비
e_e004344,4,교통비,2,택시,N,1,1244200951,개인택시,2023-07-02 15:19,1,7900,택시비
e_e004344,4,교통비,3,택시,N,1,4771001794,개인택시,2023-07-01 21:47,1,13400,택시비
e_e004344,4,교통비,4,택시,N,1,1553201275,개인택시,2023-07-01 14:11,1,5600,택시비 
e_e004344,5,교통비,0,지하철,N,1,,,,,6500,
e_e004349,4,교통비,0,택시,N,2,,,,,11000,
e_e004349,50,교통비,0,버스 + 지하철,N,2,,,,,20000,
e_e004354,50,교통비,0,버스 + 지하철,N,2,,,,,12000,
e_e004357,1,주유비,0,자가용(승용/승합/트럭 등등),N,2,,,,,16000,
e_e004357,1,주차비,0,자가용(승용/승합/트럭 등등),N,2,,,,,4000,
e_e004357,1,통행료,0,자가용(승용/승합/트럭 등등),N,2,,,,,5000,
e_e004360,5,교통비,0,지하철,N,1,,,,,4000,
e_e004369,4,교통비,0,택시,N,2,,,,,18600,
e_e004369,5,교통비,0,지하철,N,2,,,,,4300,
e_e004371,1,통행료,0,자가용(승용/승합/트럭 등등),N,2,,,,,1700,
e_e004372,1,주차비,0,자가용(승용/승합/트럭 등등),N,2,,,,,8800,
e_e004372,5,교통비,0,지하철,N,2,,,,,1500,
e_e004373,1,주유비,0,자가용(승용/승합/트럭 등등),N,1,,,,,11000,
e_e004373,1,주차비,0,자가용(승용/승합/트럭 등등),N,1,,,,,7440,
e_e004373,1,통행료,0,자가용(승용/승합/트럭 등등),N,1,,,,,8500,
e_e004380,1,주유비,0,자가용(승용/승합/트럭 등등),N,4,,,,,9000,
e_e004380,1,통행료,0,자가용(승용/승합/트럭 등등),N,4,,,,,900,
e_e004381,4,교통비,0,택시,N,1,,,,,21300,
e_e004381,50,교통비,0,버스 + 지하철,N,1,,,,,24300,
e_e004384,5,교통비,0,지하철,N,3,,,,,5000,
e_e004391,50,교통비,0,버스 + 지하철,N,2,,,,,12700,
e_e004392,5,교통비,0,지하철,N,2,,,,,9000,
e_e004393,1,주유비,0,자가용(승용/승합/트럭 등등),N,2,,,,,35600,
e_e004393,4,교통비,0,택시,N,2,,,,,37000,
e_e004395,50,교통비,0,버스 + 지하철,N,2,,,,,12000,
e_e004396,1,주유비,0,자가용(승용/승합/트럭 등등),N,4,,,,,55000,
e_e004396,1,통행료,0,자가용(승용/승합/트럭 등등),N,4,,,,,2800,
e_e004398,12,교통비,0,시외/고속버스,N,2,,,,,30000,
e_e004398,14,렌탈비,0,자전거,N,2,,,,,1000,
e_e004398,50,교통비,0,버스 + 지하철,N,2,,,,,25000,
e_e004402,5,교통비,0,지하철,N,1,,,,,3500,
e_e004409,1,주유비,0,자가용(승용/승합/트럭 등등),N,1,,,,,30000,
e_e004415,2,렌탈비,0,렌터카(승용/승합/버스 등등),N,2,,,,,184730,
e_e004415,2,통행료,0,렌터카(승용/승합/버스 등등),N,2,,,,,1150,
e_e004416,2,렌탈비,0,렌터카(승용/승합/버스 등등),N,3,,,,,104580,
e_e004416,2,주유비,0,렌터카(승용/승합/버스 등등),N,3,,,,,60000,
e_e004422,1,주유비,0,자가용(승용/승합/트럭 등등),N,4,,,,,10000,
e_e004422,1,통행료,0,자가용(승용/승합/트럭 등등),N,4,,,,,1500,
e_e004423,1,주유비,0,자가용(승용/승합/트럭 등등),N,2,,,,,22731,
e_e004432,1,주유비,0,자가용(승용/승합/트럭 등등),N,2,,,,,20000,
e_e004432,1,통행료,0,자가용(승용/승합/트럭 등등),N,2,,,,,3600,
e_e004434,5,교통비,0,지하철,N,2,,,,,9550,
e_e004434,7,교통비,0,KTX/SRT(고속열차),N,2,,,,,40200,
e_e004443,2,렌탈비,1,렌터카(승용/승합/버스 등등),N,2,2208791595,(주)그린카,2023-07-02 19:15,1,41990,렌트비
e_e004443,2,통행료,0,렌터카(승용/승합/버스 등등),N,2,,,,,5600,
e_e004447,5,교통비,0,지하철,N,2,,,,,7000,
e_e004449,1,주유비,0,자가용(승용/승합/트럭 등등),N,5,,,,,41273,
e_e004449,1,통행료,0,자가용(승용/승합/트럭 등등),N,5,,,,,10700,
e_e004451,50,교통비,0,버스 + 지하철,N,1,,,,,26000,
e_e004455,1,주유비,0,자가용(승용/승합/트럭 등등),N,4,,,,,40000,
e_e004455,1,통행료,0,자가용(승용/승합/트럭 등등),N,4,,,,,6000,
e_e004457,5,교통비,0,지하철,N,1,,,,,4500,
e_e004459,5,교통비,0,지하철,N,1,,,,,2700,
e_e004463,50,교통비,0,버스 + 지하철,N,1,,,,,12600,
e_e004464,5,교통비,0,지하철,N,1,,,,,2700,
e_e004464,7,교통비,1,KTX/SRT(고속열차),Y,1,3148210024,한국철도공사,2023-07-16 00:00,3,39500,기차표 
e_e004464,7,교통비,2,KTX/SRT(고속열차),N,1,3058631590,주식회사 에스알,2023-07-18 00:00,1,33500,기차표
e_e004466,2,렌탈비,1,렌터카(승용/승합/버스 등등),N,1,6168190529,(주)쏘카,2023-07-03 13:58,1,35940,렌트비
e_e004466,4,교통비,1,택시,N,1,1048183559,㈜티머니개인택시,2023-07-03 12:45,1,4800,택시비
e_e004466,5,교통비,0,지하철,N,1,,,,,4900,
e_e004466,7,교통비,0,KTX/SRT(고속열차),N,1,,,,,14100,
e_e004466,8,교통비,0,새마을/무궁화열차,N,1,,,,,18800,
e_e004468,1,주유비,0,자가용(승용/승합/트럭 등등),N,2,,,,,20000,
e_e004468,1,주차비,0,자가용(승용/승합/트럭 등등),N,2,,,,,4000,
e_e004468,1,통행료,0,자가용(승용/승합/트럭 등등),N,2,,,,,2400,
e_e004472,5,교통비,0,지하철,N,1,,,,,3800,
e_e004473,14,렌탈비,0,자전거,N,2,,,,,1600,
e_e004473,4,교통비,1,택시,N,2,1298638970,로카모빌리티택시,2023-07-16 18:55,1,5400,택시비 
e_e004473,50,교통비,0,버스 + 지하철,N,2,,,,,28850,
e_e004479,1,주유비,0,자가용(승용/승합/트럭 등등),N,1,,,,,30000,
e_e004479,1,통행료,0,자가용(승용/승합/트럭 등등),N,1,,,,,2200,
e_e004482,1,주유비,0,자가용(승용/승합/트럭 등등),N,4,,,,,20000,
e_e004482,1,주차비,0,자가용(승용/승합/트럭 등등),N,4,,,,,5000,
e_e004482,1,통행료,0,자가용(승용/승합/트럭 등등),N,4,,,,,900,
e_e004485,1,주유비,0,자가용(승용/승합/트럭 등등),N,4,,,,,80000,
e_e004485,1,주차비,0,자가용(승용/승합/트럭 등등),N,4,,,,,13600,
e_e004485,1,통행료,0,자가용(승용/승합/트럭 등등),N,5,,,,,30000,
e_e004485,50,교통비,0,버스 + 지하철,N,5,,,,,7000,
e_e004485,7,교통비,0,KTX/SRT(고속열차),N,5,,,,,26000,
e_e004486,1,주유비,0,자가용(승용/승합/트럭 등등),N,6,,,,,20000,
e_e004488,4,교통비,1,택시,N,2,,티머니택시,2023-07-03 10:17,1,5000,택시비
e_e004488,50,교통비,0,버스 + 지하철,N,2,,,,,1550,
e_e004489,1,주유비,0,자가용(승용/승합/트럭 등등),N,2,,,,,30000,
e_e004499,5,교통비,0,지하철,N,3,,,,,2500,
e_e004503,1,주유비,0,자가용(승용/승합/트럭 등등),N,3,,,,,20000,
e_e004503,1,주차비,0,자가용(승용/승합/트럭 등등),N,3,,,,,2000,
e_e004505,5,교통비,0,지하철,N,2,,,,,8520,
e_e004506,2,렌탈비,0,렌터카(승용/승합/버스 등등),N,4,,,,,180000,
e_e004506,2,주유비,0,렌터카(승용/승합/버스 등등),N,4,,,,,300000,
e_e004506,2,주차비,0,렌터카(승용/승합/버스 등등),N,4,,,,,3000,
e_e004506,2,통행료,0,렌터카(승용/승합/버스 등등),N,4,,,,,9000,
e_e004510,1,주유비,0,자가용(승용/승합/트럭 등등),N,2,,,,,80000,
e_e004510,1,통행료,0,자가용(승용/승합/트럭 등등),N,2,,,,,34400,
e_e004511,50,교통비,0,버스 + 지하철,N,2,,,,,12000,
e_e004515,5,교통비,0,지하철,N,2,,,,,2600,
e_e004525,1,주유비,0,자가용(승용/승합/트럭 등등),N,2,,,,,30000,
e_e004525,1,통행료,0,자가용(승용/승합/트럭 등등),N,2,,,,,10000,
e_e004547,1,주유비,0,자가용(승용/승합/트럭 등등),N,4,,,,,30000,
e_e004547,1,주차비,0,자가용(승용/승합/트럭 등등),N,4,,,,,3000,
e_e004547,1,통행료,0,자가용(승용/승합/트럭 등등),N,4,,,,,2000,
e_e004548,50,교통비,0,버스 + 지하철,N,1,,,,,46600,
e_e004549,1,통행료,0,자가용(승용/승합/트럭 등등),N,4,,,,,1200,
e_e004551,4,교통비,1,택시,N,2,,UT,2023-07-04 18:50,1,8600,택시비 
e_e004551,50,교통비,0,버스 + 지하철,N,2,,,,,15600,
e_e004551,7,교통비,0,KTX/SRT(고속열차),N,2,,,,,112300,
e_e004551,9,교통비,1,항공기,N,2,1218189086,주식회사 진에어,2023-07-03 13:31,3,30600,비행기표 
e_e004552,1,주유비,0,자가용(승용/승합/트럭 등등),N,4,,,,,100000,
e_e004557,13,교통비,0,시내/마을버스,N,2,,,,,2400,
e_e004557,4,교통비,1,택시,N,2,5970101631,개인택시,2023-07-26 13:59,3,6100,택시비 
e_e004557,8,교통비,0,새마을/무궁화열차,N,2,,,,,10400,
e_e004561,1,주유비,0,자가용(승용/승합/트럭 등등),N,1,,,,,15000,
e_e004561,1,통행료,0,자가용(승용/승합/트럭 등등),N,1,,,,,6800,
e_e004563,4,교통비,0,택시,N,2,,,,,7400,
e_e004563,50,교통비,0,버스 + 지하철,N,2,,,,,8000,
e_e004565,1,주유비,0,자가용(승용/승합/트럭 등등),N,3,,,,,30000,
e_e004567,13,교통비,0,시내/마을버스,N,1,,,,,4750,
e_e004573,50,교통비,0,버스 + 지하철,N,2,,,,,14900,
e_e004575,16,교통비,0,기타,N,2,,,,,3500,
e_e004575,5,교통비,0,지하철,N,2,,,,,3100,
e_e004587,5,교통비,0,지하철,N,1,,,,,3950,
e_e004588,5,교통비,0,지하철,N,2,,,,,9900,
e_e004589,1,주유비,0,자가용(승용/승합/트럭 등등),N,2,,,,,50000,
e_e004589,1,주차비,0,자가용(승용/승합/트럭 등등),N,2,,,,,5000,
e_e004592,13,교통비,0,시내/마을버스,N,2,,,,,3500,
e_e004592,2,렌탈비,0,렌터카(승용/승합/버스 등등),N,2,,,,,81500,
e_e004592,2,주유비,0,렌터카(승용/승합/버스 등등),N,2,,,,,50000,
e_e004592,2,통행료,0,렌터카(승용/승합/버스 등등),N,2,,,,,8000,
e_e004596,50,교통비,0,버스 + 지하철,N,2,,,,,16400,
e_e004602,1,주유비,0,자가용(승용/승합/트럭 등등),N,2,,,,,60000,
e_e004602,1,주차비,0,자가용(승용/승합/트럭 등등),N,2,,,,,3000,
e_e004612,1,주유비,0,자가용(승용/승합/트럭 등등),N,2,,,,,12000,
e_e004612,1,통행료,0,자가용(승용/승합/트럭 등등),N,2,,,,,2500,
e_e004614,7,교통비,2,KTX/SRT(고속열차),Y,2,3148210024,한국철도공사,2023-07-03 13:57,1,2700,기차표 
e_e004614,7,교통비,3,KTX/SRT(고속열차),Y,2,3148210024,한국철도공사,2023-07-03 14:34,1,4800,기차표
e_e004617,1,주유비,0,자가용(승용/승합/트럭 등등),N,3,,,,,50000,
e_e004623,5,교통비,0,지하철,N,2,,,,,8700,
e_e004627,1,주차비,0,자가용(승용/승합/트럭 등등),N,2,,,,,450,
e_e004627,1,통행료,0,자가용(승용/승합/트럭 등등),N,2,,,,,900,
e_e004629,5,교통비,0,지하철,N,1,,,,,5850,
e_e004634,5,교통비,0,지하철,N,2,,,,,5000,
e_e004640,5,교통비,0,지하철,N,1,,,,,3300,
e_e004644,4,교통비,1,택시,N,2,2064292729,개인택시,2023-07-10 15:17,1,17200,택시비
e_e004644,4,교통비,2,택시,N,2,1252538657,개인택시,2023-07-10 17:29,1,15400,택시비 
e_e004644,4,교통비,3,택시,N,2,1252526113,개인택시,2023-07-10 19:02,1,7500,택시비
e_e004644,4,교통비,4,택시,N,2,1341469783,개인택시,2023-07-10 20:40,1,7100,택시비
e_e004644,50,교통비,0,버스 + 지하철,N,2,,,,,15900,
e_e004645,1,주차비,0,자가용(승용/승합/트럭 등등),N,2,,,,,1000,
e_e004651,50,교통비,0,버스 + 지하철,N,2,,,,,17000,
e_e004653,1,주유비,0,자가용(승용/승합/트럭 등등),N,4,,,,,20000,
e_e004655,5,교통비,0,지하철,N,2,,,,,2700,
e_e004657,12,교통비,0,시외/고속버스,N,2,,,,,7150,
e_e004657,7,교통비,1,KTX/SRT(고속열차),Y,2,3148210024,한국철도공사,2023-07-05 10:01,1,53500,기차표 
e_e004657,7,교통비,2,KTX/SRT(고속열차),N,2,3148210024,한국철도공사,2023-07-10 00:00,1,0,기차표
e_e004658,5,교통비,0,지하철,N,2,,,,,7400,
e_e004658,7,교통비,0,KTX/SRT(고속열차),N,2,,,,,78400,
e_e004668,1,주유비,0,자가용(승용/승합/트럭 등등),N,4,,,,,50000,
e_e004668,1,통행료,0,자가용(승용/승합/트럭 등등),N,4,,,,,16000,
e_e004673,50,교통비,0,버스 + 지하철,N,1,,,,,12000,
e_e004673,7,교통비,1,KTX/SRT(고속열차),Y,1,3148210024,한국철도공사,2023-07-24 00:00,1,53000,기차표
e_e004673,7,교통비,2,KTX/SRT(고속열차),Y,1,3148210024,한국철도공사,2023-07-23 18:32,1,53000,기차표 
e_e004675,1,주유비,0,자가용(승용/승합/트럭 등등),N,4,,,,,40000,
e_e004678,4,교통비,1,택시,N,2,1322632361,,2023-07-10 13:28,1,4800,택시비
e_e004678,4,교통비,2,택시,N,2,1320919298,,2023-07-10 11:08,1,6300,택시비 
e_e004678,5,교통비,0,지하철,N,2,,,,,5000,
e_e004681,5,교통비,0,지하철,N,2,,,,,5000,
e_e004685,1,주유비,0,자가용(승용/승합/트럭 등등),N,3,,,,,25000,
e_e004685,1,통행료,0,자가용(승용/승합/트럭 등등),N,3,,,,,6000,
e_e004688,4,교통비,1,택시,N,2,2210968987,개인택시,2023-07-09 22:23,1,4900,택시비
e_e004688,50,교통비,0,버스 + 지하철,N,2,,,,,26400,
e_e004695,1,주차비,0,자가용(승용/승합/트럭 등등),N,2,,,,,10000,
e_e004703,1,통행료,0,자가용(승용/승합/트럭 등등),N,2,,,,,19200,
e_e004703,4,교통비,1,택시,N,2,,,2023-07-07 12:35,1,12000,택시비
e_e004703,50,교통비,0,버스 + 지하철,N,2,,,,,24000,
e_e004709,1,주유비,0,자가용(승용/승합/트럭 등등),N,6,,,,,50000,
e_e004709,1,주차비,0,자가용(승용/승합/트럭 등등),N,6,,,,,12000,
e_e004709,1,통행료,0,자가용(승용/승합/트럭 등등),N,4,,,,,3000,
e_e004712,5,교통비,0,지하철,N,2,,,,,8500,
e_e004717,13,교통비,0,시내/마을버스,N,3,,,,,6600,
e_e004717,4,교통비,0,택시,N,3,,,,,10600,
e_e004719,1,통행료,0,자가용(승용/승합/트럭 등등),N,4,,,,,2600,
e_e004720,5,교통비,0,지하철,N,2,,,,,7800,
e_e004722,4,교통비,0,택시,N,1,,,,,7800,
e_e004722,50,교통비,0,버스 + 지하철,N,1,,,,,47300,
e_e004724,12,교통비,0,시외/고속버스,N,3,,,,,92950,
e_e004724,4,교통비,1,택시,N,3,4188102299,신진교통(주),2023-07-29 23:15,1,6000,택시비
e_e004724,4,교통비,2,택시,N,3,3951601761,개인택시,2023-07-29 16:35,1,6400,택시비
e_e004729,50,교통비,0,버스 + 지하철,N,2,,,,,10000,
e_e004730,5,교통비,0,지하철,N,2,,,,,5650,
e_e004730,7,교통비,1,KTX/SRT(고속열차),N,2,3058631590,주식회사 에스알,2023-07-16 00:00,1,7700,기차표 
e_e004733,1,주유비,0,자가용(승용/승합/트럭 등등),N,4,,,,,50000,
e_e004733,1,주차비,0,자가용(승용/승합/트럭 등등),N,4,,,,,5700,
e_e004733,1,통행료,0,자가용(승용/승합/트럭 등등),N,4,,,,,17100,
e_e004772,1,통행료,0,자가용(승용/승합/트럭 등등),N,4,,,,,4500,
e_e004773,1,주유비,0,자가용(승용/승합/트럭 등등),N,1,,,,,40000,
e_e004773,1,통행료,0,자가용(승용/승합/트럭 등등),N,1,,,,,3800,
e_e004774,1,주차비,0,자가용(승용/승합/트럭 등등),N,1,,,,,12800,
e_e004774,4,교통비,1,택시,N,1,5028601931,주식회사 디지비유페이,2023-07-23 09:48,1,6800,택시비
e_e004774,4,교통비,2,택시,N,1,1048183559,주식회사 티머니,2023-07-21 10:27,1,6100,택시비 
e_e004774,4,교통비,3,택시,N,1,1048183559,주식회사 티머니,2023-07-20 18:18,1,7100,택시비
e_e004774,5,교통비,0,지하철,N,1,,,,,3750,
e_e004774,7,교통비,1,KTX/SRT(고속열차),Y,1,3058631590,주식회사 에스알,2023-07-04 00:00,1,37300,기차표 
e_e004774,7,교통비,2,KTX/SRT(고속열차),Y,1,3058631590,주식회사 에스알,2023-07-04 00:00,1,39900,기차표 
e_e004774,7,교통비,3,KTX/SRT(고속열차),N,1,3058631590,주식회사 에스알,2023-07-22 00:00,1,47900,기차표
e_e004780,12,교통비,0,시외/고속버스,N,2,,,,,34600,
e_e004780,7,교통비,0,KTX/SRT(고속열차),N,2,,,,,88800,
e_e004782,4,교통비,1,택시,N,1,1178101719,태진상운(주),2023-07-12 21:38,1,8100,택시비
e_e004784,50,교통비,0,버스 + 지하철,N,2,,,,,18000,
e_e004784,7,교통비,1,KTX/SRT(고속열차),Y,2,3148210024,한국철도공사,2023-07-15 16:28,1,48200,기차표
e_e004792,1,주유비,0,자가용(승용/승합/트럭 등등),N,4,,,,,20000,
e_e004799,1,주유비,0,자가용(승용/승합/트럭 등등),N,2,,,,,40000,
e_e004799,1,통행료,0,자가용(승용/승합/트럭 등등),N,2,,,,,13800,
e_e004800,4,교통비,0,택시,N,2,,,,,4200,
e_e004800,5,교통비,0,지하철,N,2,,,,,5000,
e_e004800,7,교통비,0,KTX/SRT(고속열차),N,2,,,,,64000,
e_e004815,1,통행료,0,자가용(승용/승합/트럭 등등),N,3,,,,,3000,
e_e004821,1,주유비,0,자가용(승용/승합/트럭 등등),N,2,,,,,30000,
e_e004821,1,주차비,0,자가용(승용/승합/트럭 등등),N,2,,,,,2400,
e_e004821,4,교통비,1,택시,N,2,1248115846,희망교통운수(주),2023-07-22 20:12,1,5000,택시비
e_e004821,4,교통비,2,택시,N,2,1358117280,수원택시(주),2023-07-22 23:45,1,10100,택시비
e_e004821,5,교통비,0,지하철,N,2,,,,,3600,
e_e004830,4,교통비,1,택시,N,1,4022235783,,2023-08-02 19:18,1,9800,택시비 
e_e004830,4,교통비,2,택시,N,1,2178100835,정의운수(주),2023-08-01 23:19,1,10500,택시비
e_e004830,4,교통비,3,택시,N,1,3648602677,주식회사 제이엠포,2023-08-01 17:45,1,19600,택시비
e_e004830,4,교통비,4,택시,N,1,,,2023-08-01 13:13,1,9100,택시비
e_e004830,50,교통비,0,버스 + 지하철,N,1,,,,,39500,
e_e004839,1,주유비,0,자가용(승용/승합/트럭 등등),N,4,,,,,15000,
e_e004843,1,주유비,0,자가용(승용/승합/트럭 등등),N,3,,,,,40000,
e_e004843,1,통행료,0,자가용(승용/승합/트럭 등등),N,3,,,,,4400,
e_e004845,5,교통비,0,지하철,N,1,,,,,4550,
e_e004854,5,교통비,0,지하철,N,2,,,,,6250,
e_e004854,7,교통비,0,KTX/SRT(고속열차),N,2,,,,,34500,
e_e004854,8,교통비,0,새마을/무궁화열차,N,2,,,,,20900,
e_e004857,1,주유비,0,자가용(승용/승합/트럭 등등),N,3,,,,,40000,
e_e004857,1,통행료,0,자가용(승용/승합/트럭 등등),N,3,,,,,15000,
e_e004858,4,교통비,0,택시,N,2,,,,,15800,
e_e004858,50,교통비,0,버스 + 지하철,N,2,,,,,28600,
e_e004858,7,교통비,0,KTX/SRT(고속열차),N,2,,,,,197600,
e_e004859,1,주유비,0,자가용(승용/승합/트럭 등등),N,4,,,,,72723,
e_e004859,1,통행료,0,자가용(승용/승합/트럭 등등),N,4,,,,,6000,
e_e004860,12,교통비,0,시외/고속버스,N,2,,,,,19200,
e_e004860,4,교통비,1,택시,N,2,2021054299,개인택시,2023-07-09 22:09,1,9100,택시비
e_e004861,1,주유비,0,자가용(승용/승합/트럭 등등),N,2,,,,,30000,
e_e004861,1,통행료,0,자가용(승용/승합/트럭 등등),N,2,,,,,11000,
e_e004864,50,교통비,0,버스 + 지하철,N,2,,,,,12500,
e_e004864,8,교통비,1,새마을/무궁화열차,N,2,3148210024,한국철도공사,2023-07-06 03:17,3,13200,기차표
e_e004864,8,교통비,3,새마을/무궁화열차,Y,2,3148210024,한국철도공사,2023-07-05 21:28,3,13200,기차표 
e_e004865,50,교통비,0,버스 + 지하철,N,2,,,,,13000,
e_e004867,2,렌탈비,0,렌터카(승용/승합/버스 등등),N,6,,,,,200000,
e_e004867,2,주유비,0,렌터카(승용/승합/버스 등등),N,6,,,,,57000,
e_e004867,2,통행료,0,렌터카(승용/승합/버스 등등),N,6,,,,,4500,
e_e004868,50,교통비,0,버스 + 지하철,N,2,,,,,82000,
e_e004877,4,교통비,0,택시,N,2,,,,,30000,
e_e004877,5,교통비,0,지하철,N,2,,,,,5000,
e_e004878,5,교통비,0,지하철,N,1,,,,,6000,
e_e004879,50,교통비,0,버스 + 지하철,N,2,,,,,75000,
e_e004879,7,교통비,0,KTX/SRT(고속열차),N,2,,,,,84600,
e_e004881,1,주유비,0,자가용(승용/승합/트럭 등등),N,4,,,,,760,
e_e004881,50,교통비,0,버스 + 지하철,N,4,,,,,22000,
e_e004882,4,교통비,1,택시,N,2,1048183559,㈜티머니개인택시,2023-07-07 22:18,1,6200,택시비
e_e004882,4,교통비,2,택시,N,2,,카카오법인택시,2023-07-07 00:00,1,8800,택시비 
e_e004882,50,교통비,0,버스 + 지하철,N,2,,,,,121200,
e_e004882,9,교통비,1,항공기,Y,2,6058184518,에어부산(주),2023-04-29 00:00,1,64880,비행기표
e_e004882,9,교통비,2,항공기,Y,2,6058184518,에어부산(주) ,2023-06-27 00:00,1,78400,비행기표
e_e004885,1,주유비,0,자가용(승용/승합/트럭 등등),N,4,,,,,4000,
e_e004885,5,교통비,0,지하철,N,4,,,,,3500,
e_e004899,4,교통비,0,택시,N,2,,,,,21600,
e_e004899,50,교통비,0,버스 + 지하철,N,2,,,,,9300,
e_e004905,50,교통비,0,버스 + 지하철,N,2,,,,,14000,
e_e004905,7,교통비,0,KTX/SRT(고속열차),N,2,,,,,23100,
e_e004914,1,통행료,0,자가용(승용/승합/트럭 등등),N,2,,,,,8000,
e_e004915,4,교통비,1,택시,N,3,,,2023-07-31 15:39,1,7500,택시비
e_e004915,4,교통비,2,택시,N,3,,자)동산운수,2023-07-31 10:12,1,5600,택시비 
e_e004915,5,교통비,0,지하철,N,3,,,,,7300,
e_e004917,5,교통비,0,지하철,N,2,,,,,3900,
e_e004919,1,주유비,0,자가용(승용/승합/트럭 등등),N,2,,,,,20000,
e_e004919,1,통행료,0,자가용(승용/승합/트럭 등등),N,2,,,,,1700,
e_e004925,1,주유비,0,자가용(승용/승합/트럭 등등),N,2,,,,,61000,
e_e004925,1,주차비,0,자가용(승용/승합/트럭 등등),N,2,,,,,2000,
e_e004927,1,주유비,0,자가용(승용/승합/트럭 등등),N,5,,,,,30000,
e_e004927,5,교통비,0,지하철,N,5,,,,,1200,
e_e004931,1,주차비,0,자가용(승용/승합/트럭 등등),N,3,,,,,12800,
e_e004931,1,통행료,0,자가용(승용/승합/트럭 등등),N,3,,,,,7600,
e_e004931,5,교통비,0,지하철,N,3,,,,,4840,
e_e004941,1,주유비,0,자가용(승용/승합/트럭 등등),N,2,,,,,31936,
e_e004941,1,주차비,0,자가용(승용/승합/트럭 등등),N,2,,,,,760,
e_e004945,1,통행료,0,자가용(승용/승합/트럭 등등),N,2,,,,,3600,
e_e004948,1,주유비,0,자가용(승용/승합/트럭 등등),N,2,,,,,30000,
e_e004948,1,통행료,0,자가용(승용/승합/트럭 등등),N,2,,,,,1500,
e_e004952,1,주유비,0,자가용(승용/승합/트럭 등등),N,3,,,,,50000,
e_e004952,1,주차비,0,자가용(승용/승합/트럭 등등),N,3,,,,,2750,
e_e004952,1,통행료,0,자가용(승용/승합/트럭 등등),N,3,,,,,13600,
e_e004961,1,주유비,0,자가용(승용/승합/트럭 등등),N,3,,,,,70000,
e_e004961,1,주차비,0,자가용(승용/승합/트럭 등등),N,3,,,,,6000,
e_e004961,1,통행료,0,자가용(승용/승합/트럭 등등),N,3,,,,,11600,
e_e004961,5,교통비,0,지하철,N,3,,,,,3300,
e_e004970,1,통행료,0,자가용(승용/승합/트럭 등등),N,2,,,,,2000,
e_e004975,50,교통비,0,버스 + 지하철,N,2,,,,,12000,
e_e004976,1,주차비,0,자가용(승용/승합/트럭 등등),N,3,,,,,8000,
e_e004979,50,교통비,0,버스 + 지하철,N,2,,,,,16000,
e_e004983,5,교통비,0,지하철,N,2,,,,,5000,
e_e004984,1,주차비,0,자가용(승용/승합/트럭 등등),N,2,,,,,3000,
e_e004987,1,주차비,0,자가용(승용/승합/트럭 등등),N,2,,,,,5000,
e_e004989,13,교통비,0,시내/마을버스,N,2,,,,,14000,
e_e004990,1,주유비,0,자가용(승용/승합/트럭 등등),N,3,,,,,40000,
e_e004990,1,통행료,0,자가용(승용/승합/트럭 등등),N,3,,,,,10000,
e_e004990,13,교통비,0,시내/마을버스,N,3,,,,,1500,
e_e004990,4,교통비,0,택시,N,3,,,,,6800,
e_e005011,5,교통비,0,지하철,N,1,,,,,8200,
e_e005014,1,주유비,0,자가용(승용/승합/트럭 등등),N,3,,,,,78744,
e_e005014,1,통행료,0,자가용(승용/승합/트럭 등등),N,3,,,,,13600,
e_e005014,4,교통비,0,택시,N,3,,,,,9500,
e_e005014,50,교통비,0,버스 + 지하철,N,3,,,,,18100,
e_e005015,1,통행료,0,자가용(승용/승합/트럭 등등),N,4,,,,,3000,
e_e005025,50,교통비,0,버스 + 지하철,N,4,,,,,8150,
e_e005028,1,통행료,0,자가용(승용/승합/트럭 등등),N,1,,,,,3300,
e_e005028,12,교통비,0,시외/고속버스,N,1,,,,,2900,
e_e005102,1,주유비,0,자가용(승용/승합/트럭 등등),N,2,,,,,49000,
e_e005102,1,주차비,0,자가용(승용/승합/트럭 등등),N,2,,,,,1700,
e_e005106,1,주차비,0,자가용(승용/승합/트럭 등등),N,2,,,,,3000,
e_e005110,1,주유비,0,자가용(승용/승합/트럭 등등),N,4,,,,,50000,
e_e005116,1,주유비,0,자가용(승용/승합/트럭 등등),N,4,,,,,67000,
e_e005127,5,교통비,0,지하철,N,1,,,,,6100,
e_e005154,4,교통비,0,택시,N,1,,,,,17400,
e_e005154,50,교통비,0,버스 + 지하철,N,1,,,,,32000,
e_e005157,1,주차비,0,자가용(승용/승합/트럭 등등),N,3,,,,,6000,
e_e005157,1,통행료,0,자가용(승용/승합/트럭 등등),N,3,,,,,700,
e_e005157,7,교통비,1,KTX/SRT(고속열차),Y,3,3148210024,한국철도공사,2023-07-16 20:23,1,23700,기차표
e_e005157,7,교통비,3,KTX/SRT(고속열차),Y,3,3148210024,한국철도공사,2023-07-15 13:14,1,23700,기차표
e_e005160,1,주유비,0,자가용(승용/승합/트럭 등등),N,3,,,,,30000,
e_e005160,1,주차비,0,자가용(승용/승합/트럭 등등),N,3,,,,,300,
e_e005160,1,통행료,0,자가용(승용/승합/트럭 등등),N,3,,,,,3000,
e_e005166,5,교통비,0,지하철,N,2,,,,,8700,
e_e005170,1,주유비,0,자가용(승용/승합/트럭 등등),N,4,,,,,15000,
e_e005170,1,통행료,0,자가용(승용/승합/트럭 등등),N,4,,,,,2800,
e_e005172,50,교통비,0,버스 + 지하철,N,2,,,,,28000,
e_e005175,5,교통비,0,지하철,N,3,,,,,7000,
e_e005185,1,주유비,0,자가용(승용/승합/트럭 등등),N,3,,,,,35000,
e_e005185,1,통행료,0,자가용(승용/승합/트럭 등등),N,3,,,,,900,
e_e005187,1,주유비,0,자가용(승용/승합/트럭 등등),N,3,,,,,10000,
e_e005187,1,통행료,0,자가용(승용/승합/트럭 등등),N,3,,,,,2400,
e_e005189,1,주유비,0,자가용(승용/승합/트럭 등등),N,4,,,,,4500,
e_e005194,50,교통비,0,버스 + 지하철,N,3,,,,,8000,
e_e005201,1,통행료,0,자가용(승용/승합/트럭 등등),N,2,,,,,6400,
e_e005201,4,교통비,0,택시,N,2,,,,,18200,
e_e005206,50,교통비,0,버스 + 지하철,N,3,,,,,30550,
e_e005207,12,교통비,0,시외/고속버스,N,2,,,,,2300,
e_e005207,16,교통비,0,기타,N,2,,,,,600,
e_e005217,50,교통비,0,버스 + 지하철,N,2,,,,,12820,
e_e005220,1,주유비,0,자가용(승용/승합/트럭 등등),N,4,,,,,50000,
e_e005220,5,교통비,0,지하철,N,7,,,,,1250,
e_e005221,14,렌탈비,0,자전거,N,2,,,,,1000,
e_e005221,14,렌탈비,1,자전거,N,2,1048183559,주식회사 티머니,2023-07-30 16:40,1,1000,
e_e005221,50,교통비,0,버스 + 지하철,N,2,,,,,38400,
e_e005234,50,교통비,0,버스 + 지하철,N,2,,,,,115000,
e_e005235,50,교통비,0,버스 + 지하철,N,2,,,,,15000,
e_e005238,2,렌탈비,1,렌터카(승용/승합/버스 등등),Y,2,6168190529,(주)쏘카,2023-07-24 18:29,1,34830,렌트비
e_e005238,2,주유비,0,렌터카(승용/승합/버스 등등),N,2,,,,,28000,
e_e005238,5,교통비,0,지하철,N,2,,,,,5000,
e_e005239,1,주유비,0,자가용(승용/승합/트럭 등등),N,4,,,,,40000,
e_e005239,1,통행료,0,자가용(승용/승합/트럭 등등),N,4,,,,,8200,
e_e005240,5,교통비,0,지하철,N,1,,,,,4100,
e_e005242,50,교통비,0,버스 + 지하철,N,2,,,,,44400,
e_e005245,4,교통비,1,택시,N,2,5028601931,주식회사 디지비유페이,2023-07-19 09:47,1,5400,택시비
e_e005245,50,교통비,0,버스 + 지하철,N,2,,,,,159450,
e_e005247,5,교통비,0,지하철,N,2,,,,,6000,
e_e005257,4,교통비,0,택시,N,2,,,,,4600,
e_e005257,5,교통비,0,지하철,N,2,,,,,5000,
e_e005257,8,교통비,1,새마을/무궁화열차,N,2,3148210024,한국철도공사,2023-07-14 10:32,3,2600,기차표 
e_e005257,8,교통비,2,새마을/무궁화열차,Y,2,3148210024,한국철도공사,2023-07-13 22:40,1,16000,기차표
e_e005257,8,교통비,3,새마을/무궁화열차,N,2,3148210024,한국철도공사,2023-07-15 14:29,3,23700,기차표
e_e005258,5,교통비,0,지하철,N,2,,,,,1750,
e_e005263,4,교통비,0,택시,N,2,,,,,13000,
e_e005263,50,교통비,0,버스 + 지하철,N,2,,,,,12000,
e_e005263,7,교통비,0,KTX/SRT(고속열차),N,2,,,,,119600,
e_e005264,1,주유비,0,자가용(승용/승합/트럭 등등),N,1,,,,,12000,
e_e005264,1,통행료,0,자가용(승용/승합/트럭 등등),N,1,,,,,4200,
e_e005271,1,주유비,0,자가용(승용/승합/트럭 등등),N,4,,,,,20000,
e_e005271,1,통행료,0,자가용(승용/승합/트럭 등등),N,4,,,,,7200,
e_e005278,50,교통비,0,버스 + 지하철,N,1,,,,,37050,
e_e005278,7,교통비,0,KTX/SRT(고속열차),N,1,,,,,31300,
e_e005290,1,주유비,0,자가용(승용/승합/트럭 등등),N,4,,,,,20000,
e_e005290,1,통행료,0,자가용(승용/승합/트럭 등등),N,4,,,,,3000,
e_e005294,2,렌탈비,1,렌터카(승용/승합/버스 등등),Y,4,2208155597,(주)케이지이니시스,2023-07-12 23:24,1,154670,렌트비
e_e005294,2,주유비,0,렌터카(승용/승합/버스 등등),N,4,,,,,50000,
e_e005294,2,통행료,0,렌터카(승용/승합/버스 등등),N,4,,,,,10000,
e_e005311,1,주유비,0,자가용(승용/승합/트럭 등등),N,3,,,,,10000,
e_e005314,7,교통비,0,KTX/SRT(고속열차),N,2,,,,,70000,
e_e005317,50,교통비,0,버스 + 지하철,N,2,,,,,10000,
e_e005318,1,주유비,0,자가용(승용/승합/트럭 등등),N,1,,,,,5000,
e_e005321,13,교통비,0,시내/마을버스,N,2,,,,,8700,
e_e005321,8,교통비,0,새마을/무궁화열차,N,2,,,,,22400,
e_e005327,4,교통비,0,택시,N,1,,,,,4800,
e_e005327,5,교통비,0,지하철,N,1,,,,,4000,
e_e005331,50,교통비,0,버스 + 지하철,N,1,,,,,11500,
e_e005334,1,주유비,0,자가용(승용/승합/트럭 등등),N,3,,,,,80000,
e_e005334,1,주차비,0,자가용(승용/승합/트럭 등등),N,3,,,,,3000,
e_e005334,1,통행료,0,자가용(승용/승합/트럭 등등),N,3,,,,,10000,
e_e005335,1,주유비,0,자가용(승용/승합/트럭 등등),N,2,,,,,28000,
e_e005335,1,통행료,0,자가용(승용/승합/트럭 등등),N,2,,,,,9800,
e_e005340,1,주유비,0,자가용(승용/승합/트럭 등등),N,2,,,,,50000,
e_e005340,1,주차비,0,자가용(승용/승합/트럭 등등),N,2,,,,,2000,
e_e005340,1,통행료,0,자가용(승용/승합/트럭 등등),N,2,,,,,2800,
e_e005341,50,교통비,0,버스 + 지하철,N,2,,,,,7000,
e_e005344,1,주유비,0,자가용(승용/승합/트럭 등등),N,1,,,,,20000,
e_e005344,1,통행료,0,자가용(승용/승합/트럭 등등),N,1,,,,,11600,
e_e005344,5,교통비,0,지하철,N,1,,,,,3100,
e_e005345,4,교통비,0,택시,N,1,,,,,19600,
e_e005345,50,교통비,0,버스 + 지하철,N,1,,,,,168000,
e_e005351,1,주유비,0,자가용(승용/승합/트럭 등등),N,4,,,,,39540,
e_e005351,1,통행료,0,자가용(승용/승합/트럭 등등),N,5,,,,,6200,
e_e005351,50,교통비,0,버스 + 지하철,N,5,,,,,54500,
e_e005368,16,교통비,0,기타,N,2,,,,,27600,
e_e005368,2,렌탈비,0,렌터카(승용/승합/버스 등등),N,2,,,,,32500,
e_e005368,4,교통비,1,택시,N,2,1320597262,개인택시,2023-08-01 11:18,1,4800,택시비 
e_e005368,4,교통비,2,택시,N,2,1328100441,동운택시(주),2023-07-31 11:11,1,4800,택시비
e_e005368,4,교통비,3,택시,N,2,1321168429,지봉열,2023-07-31 14:03,1,4800,택시비 
e_e005368,5,교통비,0,지하철,N,2,,,,,3000,
e_e005370,12,교통비,0,시외/고속버스,N,2,,,,,48800,
e_e005391,5,교통비,0,지하철,N,2,,,,,6800,
e_e005395,5,교통비,0,지하철,N,1,,,,,5800,
e_e005407,5,교통비,0,지하철,N,4,,,,,5200,
e_e005407,8,교통비,0,새마을/무궁화열차,N,4,,,,,44000,
e_e005408,4,교통비,1,택시,N,3,1258101802,(주)인원택시,2023-07-20 14:07,1,8800,택시비
e_e005408,50,교통비,0,버스 + 지하철,N,3,,,,,38100,
e_e005408,7,교통비,1,KTX/SRT(고속열차),Y,3,3058631590,주식회사 에스알,2023-07-16 16:13,3,52000,기차표
e_e005418,50,교통비,0,버스 + 지하철,N,1,,,,,13500,
e_e005418,7,교통비,1,KTX/SRT(고속열차),Y,1,1018190575,(주)현대이지웰,2023-07-20 00:00,1,51700,기차표
e_e005418,7,교통비,2,KTX/SRT(고속열차),Y,1,1018190575,(주)현대이지웰,2023-07-20 00:00,1,52100,기차표
e_e005421,4,교통비,1,택시,N,2,,한국택시 주식회사,2023-07-21 15:53,1,7300,택시비 
e_e005421,5,교통비,0,지하철,N,2,,,,,6600,
e_e005423,5,교통비,0,지하철,N,1,,,,,2900,
e_e005438,1,주유비,0,자가용(승용/승합/트럭 등등),N,2,,,,,60000,
e_e005438,1,통행료,0,자가용(승용/승합/트럭 등등),N,2,,,,,220,
e_e005440,1,주유비,0,자가용(승용/승합/트럭 등등),N,2,,,,,10000,
e_e005440,1,주차비,0,자가용(승용/승합/트럭 등등),N,2,,,,,3000,
e_e005440,1,통행료,0,자가용(승용/승합/트럭 등등),N,2,,,,,4000,
e_e005442,1,주유비,0,자가용(승용/승합/트럭 등등),N,3,,,,,50000,
e_e005443,1,주유비,0,자가용(승용/승합/트럭 등등),N,5,,,,,35000,
e_e005443,1,통행료,0,자가용(승용/승합/트럭 등등),N,4,,,,,3400,
e_e005446,1,주유비,0,자가용(승용/승합/트럭 등등),N,1,,,,,46890,
e_e005447,50,교통비,0,버스 + 지하철,N,1,,,,,25200,
e_e005448,4,교통비,0,택시,N,2,,,,,30500,
e_e005448,50,교통비,0,버스 + 지하철,N,2,,,,,103700,
e_e005472,5,교통비,0,지하철,N,2,,,,,6310,
e_e005472,7,교통비,0,KTX/SRT(고속열차),N,2,,,,,100400,
e_e005476,2,렌탈비,0,렌터카(승용/승합/버스 등등),N,2,,,,,37000,
e_e005476,2,주유비,0,렌터카(승용/승합/버스 등등),N,2,,,,,5000,
e_e005476,4,교통비,1,택시,N,2,1048183559,카카오페이(택시),2023-08-03 16:54,1,7400,택시비
e_e005476,4,교통비,2,택시,N,2,1048183559,카카오페이(택시),2023-08-02 13:06,1,7300,택시비 
e_e005476,4,교통비,3,택시,N,2,1048183559,티머니 개인택시,2023-08-04 12:19,1,9000,택시비
e_e005476,50,교통비,0,버스 + 지하철,N,2,,,,,12800,
e_e005476,7,교통비,0,KTX/SRT(고속열차),N,2,,,,,70000,
e_e005483,1,주유비,0,자가용(승용/승합/트럭 등등),N,2,,,,,3136,
e_e005483,1,주차비,0,자가용(승용/승합/트럭 등등),N,2,,,,,2000,
e_e005483,1,통행료,0,자가용(승용/승합/트럭 등등),N,2,,,,,4600,
e_e005484,1,주유비,0,자가용(승용/승합/트럭 등등),N,2,,,,,9883,
e_e005484,1,통행료,0,자가용(승용/승합/트럭 등등),N,2,,,,,8800,
e_e005485,4,교통비,0,택시,N,1,,,,,11000,
e_e005485,7,교통비,0,KTX/SRT(고속열차),N,1,,,,,106000,
e_e005488,50,교통비,0,버스 + 지하철,N,1,,,,,10000,
e_e005495,5,교통비,0,지하철,N,1,,,,,3100,
e_e005497,1,주유비,0,자가용(승용/승합/트럭 등등),N,3,,,,,6849,
e_e005497,1,통행료,0,자가용(승용/승합/트럭 등등),N,3,,,,,6800,
e_e005504,12,교통비,0,시외/고속버스,N,1,,,,,27300,
e_e005506,4,교통비,0,택시,N,2,,,,,6500,
e_e005506,50,교통비,0,버스 + 지하철,N,2,,,,,16250,
e_e005506,7,교통비,0,KTX/SRT(고속열차),N,2,,,,,138000,
e_e005510,1,주유비,0,자가용(승용/승합/트럭 등등),N,4,,,,,50000,
e_e005517,50,교통비,0,버스 + 지하철,N,2,,,,,11600,
e_e005518,1,주유비,0,자가용(승용/승합/트럭 등등),N,2,,,,,50000,
e_e005518,5,교통비,0,지하철,N,2,,,,,2250,
e_e005527,1,주유비,0,자가용(승용/승합/트럭 등등),N,2,,,,,20000,
e_e005527,1,주차비,0,자가용(승용/승합/트럭 등등),N,2,,,,,3500,
e_e005527,1,통행료,0,자가용(승용/승합/트럭 등등),N,2,,,,,4000,
e_e005528,1,주유비,0,자가용(승용/승합/트럭 등등),N,2,,,,,40000,
e_e005528,1,주차비,0,자가용(승용/승합/트럭 등등),N,2,,,,,2000,
e_e005528,1,통행료,0,자가용(승용/승합/트럭 등등),N,2,,,,,13400,
e_e005532,1,주유비,0,자가용(승용/승합/트럭 등등),N,4,,,,,17383,
e_e005532,1,통행료,0,자가용(승용/승합/트럭 등등),N,4,,,,,10383,
e_e005551,1,통행료,0,자가용(승용/승합/트럭 등등),N,2,,,,,4000,
e_e005553,1,주차비,0,자가용(승용/승합/트럭 등등),N,2,,,,,24500,
e_e005555,12,교통비,0,시외/고속버스,N,1,,,,,6100,
e_e005562,1,주유비,0,자가용(승용/승합/트럭 등등),N,4,,,,,50000,
e_e005570,1,주유비,0,자가용(승용/승합/트럭 등등),N,2,,,,,30000,
e_e005570,1,주차비,0,자가용(승용/승합/트럭 등등),N,2,,,,,3700,
e_e005570,1,통행료,0,자가용(승용/승합/트럭 등등),N,2,,,,,4500,
e_e005573,1,주유비,0,자가용(승용/승합/트럭 등등),N,3,,,,,50000,
e_e005573,1,통행료,0,자가용(승용/승합/트럭 등등),N,3,,,,,11000,
e_e005575,12,교통비,0,시외/고속버스,N,2,,,,,7400,
e_e005577,1,주유비,0,자가용(승용/승합/트럭 등등),N,2,,,,,40000,
e_e005577,1,통행료,0,자가용(승용/승합/트럭 등등),N,2,,,,,20000,
e_e005579,4,교통비,1,택시,N,2,1298638970,로카모빌리티(주),2023-08-01 12:31,1,7100,택시비
e_e005579,5,교통비,0,지하철,N,2,,,,,7000,
e_e005579,8,교통비,1,새마을/무궁화열차,N,2,,,2023-08-01 14:48,3,7200,
e_e005585,5,교통비,0,지하철,N,1,,,,,2700,
e_e005590,4,교통비,0,택시,N,2,,,,,30000,
e_e005590,50,교통비,0,버스 + 지하철,N,2,,,,,74150,
e_e005598,5,교통비,0,지하철,N,1,,,,,3100,
e_e005599,4,교통비,0,택시,N,2,,,,,22830,
e_e005599,50,교통비,0,버스 + 지하철,N,2,,,,,10300,
e_e005599,7,교통비,0,KTX/SRT(고속열차),N,2,,,,,207000,
e_e005602,1,통행료,0,자가용(승용/승합/트럭 등등),N,2,,,,,3000,
e_e005605,5,교통비,0,지하철,N,2,,,,,7900,
e_e005617,50,교통비,0,버스 + 지하철,N,2,,,,,15600,
e_e005619,13,교통비,0,시내/마을버스,N,1,,,,,10600,
e_e005627,1,주유비,0,자가용(승용/승합/트럭 등등),N,3,,,,,30000,
e_e005627,1,통행료,0,자가용(승용/승합/트럭 등등),N,3,,,,,2000,
e_e005642,1,주유비,0,자가용(승용/승합/트럭 등등),N,2,,,,,30000,
e_e005645,1,주유비,0,자가용(승용/승합/트럭 등등),N,3,,,,,50000,
e_e005645,1,통행료,0,자가용(승용/승합/트럭 등등),N,3,,,,,20000,
e_e005662,50,교통비,0,버스 + 지하철,N,2,,,,,32800,
e_e005662,7,교통비,0,KTX/SRT(고속열차),N,2,,,,,15300,
e_e005664,5,교통비,0,지하철,N,1,,,,,5850,
e_e005665,50,교통비,0,버스 + 지하철,N,1,,,,,7000,
e_e005676,5,교통비,0,지하철,N,3,,,,,6400,
e_e005679,50,교통비,0,버스 + 지하철,N,2,,,,,59400,
e_e005706,50,교통비,0,버스 + 지하철,N,2,,,,,14000,
e_e005711,1,주유비,0,자가용(승용/승합/트럭 등등),N,2,,,,,30000,
e_e005711,1,주차비,0,자가용(승용/승합/트럭 등등),N,2,,,,,160,
e_e005713,5,교통비,0,지하철,N,1,,,,,5600,
e_e005713,7,교통비,1,KTX/SRT(고속열차),Y,1,3058631590,주식회사 에스알,2023-07-25 00:00,1,27600,기차표 
e_e005713,7,교통비,2,KTX/SRT(고속열차),Y,1,3058631590,주식회사 에스알,2023-07-26 00:00,1,27700,기차표
e_e005716,1,주유비,0,자가용(승용/승합/트럭 등등),N,3,,,,,8000,
e_e005716,1,통행료,0,자가용(승용/승합/트럭 등등),N,3,,,,,1200,
e_e005718,50,교통비,0,버스 + 지하철,N,2,,,,,23000,
e_e005718,7,교통비,1,KTX/SRT(고속열차),N,2,3058631590,주식회사 에스알 ,2023-07-28 00:00,1,41600,기차표
e_e005718,7,교통비,2,KTX/SRT(고속열차),N,2,3058631590,주식회사 에스알,2023-07-28 00:00,1,52000,기차표
e_e005718,7,교통비,3,KTX/SRT(고속열차),Y,2,3148210024,한국철도공사,2023-07-14 17:35,1,59800,기차표
e_e005745,1,주유비,0,자가용(승용/승합/트럭 등등),N,2,,,,,40000,
e_e005745,1,주차비,0,자가용(승용/승합/트럭 등등),N,2,,,,,21000,
e_e005752,5,교통비,0,지하철,N,2,,,,,5600,
e_e005759,4,교통비,0,택시,N,2,,,,,17000,
e_e005759,50,교통비,0,버스 + 지하철,N,2,,,,,42000,
e_e005765,5,교통비,0,지하철,N,2,,,,,5400,
e_e005775,5,교통비,0,지하철,N,1,,,,,3700,
e_e005781,1,주차비,0,자가용(승용/승합/트럭 등등),N,5,,,,,3000,
e_e005781,1,통행료,0,자가용(승용/승합/트럭 등등),N,4,,,,,9400,
e_e005790,1,주유비,0,자가용(승용/승합/트럭 등등),N,3,,,,,30000,
e_e005790,1,통행료,0,자가용(승용/승합/트럭 등등),N,3,,,,,10000,
e_e005793,1,주차비,0,자가용(승용/승합/트럭 등등),N,2,,,,,3000,
e_e005793,5,교통비,0,지하철,N,2,,,,,2700,
e_e005803,5,교통비,0,지하철,N,1,,,,,4700,
e_e005804,50,교통비,0,버스 + 지하철,N,1,,,,,22000,
e_e005807,50,교통비,0,버스 + 지하철,N,1,,,,,7050,
e_e005807,7,교통비,0,KTX/SRT(고속열차),N,1,,,,,52100,
e_e005807,9,교통비,0,항공기,N,1,,,,,46500,
e_e005810,2,렌탈비,0,렌터카(승용/승합/버스 등등),N,2,,,,,50280,
e_e005810,2,주차비,0,렌터카(승용/승합/버스 등등),N,2,,,,,1000,
e_e005810,2,통행료,0,렌터카(승용/승합/버스 등등),N,2,,,,,1450,
e_e005813,12,교통비,0,시외/고속버스,N,1,,,,,68700,
e_e005826,1,주유비,0,자가용(승용/승합/트럭 등등),N,4,,,,,20000,
e_e005826,1,통행료,0,자가용(승용/승합/트럭 등등),N,4,,,,,2000,
e_e005831,5,교통비,0,지하철,N,2,,,,,4800,
e_e005833,4,교통비,0,택시,N,2,,,,,19600,
e_e005833,5,교통비,0,지하철,N,2,,,,,8800,
e_e005840,50,교통비,0,버스 + 지하철,N,2,,,,,10600,
e_e005853,1,통행료,0,자가용(승용/승합/트럭 등등),N,2,,,,,1700,
e_e005860,1,주유비,0,자가용(승용/승합/트럭 등등),N,4,,,,,80000,
e_e005860,1,주차비,0,자가용(승용/승합/트럭 등등),N,4,,,,,12000,
e_e005860,1,통행료,0,자가용(승용/승합/트럭 등등),N,5,,,,,26000,
e_e005860,13,교통비,0,시내/마을버스,N,5,,,,,5000,
e_e005860,4,교통비,0,택시,N,5,,,,,14000,
e_e005862,5,교통비,0,지하철,N,2,,,,,6850,
e_e005863,1,주유비,0,자가용(승용/승합/트럭 등등),N,7,,,,,50000,
e_e005863,1,주차비,0,자가용(승용/승합/트럭 등등),N,7,,,,,6000,
e_e005863,1,통행료,0,자가용(승용/승합/트럭 등등),N,7,,,,,2000,
e_e005876,1,주유비,0,자가용(승용/승합/트럭 등등),N,1,,,,,40000,
e_e005876,1,주차비,0,자가용(승용/승합/트럭 등등),N,1,,,,,3000,
e_e005876,1,통행료,0,자가용(승용/승합/트럭 등등),N,1,,,,,8500,
e_e005885,1,주유비,0,자가용(승용/승합/트럭 등등),N,2,,,,,40000,
e_e005886,2,렌탈비,0,렌터카(승용/승합/버스 등등),N,4,,,,,49400,
e_e005886,4,교통비,0,택시,N,4,,,,,17300,
e_e005886,50,교통비,0,버스 + 지하철,N,4,,,,,38800,
e_e005891,1,주유비,0,자가용(승용/승합/트럭 등등),N,2,,,,,50000,
e_e005891,1,주차비,0,자가용(승용/승합/트럭 등등),N,2,,,,,7000,
e_e005891,1,통행료,0,자가용(승용/승합/트럭 등등),N,2,,,,,5000,
e_e005899,1,주유비,0,자가용(승용/승합/트럭 등등),N,3,,,,,95000,
e_e005899,1,통행료,0,자가용(승용/승합/트럭 등등),N,3,,,,,12500,
e_e005910,1,주차비,0,자가용(승용/승합/트럭 등등),N,2,,,,,7000,
e_e005910,1,통행료,0,자가용(승용/승합/트럭 등등),N,2,,,,,1000,
e_e005915,5,교통비,0,지하철,N,1,,,,,5500,
e_e005922,1,주유비,0,자가용(승용/승합/트럭 등등),N,2,,,,,50000,
e_e005922,1,통행료,0,자가용(승용/승합/트럭 등등),N,2,,,,,2600,
e_e005926,1,주유비,0,자가용(승용/승합/트럭 등등),N,2,,,,,70000,
e_e005926,1,통행료,0,자가용(승용/승합/트럭 등등),N,2,,,,,3000,
e_e005930,50,교통비,0,버스 + 지하철,N,1,,,,,13700,
e_e005935,1,주유비,0,자가용(승용/승합/트럭 등등),N,2,,,,,30000,
e_e005935,1,주차비,0,자가용(승용/승합/트럭 등등),N,2,,,,,1000,
e_e005935,1,통행료,0,자가용(승용/승합/트럭 등등),N,2,,,,,3700,
e_e005940,1,주유비,0,자가용(승용/승합/트럭 등등),N,4,,,,,50000,
e_e005940,1,통행료,0,자가용(승용/승합/트럭 등등),N,4,,,,,2600,
e_e005945,1,주유비,0,자가용(승용/승합/트럭 등등),N,2,,,,,30000,
e_e005947,1,주유비,0,자가용(승용/승합/트럭 등등),N,5,,,,,20000,
e_e005947,1,통행료,0,자가용(승용/승합/트럭 등등),N,4,,,,,1600,
e_e005961,12,교통비,0,시외/고속버스,N,2,,,,,7200,
e_e005961,4,교통비,1,택시,N,2,1358107652,신흥운수(합),2023-08-11 20:08,1,6500,택시비 
e_e005961,4,교통비,2,택시,N,2,1242675210,,2023-08-11 16:08,1,7600,택시비
e_e005961,8,교통비,0,새마을/무궁화열차,N,2,,,,,16500,
e_e005961,8,교통비,1,새마을/무궁화열차,Y,2,3148210024,한국철도공사,2023-08-07 11:07,3,1300,기차표
e_e005961,8,교통비,2,새마을/무궁화열차,Y,2,3148210024,한국철도공사,2023-08-07 11:05,3,2600,기차표 
e_e005961,8,교통비,4,새마을/무궁화열차,Y,2,3148210024,한국철도공사,2023-08-07 11:05,1,1300,기차표
e_e005961,8,교통비,5,새마을/무궁화열차,Y,2,3148210024,한국철도공사,2023-08-07 11:07,3,2600,기차표
e_e005965,1,주유비,0,자가용(승용/승합/트럭 등등),N,2,,,,,20000,
e_e005965,1,주차비,0,자가용(승용/승합/트럭 등등),N,2,,,,,2370,
e_e005965,1,통행료,0,자가용(승용/승합/트럭 등등),N,2,,,,,2400,
e_e005970,1,통행료,0,자가용(승용/승합/트럭 등등),N,4,,,,,1800,
e_e005973,4,교통비,0,택시,N,2,,,,,17500,
e_e005973,50,교통비,0,버스 + 지하철,N,2,,,,,16400,
e_e005978,50,교통비,0,버스 + 지하철,N,2,,,,,20000,
e_e005999,1,주차비,0,자가용(승용/승합/트럭 등등),N,2,,,,,3200,
e_e006003,5,교통비,0,지하철,N,2,,,,,5400,
e_e006005,1,주유비,0,자가용(승용/승합/트럭 등등),N,2,,,,,30000,
e_e006005,1,통행료,0,자가용(승용/승합/트럭 등등),N,2,,,,,1500,
e_e006014,1,주차비,0,자가용(승용/승합/트럭 등등),N,2,,,,,2000,
e_e006014,1,통행료,0,자가용(승용/승합/트럭 등등),N,2,,,,,3000,
e_e006014,13,교통비,0,시내/마을버스,N,2,,,,,3500,
e_e006016,11,교통비,1,관광버스,Y,2,1098638428,주식회사 노랑풍선시티버스,2023-07-27 20:50,1,30000,버스표
e_e006016,4,교통비,0,택시,N,2,,,,,6000,
e_e006016,50,교통비,0,버스 + 지하철,N,2,,,,,15000,
e_e006022,1,주유비,0,자가용(승용/승합/트럭 등등),N,4,,,,,30000,
e_e006022,1,주차비,0,자가용(승용/승합/트럭 등등),N,4,,,,,4100,
e_e006025,50,교통비,0,버스 + 지하철,N,2,,,,,10100,
e_e006028,5,교통비,0,지하철,N,2,,,,,6000,
e_e006029,1,주유비,0,자가용(승용/승합/트럭 등등),N,2,,,,,50000,
e_e006029,1,통행료,0,자가용(승용/승합/트럭 등등),N,4,,,,,5000,
e_e006030,1,통행료,0,자가용(승용/승합/트럭 등등),N,2,,,,,2250,
e_e006032,1,주유비,0,자가용(승용/승합/트럭 등등),N,2,,,,,30000,
e_e006033,50,교통비,0,버스 + 지하철,N,2,,,,,14550,
e_e006041,4,교통비,1,택시,N,2,1048183559,주식회사 티머니,2023-08-30 17:29,1,5000,택시비 
e_e006041,5,교통비,0,지하철,N,2,,,,,5050,
e_e006042,1,주유비,0,자가용(승용/승합/트럭 등등),N,3,,,,,70000,
e_e006042,1,통행료,0,자가용(승용/승합/트럭 등등),N,3,,,,,15000,
e_e006050,1,주유비,0,자가용(승용/승합/트럭 등등),N,5,,,,,60000,
e_e006050,1,통행료,0,자가용(승용/승합/트럭 등등),N,5,,,,,9600,
e_e006052,1,주유비,0,자가용(승용/승합/트럭 등등),N,4,,,,,10000,
e_e006052,1,주차비,0,자가용(승용/승합/트럭 등등),N,4,,,,,2400,
e_e006057,50,교통비,0,버스 + 지하철,N,2,,,,,10800,
e_e006059,4,교통비,0,택시,N,2,,,,,5900,
e_e006059,50,교통비,0,버스 + 지하철,N,2,,,,,23300,
e_e006059,9,교통비,0,항공기,N,2,,,,,206400,
e_e006069,1,주유비,0,자가용(승용/승합/트럭 등등),N,4,,,,,100000,
e_e006069,1,주차비,0,자가용(승용/승합/트럭 등등),N,4,,,,,3000,
e_e006073,1,주유비,0,자가용(승용/승합/트럭 등등),N,4,,,,,10440,
e_e006073,1,통행료,0,자가용(승용/승합/트럭 등등),N,4,,,,,4600,
e_e006081,1,주유비,0,자가용(승용/승합/트럭 등등),N,2,,,,,50000,
e_e006081,1,주차비,0,자가용(승용/승합/트럭 등등),N,2,,,,,3000,
e_e006086,1,주유비,0,자가용(승용/승합/트럭 등등),N,2,,,,,60000,
e_e006086,1,통행료,0,자가용(승용/승합/트럭 등등),N,2,,,,,20000,
e_e006090,1,주차비,0,자가용(승용/승합/트럭 등등),N,2,,,,,4800,
e_e006098,5,교통비,0,지하철,N,3,,,,,4950,
e_e006098,7,교통비,1,KTX/SRT(고속열차),Y,3,3148210024,한국철도공사,2023-07-28 00:00,1,21300,기차표 
e_e006098,7,교통비,2,KTX/SRT(고속열차),Y,3,3148210024,한국철도공사,2023-07-28 00:00,1,15800,기차표 
e_e006100,4,교통비,0,택시,N,2,,,,,8700,
e_e006100,50,교통비,0,버스 + 지하철,N,2,,,,,15500,
e_e006128,50,교통비,0,버스 + 지하철,N,2,,,,,21300,
e_e006133,50,교통비,0,버스 + 지하철,N,2,,,,,11700,
e_e006136,50,교통비,0,버스 + 지하철,N,1,,,,,77950,
e_e006145,1,주유비,0,자가용(승용/승합/트럭 등등),N,2,,,,,30000,
e_e006145,1,주차비,0,자가용(승용/승합/트럭 등등),N,2,,,,,2500,
e_e006145,1,통행료,0,자가용(승용/승합/트럭 등등),N,2,,,,,1800,
e_e006151,13,교통비,0,시내/마을버스,N,2,,,,,1450,
e_e006151,4,교통비,0,택시,N,2,,,,,28200,
e_e006157,1,주유비,0,자가용(승용/승합/트럭 등등),N,3,,,,,19000,
e_e006157,1,주차비,0,자가용(승용/승합/트럭 등등),N,3,,,,,2800,
e_e006157,1,통행료,0,자가용(승용/승합/트럭 등등),N,3,,,,,5000,
e_e006177,1,주유비,0,자가용(승용/승합/트럭 등등),N,2,,,,,20000,
e_e006179,1,주유비,0,자가용(승용/승합/트럭 등등),N,2,,,,,15000,
e_e006179,13,교통비,0,시내/마을버스,N,2,,,,,5200,
e_e006198,5,교통비,0,지하철,N,2,,,,,8900,
e_e006203,1,주유비,0,자가용(승용/승합/트럭 등등),N,3,,,,,9839,
e_e006208,12,교통비,0,시외/고속버스,N,2,,,,,8600,
e_e006208,4,교통비,1,택시,N,2,,,2023-08-02 20:21,1,9800,택시비
e_e006208,4,교통비,3,택시,N,2,,카카오 택시,2023-08-02 13:09,1,12400,택시비
e_e006213,1,주차비,0,자가용(승용/승합/트럭 등등),N,2,,,,,4000,
e_e006213,4,교통비,0,택시,N,2,,,,,7300,
e_e006213,7,교통비,0,KTX/SRT(고속열차),N,2,,,,,51200,
e_e006214,50,교통비,0,버스 + 지하철,N,2,,,,,12500,
e_e006224,4,교통비,0,택시,N,2,,,,,24000,
e_e006225,50,교통비,0,버스 + 지하철,N,2,,,,,7000,
e_e006226,1,주유비,0,자가용(승용/승합/트럭 등등),N,4,,,,,10000,
e_e006226,1,통행료,0,자가용(승용/승합/트럭 등등),N,4,,,,,4600,
e_e006251,13,교통비,0,시내/마을버스,N,2,,,,,1500,
e_e006251,2,렌탈비,0,렌터카(승용/승합/버스 등등),N,2,,,,,39300,
e_e006251,2,주유비,0,렌터카(승용/승합/버스 등등),N,2,,,,,54000,
e_e006251,2,통행료,0,렌터카(승용/승합/버스 등등),N,2,,,,,3600,
e_e006255,1,주유비,0,자가용(승용/승합/트럭 등등),N,3,,,,,50000,
e_e006261,1,주유비,0,자가용(승용/승합/트럭 등등),N,2,,,,,40000,
e_e006261,1,주차비,0,자가용(승용/승합/트럭 등등),N,2,,,,,8000,
e_e006261,1,통행료,0,자가용(승용/승합/트럭 등등),N,2,,,,,2600,
e_e006272,1,통행료,0,자가용(승용/승합/트럭 등등),N,2,,,,,3000,
e_e006291,1,주유비,0,자가용(승용/승합/트럭 등등),N,3,,,,,10000,
e_e006291,1,주차비,0,자가용(승용/승합/트럭 등등),N,3,,,,,5000,
e_e006314,5,교통비,0,지하철,N,2,,,,,8000,
e_e006315,1,주유비,0,자가용(승용/승합/트럭 등등),N,4,,,,,15000,
e_e006321,4,교통비,0,택시,N,2,,,,,6000,
e_e006321,5,교통비,0,지하철,N,2,,,,,3900,
e_e006324,5,교통비,0,지하철,N,2,,,,,4300,
e_e006341,5,교통비,0,지하철,N,1,,,,,3700,
e_e006348,1,주유비,0,자가용(승용/승합/트럭 등등),N,3,,,,,17900,
e_e006348,1,통행료,0,자가용(승용/승합/트럭 등등),N,3,,,,,13200,
e_e006348,13,교통비,0,시내/마을버스,N,3,,,,,1300,
e_e006352,1,주차비,0,자가용(승용/승합/트럭 등등),N,2,,,,,5020,
e_e006352,1,통행료,0,자가용(승용/승합/트럭 등등),N,2,,,,,5800,
e_e006355,5,교통비,0,지하철,N,3,,,,,4800,
e_e006359,4,교통비,1,택시,N,3,5491700819,개인택시,2023-08-03 11:26,1,10200,택시비
e_e006359,4,교통비,2,택시,N,3,1321656665,개인택시,2023-08-03 18:14,3,10700,택시비
e_e006359,5,교통비,0,지하철,N,3,,,,,2150,
e_e006359,8,교통비,0,새마을/무궁화열차,N,3,,,,,3100,
e_e006371,12,교통비,0,시외/고속버스,N,2,,,,,59700,
e_e006406,5,교통비,0,지하철,N,2,,,,,7000,
e_e006407,50,교통비,0,버스 + 지하철,N,2,,,,,60000,
e_e006416,5,교통비,0,지하철,N,1,,,,,4500,
e_e006422,13,교통비,0,시내/마을버스,N,2,,,,,6000,
e_e006422,8,교통비,1,새마을/무궁화열차,N,2,3148210024,한국철도공사,2023-08-12 08:52,1,5400,기차표
e_e006422,8,교통비,2,새마을/무궁화열차,N,2,3148210024,한국철도공사,2023-08-12 15:46,1,9600,기차표 
e_e006423,50,교통비,0,버스 + 지하철,N,1,,,,,8000,
e_e006424,1,주차비,0,자가용(승용/승합/트럭 등등),N,2,,,,,9100,
e_e006424,5,교통비,0,지하철,N,2,,,,,5000,
e_e006424,7,교통비,1,KTX/SRT(고속열차),N,2,3148210024,한국철도공사,2023-08-05 08:25,1,53500,기차표 
e_e006424,7,교통비,2,KTX/SRT(고속열차),N,2,3058631590,주식회사 에스알,2023-08-05 14:02,1,46600,기차표
e_e006432,1,주유비,0,자가용(승용/승합/트럭 등등),N,3,,,,,30000,
e_e006439,1,주유비,0,자가용(승용/승합/트럭 등등),N,4,,,,,23000,
e_e006439,1,주차비,0,자가용(승용/승합/트럭 등등),N,6,,,,,3800,
e_e006439,1,통행료,0,자가용(승용/승합/트럭 등등),N,6,,,,,10400,
e_e006446,13,교통비,0,시내/마을버스,N,2,,,,,5200,
e_e006446,4,교통비,0,택시,N,2,,,,,8000,
e_e006447,16,교통비,0,기타,N,2,,,,,2000,
e_e006447,4,교통비,0,택시,N,2,,,,,32000,
e_e006447,5,교통비,0,지하철,N,2,,,,,4000,
e_e006448,1,주유비,0,자가용(승용/승합/트럭 등등),N,4,,,,,15000,
e_e006448,1,주차비,0,자가용(승용/승합/트럭 등등),N,4,,,,,13000,
e_e006448,16,교통비,0,기타,N,1,,,,,14000,
e_e006452,1,주유비,0,자가용(승용/승합/트럭 등등),N,2,,,,,30000,
e_e006452,1,주차비,0,자가용(승용/승합/트럭 등등),N,2,,,,,13000,
e_e006452,1,통행료,0,자가용(승용/승합/트럭 등등),N,2,,,,,4000,
e_e006458,1,주유비,0,자가용(승용/승합/트럭 등등),N,2,,,,,4000,
e_e006458,1,통행료,0,자가용(승용/승합/트럭 등등),N,2,,,,,2100,
e_e006458,4,교통비,0,택시,N,2,,,,,6100,
e_e006458,5,교통비,0,지하철,N,2,,,,,3650,
e_e006460,1,주유비,0,자가용(승용/승합/트럭 등등),N,2,,,,,5000,
e_e006463,12,교통비,0,시외/고속버스,N,2,,,,,11600,
e_e006474,1,주유비,0,자가용(승용/승합/트럭 등등),N,3,,,,,40000,
e_e006483,1,주유비,0,자가용(승용/승합/트럭 등등),N,1,,,,,10000,
e_e006486,50,교통비,0,버스 + 지하철,N,3,,,,,48800,
e_e006489,50,교통비,0,버스 + 지하철,N,1,,,,,20350,
e_e006492,1,주유비,0,자가용(승용/승합/트럭 등등),N,2,,,,,20000,
e_e006495,5,교통비,0,지하철,N,1,,,,,5600,
e_e006497,1,통행료,0,자가용(승용/승합/트럭 등등),N,3,,,,,4200,
e_e006497,4,교통비,0,택시,N,3,,,,,8000,
e_e006497,5,교통비,0,지하철,N,3,,,,,6250,
e_e006505,50,교통비,0,버스 + 지하철,N,2,,,,,10000,
e_e006507,1,주유비,0,자가용(승용/승합/트럭 등등),N,2,,,,,50000,
e_e006507,1,통행료,0,자가용(승용/승합/트럭 등등),N,2,,,,,5000,
e_e006510,5,교통비,0,지하철,N,2,,,,,7000,
e_e006517,5,교통비,0,지하철,N,2,,,,,7000,
e_e006528,5,교통비,0,지하철,N,1,,,,,3600,
e_e006529,1,주차비,0,자가용(승용/승합/트럭 등등),N,4,,,,,1000,
e_e006529,1,통행료,0,자가용(승용/승합/트럭 등등),N,4,,,,,1600,
e_e006531,5,교통비,0,지하철,N,2,,,,,8450,
e_e006534,1,주유비,0,자가용(승용/승합/트럭 등등),N,2,,,,,50000,
e_e006534,1,주차비,0,자가용(승용/승합/트럭 등등),N,2,,,,,5100,
e_e006537,50,교통비,0,버스 + 지하철,N,2,,,,,13000,
e_e006544,12,교통비,0,시외/고속버스,N,2,,,,,16300,
e_e006546,1,주유비,0,자가용(승용/승합/트럭 등등),N,3,,,,,40000,
e_e006550,1,주유비,0,자가용(승용/승합/트럭 등등),N,4,,,,,30000,
e_e006550,1,주차비,0,자가용(승용/승합/트럭 등등),N,4,,,,,3000,
e_e006552,1,통행료,0,자가용(승용/승합/트럭 등등),N,2,,,,,800,
e_e006554,1,주유비,0,자가용(승용/승합/트럭 등등),N,4,,,,,72000,
e_e006554,1,통행료,0,자가용(승용/승합/트럭 등등),N,4,,,,,5000,
e_e006555,1,주유비,0,자가용(승용/승합/트럭 등등),N,1,,,,,40000,
e_e006555,1,통행료,0,자가용(승용/승합/트럭 등등),N,1,,,,,4500,
e_e006557,1,통행료,0,자가용(승용/승합/트럭 등등),N,3,,,,,4000,
e_e006572,1,주유비,0,자가용(승용/승합/트럭 등등),N,2,,,,,28000,
e_e006572,1,주차비,0,자가용(승용/승합/트럭 등등),N,2,,,,,500,
e_e006572,1,통행료,0,자가용(승용/승합/트럭 등등),N,2,,,,,3000,
e_e006575,5,교통비,0,지하철,N,2,,,,,5000,
e_e006577,5,교통비,0,지하철,N,1,,,,,3850,
e_e006585,1,주유비,0,자가용(승용/승합/트럭 등등),N,2,,,,,10000,
e_e006585,1,통행료,0,자가용(승용/승합/트럭 등등),N,2,,,,,1800,
e_e006587,1,주유비,0,자가용(승용/승합/트럭 등등),N,2,,,,,20000,
e_e006587,1,통행료,0,자가용(승용/승합/트럭 등등),N,2,,,,,5500,
e_e006588,50,교통비,0,버스 + 지하철,N,2,,,,,7000,
e_e006591,5,교통비,0,지하철,N,2,,,,,4800,
e_e006592,1,통행료,0,자가용(승용/승합/트럭 등등),N,1,,,,,10000,
e_e006593,1,주차비,0,자가용(승용/승합/트럭 등등),N,2,,,,,5000,
e_e006600,4,교통비,0,택시,N,1,,,,,20000,
e_e006600,7,교통비,0,KTX/SRT(고속열차),N,1,,,,,45600,
e_e006602,1,주유비,0,자가용(승용/승합/트럭 등등),N,2,,,,,30000,
e_e006602,1,주차비,0,자가용(승용/승합/트럭 등등),N,2,,,,,4000,
e_e006602,1,통행료,0,자가용(승용/승합/트럭 등등),N,2,,,,,4600,
e_e006783,50,교통비,0,버스 + 지하철,N,1,,,,,19100,
e_e006785,1,주차비,0,자가용(승용/승합/트럭 등등),N,3,,,,,25000,
e_e006786,1,통행료,0,자가용(승용/승합/트럭 등등),N,2,,,,,1500,
e_e006786,12,교통비,0,시외/고속버스,N,2,,,,,1850,
e_e006788,12,교통비,0,시외/고속버스,N,4,,,,,6000,
e_e006789,50,교통비,0,버스 + 지하철,N,1,,,,,55000,
e_e006791,5,교통비,0,지하철,N,2,,,,,5000,
e_e006793,5,교통비,0,지하철,N,1,,,,,9100,
e_e006794,50,교통비,0,버스 + 지하철,N,1,,,,,10000,
e_e006795,1,주유비,0,자가용(승용/승합/트럭 등등),N,4,,,,,10000,
e_e006795,1,주차비,0,자가용(승용/승합/트럭 등등),N,4,,,,,1900,
e_e006796,1,주유비,0,자가용(승용/승합/트럭 등등),N,1,,,,,20000,
e_e006801,1,주차비,0,자가용(승용/승합/트럭 등등),N,4,,,,,6000,
e_e006804,4,교통비,1,택시,N,1,1298638970,로카모빌리티(주),2023-08-26 12:33,1,6100,택시비
e_e006804,5,교통비,0,지하철,N,1,,,,,4300,
e_e006805,1,주유비,0,자가용(승용/승합/트럭 등등),N,3,,,,,50000,
e_e006808,1,주유비,0,자가용(승용/승합/트럭 등등),N,2,,,,,30000,
e_e006808,1,주차비,0,자가용(승용/승합/트럭 등등),N,2,,,,,2600,
e_e006810,2,렌탈비,0,렌터카(승용/승합/버스 등등),N,2,,,,,21000,
e_e006810,2,주유비,0,렌터카(승용/승합/버스 등등),N,2,,,,,20000,
e_e006810,2,통행료,0,렌터카(승용/승합/버스 등등),N,2,,,,,2400,
e_e006813,1,통행료,0,자가용(승용/승합/트럭 등등),N,3,,,,,10000,
e_e006815,12,교통비,0,시외/고속버스,N,1,,,,,4600,
e_e006818,1,주유비,0,자가용(승용/승합/트럭 등등),N,3,,,,,50000,
e_e006818,1,주차비,0,자가용(승용/승합/트럭 등등),N,3,,,,,2000,
e_e006818,1,통행료,0,자가용(승용/승합/트럭 등등),N,3,,,,,4200,
e_e006820,13,교통비,0,시내/마을버스,N,1,,,,,3550,
e_e006823,1,통행료,0,자가용(승용/승합/트럭 등등),N,2,,,,,7000,
e_e006826,1,주유비,0,자가용(승용/승합/트럭 등등),N,4,,,,,13340,
e_e006826,1,통행료,0,자가용(승용/승합/트럭 등등),N,4,,,,,10600,
e_e006828,5,교통비,0,지하철,N,1,,,,,3300,
e_e006830,1,주유비,0,자가용(승용/승합/트럭 등등),N,2,,,,,150000,
e_e006833,1,주차비,0,자가용(승용/승합/트럭 등등),N,4,,,,,200,
e_e006834,1,주유비,0,자가용(승용/승합/트럭 등등),N,3,,,,,15000,
e_e006837,50,교통비,0,버스 + 지하철,N,2,,,,,14000,
e_e006840,1,주유비,0,자가용(승용/승합/트럭 등등),N,2,,,,,10000,
e_e006840,1,주차비,0,자가용(승용/승합/트럭 등등),N,2,,,,,6000,
e_e006840,1,통행료,0,자가용(승용/승합/트럭 등등),N,2,,,,,2400,
e_e006844,5,교통비,0,지하철,N,2,,,,,5000,
e_e006846,4,교통비,1,택시,N,2,3303801091,개인택시,2023-08-16 14:19,1,8000,택시비 
e_e006846,5,교통비,0,지하철,N,2,,,,,8000,
e_e006852,1,주유비,0,자가용(승용/승합/트럭 등등),N,3,,,,,50000,
e_e006852,1,통행료,0,자가용(승용/승합/트럭 등등),N,3,,,,,3600,
e_e006853,5,교통비,0,지하철,N,2,,,,,5000,
e_e006854,1,통행료,0,자가용(승용/승합/트럭 등등),N,3,,,,,1000,
e_e006855,1,주유비,0,자가용(승용/승합/트럭 등등),N,4,,,,,20000,
e_e006856,1,통행료,0,자가용(승용/승합/트럭 등등),N,4,,,,,1600,
e_e006862,5,교통비,0,지하철,N,1,,,,,4950,
e_e006863,1,주차비,0,자가용(승용/승합/트럭 등등),N,4,,,,,3000,
e_e006865,1,주유비,0,자가용(승용/승합/트럭 등등),N,1,,,,,25000,
e_e006865,1,통행료,0,자가용(승용/승합/트럭 등등),N,1,,,,,2700,
e_e006867,1,주유비,0,자가용(승용/승합/트럭 등등),N,3,,,,,60000,
e_e006869,1,주유비,0,자가용(승용/승합/트럭 등등),N,2,,,,,50000,
e_e006869,5,교통비,0,지하철,N,2,,,,,1650,
e_e006871,1,주유비,0,자가용(승용/승합/트럭 등등),N,4,,,,,30000,
e_e006874,5,교통비,0,지하철,N,1,,,,,5100,
e_e006876,1,주유비,0,자가용(승용/승합/트럭 등등),N,2,,,,,50000,
e_e006876,1,주차비,0,자가용(승용/승합/트럭 등등),N,2,,,,,3200,
e_e006879,1,주유비,0,자가용(승용/승합/트럭 등등),N,3,,,,,20000,
e_e006879,1,주차비,0,자가용(승용/승합/트럭 등등),N,3,,,,,9000,
e_e006880,1,주유비,0,자가용(승용/승합/트럭 등등),N,3,,,,,40000,
e_e006880,1,통행료,0,자가용(승용/승합/트럭 등등),N,3,,,,,11000,
e_e006882,5,교통비,0,지하철,N,1,,,,,4950,
e_e006883,1,통행료,0,자가용(승용/승합/트럭 등등),N,2,,,,,3300,
e_e006884,1,주유비,0,자가용(승용/승합/트럭 등등),N,2,,,,,10000,
e_e006884,1,통행료,0,자가용(승용/승합/트럭 등등),N,2,,,,,3000,
e_e006886,4,교통비,1,택시,N,2,1048183559,주식회사 티머니,2023-08-15 09:44,1,5500,택시비
e_e006886,50,교통비,0,버스 + 지하철,N,2,,,,,30750,
e_e006887,50,교통비,0,버스 + 지하철,N,1,,,,,20000,
e_e006890,1,주차비,0,자가용(승용/승합/트럭 등등),N,2,,,,,5500,
e_e006892,1,주차비,0,자가용(승용/승합/트럭 등등),N,2,,,,,2000,
e_e006893,1,주유비,0,자가용(승용/승합/트럭 등등),N,1,,,,,20000,
e_e006893,1,통행료,0,자가용(승용/승합/트럭 등등),N,1,,,,,2500,
e_e006895,1,주유비,0,자가용(승용/승합/트럭 등등),N,2,,,,,20000,
e_e006897,12,교통비,0,시외/고속버스,N,2,,,,,8200,
e_e006899,1,주유비,0,자가용(승용/승합/트럭 등등),N,2,,,,,20000,
e_e006899,1,주차비,0,자가용(승용/승합/트럭 등등),N,2,,,,,3600,
e_e006900,5,교통비,0,지하철,N,1,,,,,5000,
e_e006902,5,교통비,0,지하철,N,1,,,,,5600,
e_e006905,1,주유비,0,자가용(승용/승합/트럭 등등),N,1,,,,,15000,
e_e006906,5,교통비,0,지하철,N,1,,,,,3700,
e_e006907,1,주유비,0,자가용(승용/승합/트럭 등등),N,2,,,,,20000,
e_e006907,1,주차비,0,자가용(승용/승합/트럭 등등),N,2,,,,,2000,
e_e006908,1,주유비,0,자가용(승용/승합/트럭 등등),N,3,,,,,10000,
e_e006908,1,주차비,0,자가용(승용/승합/트럭 등등),N,3,,,,,1100,
e_e006908,1,통행료,0,자가용(승용/승합/트럭 등등),N,3,,,,,2000,
e_e006911,1,주유비,0,자가용(승용/승합/트럭 등등),N,2,,,,,10000,
e_e006911,1,주차비,0,자가용(승용/승합/트럭 등등),N,2,,,,,1300,
e_e006911,1,통행료,0,자가용(승용/승합/트럭 등등),N,2,,,,,1000,
e_e006913,2,렌탈비,1,렌터카(승용/승합/버스 등등),Y,2,3148653943,주식회사 피플카,2023-08-15 15:06,1,24940,렌트비
e_e006913,2,주유비,0,렌터카(승용/승합/버스 등등),N,2,,,,,13160,
e_e006914,1,주유비,0,자가용(승용/승합/트럭 등등),N,3,,,,,30000,
e_e006914,1,주차비,0,자가용(승용/승합/트럭 등등),N,3,,,,,2000,
e_e006914,1,통행료,0,자가용(승용/승합/트럭 등등),N,3,,,,,3600,
e_e006915,1,주유비,0,자가용(승용/승합/트럭 등등),N,3,,,,,50000,
e_e006918,1,주유비,0,자가용(승용/승합/트럭 등등),N,4,,,,,40000,
e_e006920,5,교통비,0,지하철,N,2,,,,,3100,
e_e006921,1,주유비,0,자가용(승용/승합/트럭 등등),N,4,,,,,20000,
e_e006921,1,통행료,0,자가용(승용/승합/트럭 등등),N,4,,,,,6000,
e_e006922,1,주유비,0,자가용(승용/승합/트럭 등등),N,4,,,,,50000,
e_e006922,1,통행료,0,자가용(승용/승합/트럭 등등),N,4,,,,,6900,
e_e006926,1,주차비,0,자가용(승용/승합/트럭 등등),N,3,,,,,1500,
e_e006927,1,주유비,0,자가용(승용/승합/트럭 등등),N,4,,,,,20000,
e_e006927,1,주차비,0,자가용(승용/승합/트럭 등등),N,4,,,,,2000,
e_e006927,1,통행료,0,자가용(승용/승합/트럭 등등),N,4,,,,,6800,
e_e006929,1,주차비,0,자가용(승용/승합/트럭 등등),N,3,,,,,2000,
e_e006930,1,주유비,0,자가용(승용/승합/트럭 등등),N,3,,,,,23800,
e_e006930,1,통행료,0,자가용(승용/승합/트럭 등등),N,3,,,,,6400,
e_e006932,1,주유비,0,자가용(승용/승합/트럭 등등),N,3,,,,,20000,
e_e006933,1,주유비,0,자가용(승용/승합/트럭 등등),N,2,,,,,20000,
e_e006934,1,주유비,0,자가용(승용/승합/트럭 등등),N,2,,,,,16000,
e_e006934,1,통행료,0,자가용(승용/승합/트럭 등등),N,2,,,,,5400,
e_e006936,50,교통비,0,버스 + 지하철,N,2,,,,,10000,
e_e006937,1,주차비,0,자가용(승용/승합/트럭 등등),N,2,,,,,1000,
e_e006939,5,교통비,0,지하철,N,1,,,,,6500,
e_e006939,8,교통비,0,새마을/무궁화열차,N,1,,,,,9800,
e_e006941,1,주유비,0,자가용(승용/승합/트럭 등등),N,3,,,,,15000,
e_e006941,1,통행료,0,자가용(승용/승합/트럭 등등),N,3,,,,,4000,
e_e006944,1,주유비,0,자가용(승용/승합/트럭 등등),N,4,,,,,44000,
e_e006946,4,교통비,1,택시,N,2,5590300459,개인택시,2023-08-20 13:56,1,6200,택시비
e_e006946,5,교통비,0,지하철,N,2,,,,,7600,
e_e006947,1,주유비,0,자가용(승용/승합/트럭 등등),N,2,,,,,10000,
e_e006947,1,통행료,0,자가용(승용/승합/트럭 등등),N,2,,,,,16000,
e_e006949,4,교통비,1,택시,N,3,,카카오페이_택시,2023-08-15 17:07,1,19400,택시비
e_e006949,5,교통비,0,지하철,N,3,,,,,9600,
e_e006950,5,교통비,0,지하철,N,2,,,,,6200,
e_e006951,50,교통비,0,버스 + 지하철,N,2,,,,,12000,
e_e006952,1,주유비,0,자가용(승용/승합/트럭 등등),N,4,,,,,30000,
e_e006953,4,교통비,0,택시,N,1,,,,,9800,
e_e006953,5,교통비,0,지하철,N,1,,,,,3300,
e_e006954,12,교통비,0,시외/고속버스,N,2,,,,,23500,
e_e006954,12,교통비,2,시외/고속버스,N,2,,,2023-08-26 07:41,1,7500,버스표
e_e006954,4,교통비,1,택시,N,2,1048183559,티머니개인택시,2023-08-26 07:04,1,8500,택시비
e_e006954,4,교통비,3,택시,N,2,,경기교통,2023-08-26 00:00,1,7500,택시비
e_e007139,1,주유비,0,자가용(승용/승합/트럭 등등),N,4,,,,,10000,
e_e007139,1,주차비,0,자가용(승용/승합/트럭 등등),N,9,,,,,1680,
e_e007145,5,교통비,0,지하철,N,1,,,,,5000,
e_e007155,1,주유비,0,자가용(승용/승합/트럭 등등),N,2,,,,,50000,
e_e007155,1,통행료,0,자가용(승용/승합/트럭 등등),N,2,,,,,11200,
e_e007166,1,주유비,0,자가용(승용/승합/트럭 등등),N,2,,,,,2391,
e_e007169,13,교통비,0,시내/마을버스,N,2,,,,,8800,
e_e007170,1,주유비,0,자가용(승용/승합/트럭 등등),N,3,,,,,10000,
e_e007170,1,주차비,0,자가용(승용/승합/트럭 등등),N,3,,,,,5000,
e_e007172,1,주유비,0,자가용(승용/승합/트럭 등등),N,2,,,,,20000,
e_e007174,5,교통비,0,지하철,N,1,,,,,3500,
e_e007192,5,교통비,0,지하철,N,1,,,,,3400,
e_e007193,5,교통비,0,지하철,N,2,,,,,7400,
e_e007196,4,교통비,1,택시,N,1,5028601931,디지비유페이,2023-09-02 00:00,1,9600,택시비 
e_e007196,5,교통비,0,지하철,N,1,,,,,5000,
e_e007196,7,교통비,1,KTX/SRT(고속열차),Y,1,3148210024,한국철도공사 ,2023-08-21 00:00,1,86200,기차표
e_e007198,4,교통비,0,택시,N,3,,,,,8100,
e_e007198,50,교통비,0,버스 + 지하철,N,3,,,,,12300,
e_e007200,4,교통비,0,택시,N,2,,,,,12400,
e_e007200,50,교통비,0,버스 + 지하철,N,2,,,,,25000,
e_e007203,1,주유비,0,자가용(승용/승합/트럭 등등),N,2,,,,,7700,
e_e007203,1,주차비,0,자가용(승용/승합/트럭 등등),N,2,,,,,4500,
e_e007203,1,통행료,0,자가용(승용/승합/트럭 등등),N,2,,,,,3800,
e_e007205,1,통행료,0,자가용(승용/승합/트럭 등등),N,2,,,,,3000,
e_e007207,4,교통비,0,택시,N,2,,,,,7900,
e_e007207,50,교통비,0,버스 + 지하철,N,2,,,,,33000,
e_e007213,5,교통비,0,지하철,N,1,,,,,4800,
e_e007214,1,주유비,0,자가용(승용/승합/트럭 등등),N,1,,,,,30000,
e_e007216,5,교통비,0,지하철,N,1,,,,,2500,
e_e007216,7,교통비,1,KTX/SRT(고속열차),Y,1,3148210024,한국철도공사,2023-08-21 14:37,1,31200,기차표 
e_e007216,7,교통비,2,KTX/SRT(고속열차),Y,1,3148210024,한국철도공사,2023-08-21 16:14,1,23700,기차표 
e_e007216,7,교통비,3,KTX/SRT(고속열차),Y,1,3058631590,주식회사 에스알,2023-08-21 20:09,1,17600,기차표
e_e007217,1,주차비,0,자가용(승용/승합/트럭 등등),N,3,,,,,2000,
e_e007218,5,교통비,0,지하철,N,2,,,,,9200,
e_e007219,1,주유비,0,자가용(승용/승합/트럭 등등),N,3,,,,,3230,
e_e007219,1,주차비,0,자가용(승용/승합/트럭 등등),N,3,,,,,3600,
e_e007227,12,교통비,0,시외/고속버스,N,2,,,,,5600,
e_e007231,5,교통비,0,지하철,N,2,,,,,7000,
e_e007236,1,통행료,0,자가용(승용/승합/트럭 등등),N,2,,,,,9600,
e_e007239,1,주유비,0,자가용(승용/승합/트럭 등등),N,3,,,,,10000,
e_e007239,1,통행료,0,자가용(승용/승합/트럭 등등),N,3,,,,,1800,
e_e007242,1,통행료,0,자가용(승용/승합/트럭 등등),N,2,,,,,4300,
e_e007243,1,주유비,0,자가용(승용/승합/트럭 등등),N,2,,,,,50000,
e_e007245,13,교통비,0,시내/마을버스,N,1,,,,,3100,
e_e007255,7,교통비,1,KTX/SRT(고속열차),N,1,3058631590,주식회사 에스알,2023-08-12 00:00,1,20000,기차표 
e_e007255,7,교통비,2,KTX/SRT(고속열차),N,1,3148210024,한국철도공사,2023-08-12 20:58,1,23700,기차표 
e_e007269,1,통행료,0,자가용(승용/승합/트럭 등등),N,4,,,,,11000,
e_e007270,1,주차비,0,자가용(승용/승합/트럭 등등),N,2,,,,,2000,
e_e007272,1,주유비,0,자가용(승용/승합/트럭 등등),N,6,,,,,20000,
e_e007272,1,주차비,0,자가용(승용/승합/트럭 등등),N,6,,,,,5000,
e_e007272,50,교통비,0,버스 + 지하철,N,6,,,,,30000,
e_e007289,1,주유비,0,자가용(승용/승합/트럭 등등),N,3,,,,,51000,
e_e007289,1,통행료,0,자가용(승용/승합/트럭 등등),N,3,,,,,2900,
e_e007294,50,교통비,0,버스 + 지하철,N,1,,,,,10000,
e_e007296,5,교통비,0,지하철,N,2,,,,,8100,
e_e007301,1,주유비,0,자가용(승용/승합/트럭 등등),N,2,,,,,50000,
e_e007301,1,통행료,0,자가용(승용/승합/트럭 등등),N,2,,,,,15000,
e_e007304,5,교통비,0,지하철,N,1,,,,,6600,
e_e007306,1,주유비,0,자가용(승용/승합/트럭 등등),N,2,,,,,17700,
e_e007306,1,통행료,0,자가용(승용/승합/트럭 등등),N,2,,,,,8000,
e_e007310,50,교통비,0,버스 + 지하철,N,2,,,,,12000,
e_e007311,5,교통비,0,지하철,N,1,,,,,5000,
e_e007312,1,통행료,0,자가용(승용/승합/트럭 등등),N,3,,,,,9600,
e_e007315,1,통행료,0,자가용(승용/승합/트럭 등등),N,2,,,,,6600,
e_e007316,13,교통비,0,시내/마을버스,N,2,,,,,12000,
e_e007328,1,주차비,0,자가용(승용/승합/트럭 등등),N,5,,,,,12000,
e_e007328,1,통행료,0,자가용(승용/승합/트럭 등등),N,5,,,,,6000,
e_e007332,5,교통비,0,지하철,N,1,,,,,4550,
e_e007338,1,주유비,0,자가용(승용/승합/트럭 등등),N,1,,,,,50000,
e_e007338,1,통행료,0,자가용(승용/승합/트럭 등등),N,1,,,,,500,
e_e007341,1,주유비,0,자가용(승용/승합/트럭 등등),N,1,,,,,5000,
e_e007341,5,교통비,0,지하철,N,1,,,,,2800,
e_e007341,7,교통비,1,KTX/SRT(고속열차),Y,1,3148210024,한국철도공사,2023-08-12 23:24,3,34200,기차표
e_e007341,7,교통비,2,KTX/SRT(고속열차),N,1,3148210024,한국철도공사,2023-08-23 08:29,1,59800,기차표
e_e007342,1,주유비,0,자가용(승용/승합/트럭 등등),N,2,,,,,60000,
e_e007357,1,주차비,0,자가용(승용/승합/트럭 등등),N,4,,,,,2500,
e_e007362,1,주유비,0,자가용(승용/승합/트럭 등등),N,2,,,,,20000,
e_e007379,50,교통비,0,버스 + 지하철,N,1,,,,,8050,
e_e007385,5,교통비,0,지하철,N,2,,,,,2500,
e_e007388,5,교통비,0,지하철,N,3,,,,,6000,
e_e007391,5,교통비,0,지하철,N,1,,,,,3700,
e_e007394,5,교통비,0,지하철,N,2,,,,,6850,
e_e007394,7,교통비,0,KTX/SRT(고속열차),N,2,,,,,7500,
e_e007399,50,교통비,0,버스 + 지하철,N,2,,,,,12200,
e_e007402,5,교통비,0,지하철,N,1,,,,,2500,
e_e007403,5,교통비,0,지하철,N,4,,,,,2900,
e_e007409,50,교통비,0,버스 + 지하철,N,2,,,,,7000,
e_e007421,1,주유비,0,자가용(승용/승합/트럭 등등),N,2,,,,,30000,
e_e007421,1,통행료,0,자가용(승용/승합/트럭 등등),N,2,,,,,5000,
e_e007421,5,교통비,0,지하철,N,2,,,,,3950,
e_e007425,1,주유비,0,자가용(승용/승합/트럭 등등),N,2,,,,,10000,
e_e007430,5,교통비,0,지하철,N,1,,,,,5000,
e_e007431,50,교통비,0,버스 + 지하철,N,1,,,,,10300,
e_e007431,7,교통비,0,KTX/SRT(고속열차),N,1,,,,,95900,
e_e007437,50,교통비,0,버스 + 지하철,N,1,,,,,8300,
e_e007441,1,주유비,0,자가용(승용/승합/트럭 등등),N,2,,,,,20000,
e_e007441,1,통행료,0,자가용(승용/승합/트럭 등등),N,2,,,,,3800,
e_e007450,5,교통비,0,지하철,N,1,,,,,6850,
e_e007452,1,주유비,0,자가용(승용/승합/트럭 등등),N,2,,,,,15000,
e_e007452,1,통행료,0,자가용(승용/승합/트럭 등등),N,2,,,,,5500,
e_e007452,50,교통비,0,버스 + 지하철,N,2,,,,,18500,
e_e007453,50,교통비,0,버스 + 지하철,N,3,,,,,15000,
e_e007460,4,교통비,0,택시,N,2,,,,,7900,
e_e007460,5,교통비,0,지하철,N,2,,,,,6000,
e_e007474,5,교통비,0,지하철,N,3,,,,,6600,
e_e007480,50,교통비,0,버스 + 지하철,N,1,,,,,8000,
e_e007482,5,교통비,0,지하철,N,2,,,,,8800,
e_e007484,1,통행료,0,자가용(승용/승합/트럭 등등),N,4,,,,,3600,
e_e007488,12,교통비,0,시외/고속버스,N,1,,,,,7800,
e_e007491,1,주유비,0,자가용(승용/승합/트럭 등등),N,2,,,,,70000,
e_e007497,1,주유비,0,자가용(승용/승합/트럭 등등),N,2,,,,,30000,
e_e007504,5,교통비,0,지하철,N,2,,,,,7500,
e_e007509,1,주차비,0,자가용(승용/승합/트럭 등등),N,4,,,,,10000,
e_e007509,1,통행료,0,자가용(승용/승합/트럭 등등),N,4,,,,,12000,
e_e007512,4,교통비,1,택시,N,2,1048183559,㈜티머니개인택시,2023-08-15 08:33,1,17800,택시비
e_e007512,4,교통비,2,택시,N,2,,티머니 개인택시,2023-08-15 23:12,1,11400,택시비
e_e007512,4,교통비,3,택시,N,2,1298638970,로카모빌리티(주),2023-08-16 00:03,1,18100,택시비 
e_e007512,5,교통비,0,지하철,N,2,,,,,6400,
e_e007515,5,교통비,0,지하철,N,2,,,,,3700,
e_e007518,5,교통비,0,지하철,N,2,,,,,4500,
e_e007518,7,교통비,0,KTX/SRT(고속열차),N,2,,,,,47400,
e_e007527,5,교통비,0,지하철,N,1,,,,,4000,
e_e007533,1,주유비,0,자가용(승용/승합/트럭 등등),N,3,,,,,82000,
e_e007533,1,통행료,0,자가용(승용/승합/트럭 등등),N,3,,,,,5400,
e_e007534,50,교통비,0,버스 + 지하철,N,2,,,,,11500,
e_e007534,7,교통비,0,KTX/SRT(고속열차),N,2,,,,,115200,
e_e007538,1,주유비,0,자가용(승용/승합/트럭 등등),N,1,,,,,5000,
e_e007538,50,교통비,0,버스 + 지하철,N,1,,,,,20750,
e_e007540,1,통행료,0,자가용(승용/승합/트럭 등등),N,4,,,,,13200,
e_e007546,1,주유비,0,자가용(승용/승합/트럭 등등),N,5,,,,,20000,
e_e007548,1,주유비,0,자가용(승용/승합/트럭 등등),N,2,,,,,30000,
e_e007548,1,통행료,0,자가용(승용/승합/트럭 등등),N,2,,,,,5560,
e_e007552,1,주유비,0,자가용(승용/승합/트럭 등등),N,1,,,,,50000,
e_e007552,1,주차비,0,자가용(승용/승합/트럭 등등),N,1,,,,,2000,
e_e007562,1,주유비,0,자가용(승용/승합/트럭 등등),N,2,,,,,20000,
e_e007562,1,통행료,0,자가용(승용/승합/트럭 등등),N,2,,,,,2300,
e_e007567,1,주유비,0,자가용(승용/승합/트럭 등등),N,1,,,,,40000,
e_e007567,1,통행료,0,자가용(승용/승합/트럭 등등),N,1,,,,,8500,
e_e007572,1,주유비,0,자가용(승용/승합/트럭 등등),N,1,,,,,50000,
e_e007572,1,주차비,0,자가용(승용/승합/트럭 등등),N,1,,,,,2300,
e_e007573,50,교통비,0,버스 + 지하철,N,2,,,,,12600,
e_e007574,1,주유비,0,자가용(승용/승합/트럭 등등),N,2,,,,,40000,
e_e007575,4,교통비,0,택시,N,2,,,,,59200,
e_e007575,4,교통비,1,택시,N,2,1321046243,,2023-09-09 08:09,1,30200,택시비
e_e007575,50,교통비,0,버스 + 지하철,N,2,,,,,30600,
e_e007581,1,주차비,0,자가용(승용/승합/트럭 등등),N,2,,,,,3000,
e_e007583,5,교통비,0,지하철,N,2,,,,,9400,
e_e007584,1,주유비,0,자가용(승용/승합/트럭 등등),N,1,,,,,10000,
e_e007584,1,주차비,0,자가용(승용/승합/트럭 등등),N,1,,,,,1000,
e_e007586,1,주유비,0,자가용(승용/승합/트럭 등등),N,3,,,,,40000,
e_e007586,1,주차비,0,자가용(승용/승합/트럭 등등),N,3,,,,,6900,
e_e007586,1,통행료,0,자가용(승용/승합/트럭 등등),N,3,,,,,3400,
e_e007590,5,교통비,0,지하철,N,1,,,,,3500,
e_e007591,1,주차비,0,자가용(승용/승합/트럭 등등),N,3,,,,,3000,
e_e007591,1,통행료,0,자가용(승용/승합/트럭 등등),N,3,,,,,4400,
e_e007593,50,교통비,0,버스 + 지하철,N,1,,,,,37500,
e_e007597,1,주유비,0,자가용(승용/승합/트럭 등등),N,3,,,,,50000,
e_e007597,1,통행료,0,자가용(승용/승합/트럭 등등),N,3,,,,,8600,
e_e007598,1,주유비,0,자가용(승용/승합/트럭 등등),N,2,,,,,30000,
e_e007598,1,통행료,0,자가용(승용/승합/트럭 등등),N,2,,,,,6500,
e_e007603,5,교통비,0,지하철,N,3,,,,,6000,
e_e007606,1,주유비,0,자가용(승용/승합/트럭 등등),N,3,,,,,20000,
e_e007607,50,교통비,0,버스 + 지하철,N,2,,,,,12700,
e_e007607,7,교통비,1,KTX/SRT(고속열차),Y,2,3058631590,주식회사 에스알,2023-08-14 00:00,1,37200,기차표 
e_e007607,7,교통비,2,KTX/SRT(고속열차),Y,2,3058631590,주식회사 에스알  ,2023-07-20 08:29,1,37200,기차표
e_e007607,7,교통비,4,KTX/SRT(고속열차),Y,2,3058631590,주식회사 에스알,2023-07-20 00:00,1,37300,기차표 
e_e007610,1,주유비,0,자가용(승용/승합/트럭 등등),N,2,,,,,60000,
e_e007610,1,통행료,0,자가용(승용/승합/트럭 등등),N,2,,,,,8400,
e_e007615,1,주유비,0,자가용(승용/승합/트럭 등등),N,4,,,,,20000,
e_e007621,1,주유비,0,자가용(승용/승합/트럭 등등),N,1,,,,,10000,
e_e007625,4,교통비,0,택시,N,4,,,,,24900,
e_e007625,5,교통비,0,지하철,N,4,,,,,3200,
e_e007631,5,교통비,0,지하철,N,2,,,,,5500,
e_e007634,1,주유비,0,자가용(승용/승합/트럭 등등),N,2,,,,,3000,
e_e007634,5,교통비,0,지하철,N,2,,,,,6000,
e_e007643,1,통행료,0,자가용(승용/승합/트럭 등등),N,2,,,,,3000,
e_e007647,50,교통비,0,버스 + 지하철,N,2,,,,,19300,
e_e007653,5,교통비,0,지하철,N,1,,,,,4150,
e_e007656,1,주유비,0,자가용(승용/승합/트럭 등등),N,2,,,,,20000,
e_e007656,1,주차비,0,자가용(승용/승합/트럭 등등),N,2,,,,,2000,
e_e007660,1,주유비,0,자가용(승용/승합/트럭 등등),N,1,,,,,30000,
e_e007673,12,교통비,0,시외/고속버스,N,1,,,,,8000,
e_e007677,1,주유비,0,자가용(승용/승합/트럭 등등),N,3,,,,,77000,
e_e007677,1,주차비,0,자가용(승용/승합/트럭 등등),N,3,,,,,4000,
e_e007678,1,주유비,0,자가용(승용/승합/트럭 등등),N,4,,,,,10000,
e_e007678,1,통행료,0,자가용(승용/승합/트럭 등등),N,4,,,,,1600,
e_e007679,12,교통비,0,시외/고속버스,N,2,,,,,11200,
e_e007682,1,통행료,0,자가용(승용/승합/트럭 등등),N,2,,,,,10000,
e_e007684,1,주유비,0,자가용(승용/승합/트럭 등등),N,2,,,,,20000,
e_e007684,1,통행료,0,자가용(승용/승합/트럭 등등),N,2,,,,,4000,
e_e007689,4,교통비,0,택시,N,1,,,,,5600,
e_e007689,5,교통비,0,지하철,N,1,,,,,3300,
e_e007690,5,교통비,0,지하철,N,4,,,,,2500,
e_e007693,5,교통비,0,지하철,N,2,,,,,6600,
e_e007704,5,교통비,0,지하철,N,1,,,,,5400,
e_e007704,8,교통비,1,새마을/무궁화열차,Y,1,3148210024,한국철도공사,2023-08-24 19:01,1,5400,기차표
e_e007705,5,교통비,0,지하철,N,2,,,,,7000,
e_e007743,4,교통비,1,택시,N,4,,동아교통(주),2023-08-21 00:47,1,11500,택시비 
e_e007745,1,주차비,0,자가용(승용/승합/트럭 등등),N,2,,,,,5000,
e_e007746,1,주유비,0,자가용(승용/승합/트럭 등등),N,2,,,,,50000,
e_e007746,1,주차비,0,자가용(승용/승합/트럭 등등),N,2,,,,,11300,
e_e007746,1,통행료,0,자가용(승용/승합/트럭 등등),N,2,,,,,24000,
e_e007748,50,교통비,0,버스 + 지하철,N,2,,,,,20000,
e_e007749,1,통행료,0,자가용(승용/승합/트럭 등등),N,2,,,,,6400,
e_e007752,5,교통비,0,지하철,N,3,,,,,6000,
e_e007753,1,주유비,0,자가용(승용/승합/트럭 등등),N,1,,,,,20000,
e_e007753,1,주차비,0,자가용(승용/승합/트럭 등등),N,1,,,,,4000,
e_e007756,5,교통비,0,지하철,N,2,,,,,6000,
e_e007757,5,교통비,0,지하철,N,1,,,,,2800,
e_e007759,1,주유비,0,자가용(승용/승합/트럭 등등),N,2,,,,,30000,
e_e007760,13,교통비,0,시내/마을버스,N,1,,,,,2900,
e_e007761,5,교통비,0,지하철,N,2,,,,,2500,
e_e007764,1,주유비,0,자가용(승용/승합/트럭 등등),N,4,,,,,70920,
e_e007764,1,주차비,0,자가용(승용/승합/트럭 등등),N,4,,,,,3000,
e_e007764,1,통행료,0,자가용(승용/승합/트럭 등등),N,4,,,,,12400,
e_e007765,1,주유비,0,자가용(승용/승합/트럭 등등),N,2,,,,,30000,
e_e007765,1,통행료,0,자가용(승용/승합/트럭 등등),N,2,,,,,7000,
e_e007766,1,주유비,0,자가용(승용/승합/트럭 등등),N,4,,,,,30000,
e_e007767,5,교통비,0,지하철,N,2,,,,,5000,
e_e007768,1,주유비,0,자가용(승용/승합/트럭 등등),N,3,,,,,40000,
e_e007768,1,통행료,0,자가용(승용/승합/트럭 등등),N,3,,,,,5600,
e_e007770,5,교통비,0,지하철,N,1,,,,,6700,
e_e007772,1,주유비,0,자가용(승용/승합/트럭 등등),N,4,,,,,23000,
e_e007772,1,통행료,0,자가용(승용/승합/트럭 등등),N,4,,,,,2500,
e_e007773,1,주유비,0,자가용(승용/승합/트럭 등등),N,4,,,,,10000,
e_e007775,50,교통비,0,버스 + 지하철,N,1,,,,,47000,
e_e007778,5,교통비,0,지하철,N,2,,,,,3000,
e_e007779,1,주유비,0,자가용(승용/승합/트럭 등등),N,1,,,,,20000,
e_e007783,1,주유비,0,자가용(승용/승합/트럭 등등),N,2,,,,,10000,
e_e007789,1,주차비,0,자가용(승용/승합/트럭 등등),N,4,,,,,2000,
e_e007789,1,통행료,0,자가용(승용/승합/트럭 등등),N,4,,,,,7400,
e_e007791,1,주유비,0,자가용(승용/승합/트럭 등등),N,2,,,,,8000,
e_e007791,1,통행료,0,자가용(승용/승합/트럭 등등),N,2,,,,,13200,
e_e007794,1,주유비,0,자가용(승용/승합/트럭 등등),N,4,,,,,30000,
e_e007794,1,통행료,0,자가용(승용/승합/트럭 등등),N,4,,,,,4000,
e_e007800,1,통행료,0,자가용(승용/승합/트럭 등등),N,3,,,,,6600,
e_e007802,1,주유비,0,자가용(승용/승합/트럭 등등),N,1,,,,,25000,
e_e007803,50,교통비,0,버스 + 지하철,N,1,,,,,10000,
e_e007804,1,주유비,0,자가용(승용/승합/트럭 등등),N,3,,,,,30000,
e_e007807,5,교통비,0,지하철,N,2,,,,,5600,
e_e007812,5,교통비,0,지하철,N,4,,,,,7200,
e_e007815,1,주유비,0,자가용(승용/승합/트럭 등등),N,2,,,,,13000,
e_e007816,5,교통비,0,지하철,N,1,,,,,3500,
e_e007817,1,통행료,0,자가용(승용/승합/트럭 등등),N,3,,,,,7200,
e_e007818,1,주유비,0,자가용(승용/승합/트럭 등등),N,4,,,,,5000,
e_e007819,1,주유비,0,자가용(승용/승합/트럭 등등),N,1,,,,,50000,
e_e007819,1,주차비,0,자가용(승용/승합/트럭 등등),N,1,,,,,11400,
e_e007821,50,교통비,0,버스 + 지하철,N,5,,,,,13000,
e_e007826,1,주차비,0,자가용(승용/승합/트럭 등등),N,3,,,,,2500,
e_e007829,5,교통비,0,지하철,N,1,,,,,9000,
e_e007831,1,주차비,0,자가용(승용/승합/트럭 등등),N,3,,,,,4800,
e_e007832,1,주유비,0,자가용(승용/승합/트럭 등등),N,4,,,,,99000,
e_e007832,1,주차비,0,자가용(승용/승합/트럭 등등),N,4,,,,,4000,
e_e007832,1,통행료,0,자가용(승용/승합/트럭 등등),N,4,,,,,20000,
e_e007833,1,통행료,0,자가용(승용/승합/트럭 등등),N,4,,,,,4500,
e_e007834,1,주유비,0,자가용(승용/승합/트럭 등등),N,2,,,,,15000,
e_e007835,5,교통비,0,지하철,N,1,,,,,4700,
e_e007837,1,주유비,0,자가용(승용/승합/트럭 등등),N,4,,,,,10000,
e_e007837,1,주차비,0,자가용(승용/승합/트럭 등등),N,4,,,,,14000,
e_e007837,1,통행료,0,자가용(승용/승합/트럭 등등),N,4,,,,,5000,
e_e007838,5,교통비,0,지하철,N,1,,,,,5400,
e_e007838,8,교통비,1,새마을/무궁화열차,Y,1,3148210024,한국철도공사,2023-08-18 00:00,1,9800,기차표 
e_e007838,8,교통비,2,새마을/무궁화열차,Y,1,3148210024,한국철도공사,2023-08-18 10:53,1,9800,기차표 
e_e007839,4,교통비,0,택시,N,1,,,,,17100,
e_e007839,50,교통비,0,버스 + 지하철,N,1,,,,,7200,
e_e007839,7,교통비,1,KTX/SRT(고속열차),Y,1,3058631590,주식회사 에스알,2023-08-13 00:00,1,65100,기차표
e_e007848,5,교통비,0,지하철,N,2,,,,,7400,
e_e007850,1,주유비,0,자가용(승용/승합/트럭 등등),N,2,,,,,20000,
e_e007850,1,주차비,0,자가용(승용/승합/트럭 등등),N,2,,,,,2000,
e_e007850,1,통행료,0,자가용(승용/승합/트럭 등등),N,2,,,,,3800,
e_e007851,1,주유비,0,자가용(승용/승합/트럭 등등),N,2,,,,,30000,
e_e007851,1,통행료,0,자가용(승용/승합/트럭 등등),N,2,,,,,3000,
e_e007852,1,통행료,0,자가용(승용/승합/트럭 등등),N,1,,,,,4300,
e_e007853,1,주유비,0,자가용(승용/승합/트럭 등등),N,4,,,,,12000,
e_e007856,1,주유비,0,자가용(승용/승합/트럭 등등),N,2,,,,,30000,
e_e007858,1,주유비,0,자가용(승용/승합/트럭 등등),N,3,,,,,40000,
e_e007858,1,통행료,0,자가용(승용/승합/트럭 등등),N,3,,,,,3800,
e_e007860,50,교통비,0,버스 + 지하철,N,2,,,,,12000,
e_e007861,1,통행료,0,자가용(승용/승합/트럭 등등),N,4,,,,,1800,
e_e007862,1,주유비,0,자가용(승용/승합/트럭 등등),N,2,,,,,40000,
e_e007863,5,교통비,0,지하철,N,1,,,,,1350,
e_e007867,5,교통비,0,지하철,N,2,,,,,7500,
e_e007869,1,주유비,0,자가용(승용/승합/트럭 등등),N,2,,,,,17000,
e_e007870,1,주유비,0,자가용(승용/승합/트럭 등등),N,4,,,,,15000,
e_e007871,1,주차비,0,자가용(승용/승합/트럭 등등),N,3,,,,,3900,
e_e007871,50,교통비,0,버스 + 지하철,N,3,,,,,13200,
e_e007872,50,교통비,0,버스 + 지하철,N,2,,,,,10000,
e_e007875,8,교통비,0,새마을/무궁화열차,N,2,,,,,14400,
e_e007876,1,주유비,0,자가용(승용/승합/트럭 등등),N,4,,,,,10000,
e_e007878,1,주유비,0,자가용(승용/승합/트럭 등등),N,4,,,,,50000,
e_e007878,1,통행료,0,자가용(승용/승합/트럭 등등),N,4,,,,,1500,
e_e007879,1,주유비,0,자가용(승용/승합/트럭 등등),N,3,,,,,5000,
e_e007883,1,통행료,0,자가용(승용/승합/트럭 등등),N,2,,,,,900,
e_e007885,1,주유비,0,자가용(승용/승합/트럭 등등),N,3,,,,,12000,
e_e007885,1,주차비,0,자가용(승용/승합/트럭 등등),N,3,,,,,3600,
e_e007885,1,통행료,0,자가용(승용/승합/트럭 등등),N,3,,,,,5200,
e_e007886,1,주차비,0,자가용(승용/승합/트럭 등등),N,1,,,,,1400,
e_e007895,12,교통비,0,시외/고속버스,N,2,,,,,14000,
e_e007914,50,교통비,0,버스 + 지하철,N,2,,,,,14300,
e_e007925,1,주유비,0,자가용(승용/승합/트럭 등등),N,1,,,,,30000,
e_e007937,1,주유비,0,자가용(승용/승합/트럭 등등),N,1,,,,,10000,
e_e007937,13,교통비,0,시내/마을버스,N,1,,,,,2900,
e_e007971,1,주유비,0,자가용(승용/승합/트럭 등등),N,2,,,,,28670,
e_e007971,1,통행료,0,자가용(승용/승합/트럭 등등),N,2,,,,,4150,
e_e007976,1,주유비,0,자가용(승용/승합/트럭 등등),N,2,,,,,10000,
e_e007976,1,주차비,0,자가용(승용/승합/트럭 등등),N,2,,,,,4000,
e_e007976,1,통행료,0,자가용(승용/승합/트럭 등등),N,2,,,,,1400,
e_e007977,5,교통비,0,지하철,N,1,,,,,2500,
e_e007979,1,주유비,0,자가용(승용/승합/트럭 등등),N,2,,,,,70000,
e_e007979,1,통행료,0,자가용(승용/승합/트럭 등등),N,2,,,,,7200,
e_e007981,1,통행료,0,자가용(승용/승합/트럭 등등),N,4,,,,,6000,
e_e007995,12,교통비,0,시외/고속버스,N,1,,,,,5700,
e_e007995,13,교통비,0,시내/마을버스,N,1,,,,,3000,
e_e008006,4,교통비,1,택시,N,1,1318106398,유성택시(자),2023-08-21 19:43,1,7000,택시비
e_e008006,4,교통비,2,택시,N,1,8220502378,개인택시,2023-08-21 17:02,1,76000,택시비
e_e008006,5,교통비,0,지하철,N,1,,,,,5650,
e_e008027,4,교통비,1,택시,N,3,2212098486,인천개인택시,2023-08-20 17:38,1,5700,택시비
e_e008027,50,교통비,0,버스 + 지하철,N,3,,,,,14850,
e_e008030,5,교통비,0,지하철,N,2,,,,,3550,
e_e008053,5,교통비,0,지하철,N,2,,,,,6600,
e_e008056,1,주유비,0,자가용(승용/승합/트럭 등등),N,1,,,,,13000,
e_e008056,1,통행료,0,자가용(승용/승합/트럭 등등),N,1,,,,,4000,
e_e008057,5,교통비,0,지하철,N,2,,,,,9000,
e_e008069,1,통행료,0,자가용(승용/승합/트럭 등등),N,3,,,,,7000,
e_e008076,1,주유비,0,자가용(승용/승합/트럭 등등),N,2,,,,,20000,
e_e008076,1,통행료,0,자가용(승용/승합/트럭 등등),N,2,,,,,1000,
e_e008079,50,교통비,0,버스 + 지하철,N,2,,,,,17600,
e_e008089,1,주유비,0,자가용(승용/승합/트럭 등등),N,2,,,,,20000,
e_e008089,1,통행료,0,자가용(승용/승합/트럭 등등),N,2,,,,,3900,
e_e008098,1,주유비,0,자가용(승용/승합/트럭 등등),N,2,,,,,17000,
e_e008098,1,통행료,0,자가용(승용/승합/트럭 등등),N,2,,,,,4600,
e_e008124,14,렌탈비,0,자전거,N,2,,,,,5280,
e_e008124,50,교통비,0,버스 + 지하철,N,2,,,,,7900,
e_e008129,1,주유비,0,자가용(승용/승합/트럭 등등),N,4,,,,,50000,
e_e008129,1,통행료,0,자가용(승용/승합/트럭 등등),N,5,,,,,9400,
e_e008133,1,주차비,0,자가용(승용/승합/트럭 등등),N,2,,,,,2000,
e_e008133,1,통행료,0,자가용(승용/승합/트럭 등등),N,2,,,,,1800,
e_e008165,5,교통비,0,지하철,N,2,,,,,5000,
e_e008165,7,교통비,1,KTX/SRT(고속열차),Y,2,3148210024,한국철도공사,2023-08-09 16:27,3,16700,기차표 
e_e008170,50,교통비,0,버스 + 지하철,N,2,,,,,56200,
e_e008174,5,교통비,0,지하철,N,1,,,,,4850,
e_e008178,1,주유비,0,자가용(승용/승합/트럭 등등),N,1,,,,,30000,
e_e008178,1,통행료,0,자가용(승용/승합/트럭 등등),N,1,,,,,1600,
e_e008181,5,교통비,0,지하철,N,2,,,,,3500,
e_e008195,1,주유비,0,자가용(승용/승합/트럭 등등),N,2,,,,,50000,
e_e008195,1,주차비,0,자가용(승용/승합/트럭 등등),N,2,,,,,3000,
e_e008195,1,통행료,0,자가용(승용/승합/트럭 등등),N,2,,,,,4000,
e_e008201,13,교통비,0,시내/마을버스,N,2,,,,,4200,
e_e008211,1,주유비,0,자가용(승용/승합/트럭 등등),N,3,,,,,18631,
e_e008214,1,통행료,0,자가용(승용/승합/트럭 등등),N,2,,,,,1700,
e_e008218,1,주유비,0,자가용(승용/승합/트럭 등등),N,1,,,,,50000,
e_e008218,1,주차비,0,자가용(승용/승합/트럭 등등),N,1,,,,,1100,
e_e008231,1,주차비,0,자가용(승용/승합/트럭 등등),N,2,,,,,2000,
e_e008245,1,주유비,0,자가용(승용/승합/트럭 등등),N,2,,,,,30000,
e_e008245,1,주차비,0,자가용(승용/승합/트럭 등등),N,2,,,,,17400,
e_e008247,1,주유비,0,자가용(승용/승합/트럭 등등),N,2,,,,,15000,
e_e008247,1,통행료,0,자가용(승용/승합/트럭 등등),N,2,,,,,4800,
e_e008250,4,교통비,1,택시,N,1,1248211056,,2023-08-21 10:35,1,1250,택시비
e_e008250,4,교통비,2,택시,N,1,1248211056,,2023-08-21 13:02,1,1250,택시비 
e_e008250,5,교통비,0,지하철,N,1,,,,,3100,
e_e008258,5,교통비,0,지하철,N,3,,,,,9000,
e_e008283,1,주유비,0,자가용(승용/승합/트럭 등등),N,2,,,,,22000,
e_e008283,1,통행료,0,자가용(승용/승합/트럭 등등),N,2,,,,,2500,
e_e008286,12,교통비,0,시외/고속버스,N,5,,,,,5800,
e_e008290,1,주유비,0,자가용(승용/승합/트럭 등등),N,1,,,,,40000,
e_e008290,1,통행료,0,자가용(승용/승합/트럭 등등),N,1,,,,,2400,
e_e008291,1,주유비,0,자가용(승용/승합/트럭 등등),N,2,,,,,20000,
e_e008292,1,주유비,0,자가용(승용/승합/트럭 등등),N,3,,,,,20000,
e_e008292,1,주차비,0,자가용(승용/승합/트럭 등등),N,3,,,,,4000,
e_e008293,1,주유비,0,자가용(승용/승합/트럭 등등),N,2,,,,,40000,
e_e008293,1,통행료,0,자가용(승용/승합/트럭 등등),N,2,,,,,2800,
e_e008294,4,교통비,0,택시,N,2,,,,,7300,
e_e008294,5,교통비,0,지하철,N,2,,,,,3000,
e_e008295,5,교통비,0,지하철,N,1,,,,,5200,
e_e008296,5,교통비,0,지하철,N,2,,,,,7200,
e_e008297,5,교통비,0,지하철,N,1,,,,,6770,
e_e008298,1,주차비,0,자가용(승용/승합/트럭 등등),N,1,,,,,3000,
e_e008299,1,주유비,0,자가용(승용/승합/트럭 등등),N,4,,,,,34180,
e_e008300,1,통행료,0,자가용(승용/승합/트럭 등등),N,2,,,,,8000,
e_e008301,1,통행료,0,자가용(승용/승합/트럭 등등),N,4,,,,,4800,
e_e008302,5,교통비,0,지하철,N,1,,,,,5400,
e_e008303,1,주유비,0,자가용(승용/승합/트럭 등등),N,2,,,,,10000,
e_e008303,1,통행료,0,자가용(승용/승합/트럭 등등),N,2,,,,,1800,
e_e008304,1,주유비,0,자가용(승용/승합/트럭 등등),N,3,,,,,30000,
e_e008304,1,주차비,0,자가용(승용/승합/트럭 등등),N,3,,,,,3000,
e_e008305,5,교통비,0,지하철,N,1,,,,,3850,
e_e008307,1,주유비,0,자가용(승용/승합/트럭 등등),N,8,,,,,50000,
e_e008309,5,교통비,0,지하철,N,4,,,,,3000,
e_e008310,5,교통비,0,지하철,N,1,,,,,5050,
e_e008311,1,주유비,0,자가용(승용/승합/트럭 등등),N,4,,,,,6000,
e_e008311,1,주차비,0,자가용(승용/승합/트럭 등등),N,4,,,,,1000,
e_e008311,1,통행료,0,자가용(승용/승합/트럭 등등),N,4,,,,,1600,
e_e008312,1,주유비,0,자가용(승용/승합/트럭 등등),N,3,,,,,80000,
e_e008312,1,통행료,0,자가용(승용/승합/트럭 등등),N,3,,,,,2160,
e_e008313,1,주차비,0,자가용(승용/승합/트럭 등등),N,2,,,,,2000,
e_e008319,1,주유비,0,자가용(승용/승합/트럭 등등),N,4,,,,,10000,
e_e008319,1,통행료,0,자가용(승용/승합/트럭 등등),N,4,,,,,2200,
e_e008320,5,교통비,0,지하철,N,1,,,,,3300,
e_e008321,1,주유비,0,자가용(승용/승합/트럭 등등),N,4,,,,,30000,
e_e008321,1,통행료,0,자가용(승용/승합/트럭 등등),N,4,,,,,4800,
e_e008322,1,주유비,0,자가용(승용/승합/트럭 등등),N,4,,,,,10000,
e_e008323,1,통행료,0,자가용(승용/승합/트럭 등등),N,4,,,,,3900,
e_e008324,1,주유비,0,자가용(승용/승합/트럭 등등),N,2,,,,,10000,
e_e008324,1,주차비,0,자가용(승용/승합/트럭 등등),N,2,,,,,500,
e_e008326,1,주유비,0,자가용(승용/승합/트럭 등등),N,2,,,,,10000,
e_e008326,1,통행료,0,자가용(승용/승합/트럭 등등),N,2,,,,,1800,
e_e008328,1,주유비,0,자가용(승용/승합/트럭 등등),N,4,,,,,8500,
e_e008328,1,주차비,0,자가용(승용/승합/트럭 등등),N,4,,,,,2500,
e_e008329,1,주유비,0,자가용(승용/승합/트럭 등등),N,2,,,,,20000,
e_e008330,50,교통비,0,버스 + 지하철,N,2,,,,,21900,
e_e008330,7,교통비,0,KTX/SRT(고속열차),N,2,,,,,16600,
e_e008332,1,주차비,0,자가용(승용/승합/트럭 등등),N,5,,,,,8000,
e_e008332,1,통행료,0,자가용(승용/승합/트럭 등등),N,4,,,,,2000,
e_e008333,1,주차비,0,자가용(승용/승합/트럭 등등),N,4,,,,,1750,
e_e008333,1,통행료,0,자가용(승용/승합/트럭 등등),N,4,,,,,1800,
e_e008334,5,교통비,0,지하철,N,1,,,,,3100,
e_e008338,1,주유비,0,자가용(승용/승합/트럭 등등),N,4,,,,,30000,
e_e008341,2,렌탈비,0,렌터카(승용/승합/버스 등등),N,2,,,,,68412,
e_e008341,2,주유비,0,렌터카(승용/승합/버스 등등),N,2,,,,,12390,
e_e008342,1,주차비,0,자가용(승용/승합/트럭 등등),N,2,,,,,2000,
e_e008342,1,통행료,0,자가용(승용/승합/트럭 등등),N,2,,,,,20000,
e_e008346,1,주유비,0,자가용(승용/승합/트럭 등등),N,2,,,,,30000,
e_e008346,1,주차비,0,자가용(승용/승합/트럭 등등),N,2,,,,,2000,
e_e008347,4,교통비,1,택시,N,2,1300113782,경기개인택시,2023-08-26 10:49,1,13000,택시비
e_e008347,4,교통비,2,택시,N,2,1338106545,연희택시(주),2023-08-26 15:40,1,12900,택시비
e_e008354,13,교통비,0,시내/마을버스,N,1,,,,,3200,
e_e008355,1,주유비,0,자가용(승용/승합/트럭 등등),N,2,,,,,50000,
e_e008355,1,통행료,0,자가용(승용/승합/트럭 등등),N,2,,,,,3000,
e_e008364,1,주유비,0,자가용(승용/승합/트럭 등등),N,1,,,,,10000,
e_e008369,50,교통비,0,버스 + 지하철,N,2,,,,,13000,
e_e008390,5,교통비,0,지하철,N,2,,,,,4000,
e_e008404,50,교통비,0,버스 + 지하철,N,2,,,,,39700,
e_e008407,4,교통비,0,택시,N,4,,,,,4800,
e_e008407,50,교통비,0,버스 + 지하철,N,4,,,,,92200,
e_e008414,50,교통비,0,버스 + 지하철,N,3,,,,,10000,
e_e008478,50,교통비,0,버스 + 지하철,N,2,,,,,11600,
e_e008483,5,교통비,0,지하철,N,2,,,,,4750,
e_e008489,1,주유비,0,자가용(승용/승합/트럭 등등),N,1,,,,,20000,
e_e008489,1,통행료,0,자가용(승용/승합/트럭 등등),N,1,,,,,5400,
e_e008506,1,주유비,0,자가용(승용/승합/트럭 등등),N,2,,,,,40000,
e_e008506,1,통행료,0,자가용(승용/승합/트럭 등등),N,2,,,,,13200,
e_e008508,4,교통비,0,택시,N,2,,,,,9400,
e_e008508,5,교통비,0,지하철,N,2,,,,,3900,
e_e008510,5,교통비,0,지하철,N,2,,,,,4000,
e_e008514,5,교통비,0,지하철,N,1,,,,,4000,
e_e008520,4,교통비,1,택시,N,2,2038143548,앰배서더 서울 풀만 호텔,2023-08-25 16:45,3,82400,
e_e008520,5,교통비,0,지하철,N,2,,,,,5800,
e_e008528,1,주유비,0,자가용(승용/승합/트럭 등등),N,2,,,,,51000,
e_e008528,1,통행료,0,자가용(승용/승합/트럭 등등),N,2,,,,,1800,
e_e008530,4,교통비,0,택시,N,2,,,,,6200,
e_e008530,5,교통비,0,지하철,N,2,,,,,2000,
e_e008534,4,교통비,1,택시,N,1,1240759198,,2023-08-22 09:57,1,8500,택시비
e_e008534,50,교통비,0,버스 + 지하철,N,1,,,,,12900,
e_e008545,5,교통비,0,지하철,N,1,,,,,5800,
e_e008547,5,교통비,0,지하철,N,1,,,,,3600,
e_e008560,12,교통비,0,시외/고속버스,N,2,,,,,4800,
e_e008565,1,주유비,0,자가용(승용/승합/트럭 등등),N,2,,,,,40000,
e_e008565,1,통행료,0,자가용(승용/승합/트럭 등등),N,2,,,,,2200,
e_e008577,5,교통비,0,지하철,N,2,,,,,4100,
e_e008577,7,교통비,0,KTX/SRT(고속열차),N,2,,,,,84800,
e_e008577,8,교통비,0,새마을/무궁화열차,N,2,,,,,5200,
e_e008583,1,주유비,0,자가용(승용/승합/트럭 등등),N,4,,,,,17000,
e_e008583,1,통행료,0,자가용(승용/승합/트럭 등등),N,4,,,,,2800,
e_e008606,13,교통비,0,시내/마을버스,N,2,,,,,3100,
e_e008648,1,통행료,0,자가용(승용/승합/트럭 등등),N,2,,,,,1800,
e_e008650,1,주유비,0,자가용(승용/승합/트럭 등등),N,2,,,,,50000,
e_e008650,1,주차비,0,자가용(승용/승합/트럭 등등),N,2,,,,,6000,
e_e008650,1,통행료,0,자가용(승용/승합/트럭 등등),N,2,,,,,3600,
e_e008656,13,교통비,0,시내/마을버스,N,1,,,,,5600,
e_e008658,5,교통비,0,지하철,N,1,,,,,6600,
e_e008664,13,교통비,0,시내/마을버스,N,1,,,,,3000,
e_e008664,8,교통비,1,새마을/무궁화열차,N,1,3148210024,한국철도공사,2023-08-25 13:43,1,2700,기차표
e_e008666,50,교통비,0,버스 + 지하철,N,1,,,,,5700,
e_e008666,7,교통비,1,KTX/SRT(고속열차),Y,1,3148210024,한국철도공사,2023-08-22 17:34,1,63400,기차표
e_e008666,7,교통비,2,KTX/SRT(고속열차),Y,1,3148210024,한국철도공사,2023-08-22 17:30,1,63400,기차표 
e_e008672,1,주유비,0,자가용(승용/승합/트럭 등등),N,2,,,,,20618,
e_e008677,1,주유비,0,자가용(승용/승합/트럭 등등),N,2,,,,,15000,
e_e008677,1,주차비,0,자가용(승용/승합/트럭 등등),N,2,,,,,1000,
e_e008686,5,교통비,0,지하철,N,2,,,,,1250,
e_e008695,16,교통비,0,기타,N,2,,,,,6200,
e_e008695,4,교통비,1,택시,N,2,1048183559,(주)티머니,2023-08-28 13:40,1,5600,택시비
e_e008695,4,교통비,2,택시,N,2,1048183559,티머니 법인택시,2023-08-28 23:12,1,5600,택시비
e_e008695,50,교통비,0,버스 + 지하철,N,2,,,,,23400,
e_e008711,1,주유비,0,자가용(승용/승합/트럭 등등),N,1,,,,,10000,
e_e008711,12,교통비,0,시외/고속버스,N,1,,,,,5000,
e_e008722,1,주차비,0,자가용(승용/승합/트럭 등등),N,2,,,,,4300,
e_e008722,1,통행료,0,자가용(승용/승합/트럭 등등),N,2,,,,,4600,
e_e008723,1,주유비,0,자가용(승용/승합/트럭 등등),N,4,,,,,50000,
e_e008735,5,교통비,0,지하철,N,3,,,,,2500,
e_e008736,1,주차비,0,자가용(승용/승합/트럭 등등),N,2,,,,,3800,
e_e008740,1,주유비,0,자가용(승용/승합/트럭 등등),N,2,,,,,18000,
e_e008740,1,통행료,0,자가용(승용/승합/트럭 등등),N,2,,,,,5200,
e_e008746,50,교통비,0,버스 + 지하철,N,2,,,,,13500,
e_e008771,2,렌탈비,1,렌터카(승용/승합/버스 등등),N,1,2208155597,(주)그린카_청구할인,2023-08-26 00:11,1,15120,렌트비
e_e008771,2,렌탈비,2,렌터카(승용/승합/버스 등등),N,1,2148786175,(주)케이엠파크_안녕인사동 주차장,2023-08-25 17:10,1,10000,
e_e008771,2,렌탈비,5,렌터카(승용/승합/버스 등등),N,1,2208155597,(주)그린카_청구할인,2023-08-25 00:53,1,20190,렌트비
e_e008771,2,주유비,0,렌터카(승용/승합/버스 등등),N,1,,,,,62088,
e_e008771,2,주유비,4,렌터카(승용/승합/버스 등등),N,1,4868502378,(주)자연에너지 계양주유소,2023-08-25 23:11,1,62088,주유비
e_e008771,2,주차비,0,렌터카(승용/승합/버스 등등),N,1,,,,,12800,
e_e008771,2,주차비,3,렌터카(승용/승합/버스 등등),N,1,1048300469,서울특별시청,2023-08-25 19:05,1,2800,주차비
e_e008771,2,통행료,0,렌터카(승용/승합/버스 등등),N,1,,,,,3600,
e_e008785,1,주유비,0,자가용(승용/승합/트럭 등등),N,1,,,,,10000,
e_e008785,1,통행료,0,자가용(승용/승합/트럭 등등),N,1,,,,,1700,
e_e008790,4,교통비,1,택시,N,2,1258102738,(자)평택택시,2023-08-27 00:29,1,6600,택시비
e_e008790,5,교통비,0,지하철,N,2,,,,,5000,
e_e008798,5,교통비,0,지하철,N,2,,,,,3500,
e_e008803,10,교통비,1,배/선박,Y,2,5248601528,NAVER FINANCIAL,2023-08-26 00:00,1,66000,팔미도 썬셋투어 
e_e008809,50,교통비,0,버스 + 지하철,N,2,,,,,9450,
e_e008810,12,교통비,0,시외/고속버스,N,2,,,,,1500,
e_e008810,13,교통비,0,시내/마을버스,N,2,,,,,6200,
e_e008810,4,교통비,1,택시,N,2,6418702625,주식회사 성민운수,2023-08-24 23:41,1,6200,택시비 
e_e008897,5,교통비,0,지하철,N,1,,,,,4650,
e_e008908,50,교통비,0,버스 + 지하철,N,3,,,,,9900,
e_e008911,14,렌탈비,0,자전거,N,2,,,,,4000,
e_e008911,50,교통비,0,버스 + 지하철,N,2,,,,,20000,
e_e008918,1,주유비,0,자가용(승용/승합/트럭 등등),N,1,,,,,16000,
e_e008918,1,주차비,0,자가용(승용/승합/트럭 등등),N,1,,,,,24400,
e_e008918,1,통행료,0,자가용(승용/승합/트럭 등등),N,1,,,,,4000,
e_e008954,5,교통비,0,지하철,N,1,,,,,3900,
e_e008957,1,주차비,0,자가용(승용/승합/트럭 등등),N,2,,,,,7900,
e_e008970,1,주유비,0,자가용(승용/승합/트럭 등등),N,2,,,,,26000,
e_e008970,1,주차비,0,자가용(승용/승합/트럭 등등),N,2,,,,,3800,
e_e008970,1,통행료,0,자가용(승용/승합/트럭 등등),N,2,,,,,9600,
e_e008982,1,주유비,0,자가용(승용/승합/트럭 등등),N,4,,,,,50000,
e_e008982,1,주차비,0,자가용(승용/승합/트럭 등등),N,4,,,,,15000,
e_e008982,1,통행료,0,자가용(승용/승합/트럭 등등),N,4,,,,,3400,
e_e008982,5,교통비,0,지하철,N,4,,,,,2900,
e_e008982,7,교통비,1,KTX/SRT(고속열차),Y,4,3058631590,주식회사 에스알,2023-08-21 16:36,1,7400,기차표
e_e008999,1,주유비,0,자가용(승용/승합/트럭 등등),N,1,,,,,20000,
e_e008999,1,주차비,0,자가용(승용/승합/트럭 등등),N,1,,,,,8000,
e_e008999,1,통행료,0,자가용(승용/승합/트럭 등등),N,1,,,,,800,
e_e009006,10,교통비,1,배/선박,N,2,1378204361,세종해운(주)월미사업부,2023-08-24 16:36,1,7000,
e_e009006,5,교통비,0,지하철,N,2,,,,,7500,
e_e009043,2,렌탈비,0,렌터카(승용/승합/버스 등등),N,2,,,,,109090,
e_e009043,2,통행료,0,렌터카(승용/승합/버스 등등),N,2,,,,,16300,
e_e009055,5,교통비,0,지하철,N,1,,,,,6050,
e_e009056,50,교통비,0,버스 + 지하철,N,2,,,,,27800,
e_e009078,5,교통비,0,지하철,N,1,,,,,5000,
e_e009081,4,교통비,0,택시,N,2,,,,,13160,
e_e009081,50,교통비,0,버스 + 지하철,N,2,,,,,14800,
e_e009102,5,교통비,0,지하철,N,2,,,,,4400,
e_e009106,1,주유비,0,자가용(승용/승합/트럭 등등),N,1,,,,,20000,
e_e009106,1,통행료,0,자가용(승용/승합/트럭 등등),N,1,,,,,5000,
e_e009112,12,교통비,0,시외/고속버스,N,2,,,,,5600,
e_e009122,1,통행료,0,자가용(승용/승합/트럭 등등),N,3,,,,,6700,
e_e009147,5,교통비,0,지하철,N,2,,,,,5400,
e_e009156,1,주유비,0,자가용(승용/승합/트럭 등등),N,2,,,,,20000,
e_e009156,1,주차비,0,자가용(승용/승합/트럭 등등),N,2,,,,,2400,
e_e009168,50,교통비,0,버스 + 지하철,N,4,,,,,7800,
e_e009180,5,교통비,0,지하철,N,2,,,,,8000,
e_e009181,16,교통비,0,기타,N,2,,,,,16000,
e_e009181,50,교통비,0,버스 + 지하철,N,2,,,,,10000,
e_e009186,1,주유비,0,자가용(승용/승합/트럭 등등),N,2,,,,,20000,
e_e009194,1,주유비,0,자가용(승용/승합/트럭 등등),N,2,,,,,20000,
e_e009224,5,교통비,0,지하철,N,1,,,,,5950,
e_e009260,5,교통비,0,지하철,N,2,,,,,6600,
e_e009305,50,교통비,0,버스 + 지하철,N,2,,,,,7800,
e_e009339,1,주유비,0,자가용(승용/승합/트럭 등등),N,2,,,,,30000,
e_e009339,1,주차비,0,자가용(승용/승합/트럭 등등),N,2,,,,,1500,
e_e009343,1,주유비,0,자가용(승용/승합/트럭 등등),N,2,,,,,40000,
e_e009343,1,통행료,0,자가용(승용/승합/트럭 등등),N,2,,,,,3800,
e_e009361,12,교통비,0,시외/고속버스,N,1,,,,,5000,
e_e009374,50,교통비,0,버스 + 지하철,N,1,,,,,9200,
e_e009380,2,렌탈비,0,렌터카(승용/승합/버스 등등),N,2,,,,,65650,
e_e009382,1,주유비,0,자가용(승용/승합/트럭 등등),N,4,,,,,50000,
e_e009382,1,주차비,0,자가용(승용/승합/트럭 등등),N,4,,,,,2400,
e_e009382,1,통행료,0,자가용(승용/승합/트럭 등등),N,4,,,,,7000,
e_e009412,5,교통비,0,지하철,N,2,,,,,4950,
e_e009419,1,주유비,0,자가용(승용/승합/트럭 등등),N,2,,,,,50000,
e_e009419,1,통행료,0,자가용(승용/승합/트럭 등등),N,2,,,,,9500,
e_e009457,5,교통비,0,지하철,N,1,,,,,4350,
e_e009465,1,주차비,0,자가용(승용/승합/트럭 등등),N,4,,,,,13500,
e_e009496,50,교통비,0,버스 + 지하철,N,1,,,,,14000,
e_e009504,4,교통비,0,택시,N,2,,,,,7500,
e_e009504,5,교통비,0,지하철,N,2,,,,,9900,
e_e009505,1,주유비,0,자가용(승용/승합/트럭 등등),N,2,,,,,13600,
e_e009513,1,통행료,0,자가용(승용/승합/트럭 등등),N,4,,,,,2600,
e_e009517,12,교통비,0,시외/고속버스,N,1,,,,,10000,
e_e009536,1,주차비,0,자가용(승용/승합/트럭 등등),N,3,,,,,13000,
e_e009539,1,주유비,0,자가용(승용/승합/트럭 등등),N,3,,,,,30000,
e_e009539,1,주차비,0,자가용(승용/승합/트럭 등등),N,3,,,,,6400,
e_e009550,2,렌탈비,1,렌터카(승용/승합/버스 등등),N,4,,,2023-08-28 00:00,1,113210,렌트비
e_e009550,2,통행료,0,렌터카(승용/승합/버스 등등),N,4,,,,,2800,
e_e009556,1,주유비,0,자가용(승용/승합/트럭 등등),N,2,,,,,10000,
e_e009556,1,주차비,0,자가용(승용/승합/트럭 등등),N,2,,,,,7000,
e_e009556,1,통행료,0,자가용(승용/승합/트럭 등등),N,2,,,,,1800,
e_e009566,1,주유비,0,자가용(승용/승합/트럭 등등),N,2,,,,,66000,
e_e009566,1,주차비,0,자가용(승용/승합/트럭 등등),N,2,,,,,3000,
e_e009566,1,통행료,0,자가용(승용/승합/트럭 등등),N,2,,,,,1600,
e_e009567,13,교통비,0,시내/마을버스,N,1,,,,,2900,
e_e009572,5,교통비,0,지하철,N,2,,,,,9800,
e_e009575,5,교통비,0,지하철,N,2,,,,,8600,
e_e009590,1,주유비,0,자가용(승용/승합/트럭 등등),N,2,,,,,50000,
e_e009590,1,통행료,0,자가용(승용/승합/트럭 등등),N,2,,,,,3600,
e_e009592,1,주유비,0,자가용(승용/승합/트럭 등등),N,2,,,,,15000,
e_e009593,1,주유비,0,자가용(승용/승합/트럭 등등),N,2,,,,,20000,
e_e009593,1,주차비,0,자가용(승용/승합/트럭 등등),N,2,,,,,1500,
e_e009593,1,통행료,0,자가용(승용/승합/트럭 등등),N,2,,,,,6000,
e_e009601,1,주유비,0,자가용(승용/승합/트럭 등등),N,2,,,,,30000,
e_e009601,4,교통비,1,택시,N,2,1048183559,주식회사 티머니,2023-08-23 11:47,1,7200,택시비
e_e009622,13,교통비,0,시내/마을버스,N,2,,,,,6000,
e_e009622,4,교통비,0,택시,N,2,,,,,6500,
e_e009622,5,교통비,0,지하철,N,2,,,,,7000,
e_e009627,5,교통비,0,지하철,N,1,,,,,3800,
e_e009629,12,교통비,0,시외/고속버스,N,2,,,,,12800,
e_e009632,5,교통비,0,지하철,N,1,,,,,3100,
e_e009634,5,교통비,0,지하철,N,2,,,,,5600,
e_e009636,1,주유비,0,자가용(승용/승합/트럭 등등),N,4,,,,,35000,
e_e009636,1,통행료,0,자가용(승용/승합/트럭 등등),N,4,,,,,10000,
e_e009655,5,교통비,0,지하철,N,2,,,,,6000,
e_e009660,1,주유비,0,자가용(승용/승합/트럭 등등),N,6,,,,,45199,
e_e009675,4,교통비,1,택시,N,2,,카카오택시,2023-09-09 15:34,1,6700,택시비
e_e009675,5,교통비,0,지하철,N,2,,,,,8400,
e_e009684,5,교통비,0,지하철,N,3,,,,,4200,
e_e009686,5,교통비,0,지하철,N,2,,,,,6600,
e_e009694,5,교통비,0,지하철,N,2,,,,,5150,
e_e009695,12,교통비,0,시외/고속버스,N,2,,,,,12800,
e_e009700,1,주유비,0,자가용(승용/승합/트럭 등등),N,2,,,,,1700,
e_e009700,5,교통비,0,지하철,N,2,,,,,4300,
e_e009702,1,주유비,0,자가용(승용/승합/트럭 등등),N,2,,,,,13000,
e_e009702,1,주차비,0,자가용(승용/승합/트럭 등등),N,2,,,,,4000,
e_e009702,1,통행료,0,자가용(승용/승합/트럭 등등),N,2,,,,,2100,
e_e009738,5,교통비,0,지하철,N,1,,,,,3700,
e_e009740,1,주유비,0,자가용(승용/승합/트럭 등등),N,2,,,,,10000,
e_e009740,1,통행료,0,자가용(승용/승합/트럭 등등),N,2,,,,,4000,
e_e009757,5,교통비,0,지하철,N,1,,,,,4800,
e_e009762,1,주유비,0,자가용(승용/승합/트럭 등등),N,2,,,,,50000,
e_e009762,1,통행료,0,자가용(승용/승합/트럭 등등),N,2,,,,,1900,
e_e009770,1,주유비,0,자가용(승용/승합/트럭 등등),N,2,,,,,20000,
e_e009770,1,통행료,0,자가용(승용/승합/트럭 등등),N,2,,,,,1600,
e_e009771,5,교통비,0,지하철,N,2,,,,,5200,
e_e009772,1,통행료,0,자가용(승용/승합/트럭 등등),N,2,,,,,1650,
e_e009800,5,교통비,0,지하철,N,2,,,,,4750,
e_e009806,1,통행료,0,자가용(승용/승합/트럭 등등),N,2,,,,,11000,
e_e009806,5,교통비,0,지하철,N,2,,,,,5000,
e_e009814,50,교통비,0,버스 + 지하철,N,2,,,,,8000,
e_e009836,2,렌탈비,1,렌터카(승용/승합/버스 등등),N,2,6168190529,(주)쏘카,2023-08-26 18:00,1,74839,렌트비
e_e009841,4,교통비,1,택시,N,2,1048183559,주식회사 티머니,2023-08-23 18:15,1,6300,택시비 
e_e009841,50,교통비,0,버스 + 지하철,N,2,,,,,9300,
e_e009845,5,교통비,0,지하철,N,3,,,,,2900,
e_e009857,50,교통비,0,버스 + 지하철,N,1,,,,,21200,
e_e009858,1,주유비,0,자가용(승용/승합/트럭 등등),N,2,,,,,30000,
e_e009858,1,주차비,0,자가용(승용/승합/트럭 등등),N,2,,,,,3300,
e_e009858,10,교통비,1,배/선박,N,2,1378204361,세종해운(주)월미사업부,2023-08-27 14:37,1,7000,
e_e009858,10,교통비,2,배/선박,N,2,1398202409,월미바다열차,2023-08-27 14:20,1,8000,월미바다열차 탑승권 
e_e009876,4,교통비,0,택시,N,2,,,,,9700,
e_e009876,50,교통비,0,버스 + 지하철,N,2,,,,,30000,
e_e009895,1,주유비,0,자가용(승용/승합/트럭 등등),N,1,,,,,20000,
e_e009909,1,주유비,0,자가용(승용/승합/트럭 등등),N,2,,,,,40000,
e_e009909,1,통행료,0,자가용(승용/승합/트럭 등등),N,2,,,,,1000,
e_e009910,1,주유비,0,자가용(승용/승합/트럭 등등),N,2,,,,,17000,
e_e009910,1,통행료,0,자가용(승용/승합/트럭 등등),N,2,,,,,900,
e_e009925,5,교통비,0,지하철,N,1,,,,,2500,
e_e009940,1,주유비,0,자가용(승용/승합/트럭 등등),N,2,,,,,50000,
e_e009940,1,통행료,0,자가용(승용/승합/트럭 등등),N,2,,,,,8800,
e_e009943,5,교통비,0,지하철,N,3,,,,,5250,
e_e009951,1,주유비,0,자가용(승용/승합/트럭 등등),N,1,,,,,50000,
e_e009951,1,주차비,0,자가용(승용/승합/트럭 등등),N,1,,,,,3000,
e_e009951,1,통행료,0,자가용(승용/승합/트럭 등등),N,1,,,,,3400,
e_e009957,1,주유비,0,자가용(승용/승합/트럭 등등),N,2,,,,,40000,
e_e009957,1,주차비,0,자가용(승용/승합/트럭 등등),N,2,,,,,2000,
e_e009957,1,통행료,0,자가용(승용/승합/트럭 등등),N,2,,,,,4000,
e_e009968,50,교통비,0,버스 + 지하철,N,2,,,,,10000,
e_e010014,50,교통비,0,버스 + 지하철,N,2,,,,,15000,
e_e010017,1,주차비,0,자가용(승용/승합/트럭 등등),N,2,,,,,3200,
e_e010017,1,통행료,0,자가용(승용/승합/트럭 등등),N,2,,,,,6300,
e_e010028,1,주유비,0,자가용(승용/승합/트럭 등등),N,2,,,,,10000,
e_e010028,1,통행료,0,자가용(승용/승합/트럭 등등),N,2,,,,,2400,
e_e010037,12,교통비,0,시외/고속버스,N,3,,,,,9000,
e_e010043,1,주유비,0,자가용(승용/승합/트럭 등등),N,2,,,,,40000,
e_e010043,1,통행료,0,자가용(승용/승합/트럭 등등),N,2,,,,,2700,
e_e010049,1,주유비,0,자가용(승용/승합/트럭 등등),N,2,,,,,30000,
e_e010049,1,통행료,0,자가용(승용/승합/트럭 등등),N,2,,,,,3600,
e_e010055,2,렌탈비,0,렌터카(승용/승합/버스 등등),N,5,,,,,105080,
e_e010055,2,주유비,0,렌터카(승용/승합/버스 등등),N,5,,,,,76645,
e_e010055,2,주차비,0,렌터카(승용/승합/버스 등등),N,5,,,,,4900,
e_e010055,2,통행료,0,렌터카(승용/승합/버스 등등),N,5,,,,,20000,
e_e010064,5,교통비,0,지하철,N,2,,,,,7500,
e_e010064,8,교통비,0,새마을/무궁화열차,N,2,,,,,43200,
e_e010076,1,주차비,0,자가용(승용/승합/트럭 등등),N,2,,,,,2000,
e_e010097,1,주유비,0,자가용(승용/승합/트럭 등등),N,2,,,,,30000,
e_e010106,1,주유비,0,자가용(승용/승합/트럭 등등),N,2,,,,,20000,
e_e010106,1,주차비,0,자가용(승용/승합/트럭 등등),N,2,,,,,3000,
e_e010106,1,통행료,0,자가용(승용/승합/트럭 등등),N,2,,,,,2400,
e_e010125,12,교통비,0,시외/고속버스,N,2,,,,,3600,
e_e010129,50,교통비,0,버스 + 지하철,N,2,,,,,16200,
e_e010160,1,통행료,0,자가용(승용/승합/트럭 등등),N,2,,,,,1800,
e_e010160,5,교통비,0,지하철,N,2,,,,,4550,
e_e010164,5,교통비,0,지하철,N,2,,,,,4100,
e_e010174,50,교통비,0,버스 + 지하철,N,2,,,,,10000,
e_e010198,1,주유비,0,자가용(승용/승합/트럭 등등),N,2,,,,,6000,
e_e010198,50,교통비,0,버스 + 지하철,N,2,,,,,71000,
e_e010199,5,교통비,0,지하철,N,1,,,,,4950,
e_e010200,1,주유비,0,자가용(승용/승합/트럭 등등),N,3,,,,,13677,
e_e010200,1,주차비,0,자가용(승용/승합/트럭 등등),N,3,,,,,500,
e_e010205,1,주유비,0,자가용(승용/승합/트럭 등등),N,2,,,,,30000,
e_e010220,5,교통비,0,지하철,N,1,,,,,5550,
e_e010221,1,주유비,0,자가용(승용/승합/트럭 등등),N,2,,,,,107000,
e_e010221,1,통행료,0,자가용(승용/승합/트럭 등등),N,2,,,,,7000,
e_e010222,50,교통비,0,버스 + 지하철,N,2,,,,,12550,
e_e010230,5,교통비,0,지하철,N,1,,,,,5000,
e_e010231,1,주차비,0,자가용(승용/승합/트럭 등등),N,2,,,,,2000,
e_e010231,1,통행료,0,자가용(승용/승합/트럭 등등),N,2,,,,,5600,
e_e010237,1,주유비,0,자가용(승용/승합/트럭 등등),N,2,,,,,30000,
e_e010237,1,통행료,0,자가용(승용/승합/트럭 등등),N,2,,,,,10000,
e_e010238,2,렌탈비,0,렌터카(승용/승합/버스 등등),N,4,,,,,113760,
e_e010240,5,교통비,0,지하철,N,1,,,,,6000,
e_e010243,4,교통비,1,택시,N,3,1388104862,공정기업(주),2023-08-27 17:57,1,7200,택시비
e_e010243,5,교통비,0,지하철,N,3,,,,,9000,
e_e010247,5,교통비,0,지하철,N,2,,,,,3850,
e_e010248,4,교통비,1,택시,N,1,,대덕택시(합),2023-08-31 15:36,1,7900,택시비 
e_e010248,50,교통비,0,버스 + 지하철,N,1,,,,,20500,
e_e010248,7,교통비,0,KTX/SRT(고속열차),N,1,,,,,21200,
e_e010249,5,교통비,0,지하철,N,2,,,,,2500,
e_e010254,5,교통비,0,지하철,N,2,,,,,5650,
e_e010255,1,통행료,0,자가용(승용/승합/트럭 등등),N,3,,,,,900,
e_e010256,1,주유비,0,자가용(승용/승합/트럭 등등),N,2,,,,,60000,
e_e010256,1,통행료,0,자가용(승용/승합/트럭 등등),N,2,,,,,2000,
e_e010259,5,교통비,0,지하철,N,3,,,,,9450,
e_e010261,1,주차비,0,자가용(승용/승합/트럭 등등),N,3,,,,,600,
e_e010263,1,주유비,0,자가용(승용/승합/트럭 등등),N,3,,,,,20000,
e_e010263,1,주차비,0,자가용(승용/승합/트럭 등등),N,3,,,,,4500,
e_e010263,1,통행료,0,자가용(승용/승합/트럭 등등),N,3,,,,,8000,
e_e010268,1,주유비,0,자가용(승용/승합/트럭 등등),N,4,,,,,40000,
e_e010268,1,주차비,0,자가용(승용/승합/트럭 등등),N,4,,,,,1400,
e_e010271,1,주유비,0,자가용(승용/승합/트럭 등등),N,2,,,,,11146,
e_e010271,1,통행료,0,자가용(승용/승합/트럭 등등),N,2,,,,,2900,
e_e010272,1,주유비,0,자가용(승용/승합/트럭 등등),N,3,,,,,20000,
e_e010272,1,통행료,0,자가용(승용/승합/트럭 등등),N,3,,,,,7000,
e_e010274,5,교통비,0,지하철,N,2,,,,,9000,
e_e010277,5,교통비,0,지하철,N,2,,,,,5800,
e_e010281,12,교통비,0,시외/고속버스,N,2,,,,,14200,
e_e010302,50,교통비,0,버스 + 지하철,N,2,,,,,12400,
e_e010313,1,주유비,0,자가용(승용/승합/트럭 등등),N,2,,,,,15000,
e_e010313,1,주차비,0,자가용(승용/승합/트럭 등등),N,2,,,,,1800,
e_e010313,1,통행료,0,자가용(승용/승합/트럭 등등),N,2,,,,,900,
e_e010316,5,교통비,0,지하철,N,3,,,,,4000,
e_e010322,1,주유비,0,자가용(승용/승합/트럭 등등),N,2,,,,,50000,
e_e010322,1,주차비,0,자가용(승용/승합/트럭 등등),N,2,,,,,1000,
e_e010322,1,통행료,0,자가용(승용/승합/트럭 등등),N,2,,,,,8000,
e_e010325,4,교통비,0,택시,N,1,,,,,10200,
e_e010325,5,교통비,0,지하철,N,1,,,,,5000,
e_e010325,7,교통비,0,KTX/SRT(고속열차),N,1,,,,,43003,
e_e010336,1,주차비,0,자가용(승용/승합/트럭 등등),N,2,,,,,6000,
e_e010336,1,통행료,0,자가용(승용/승합/트럭 등등),N,2,,,,,1600,
e_e010336,5,교통비,0,지하철,N,2,,,,,1450,
e_e010343,5,교통비,0,지하철,N,1,,,,,5600,
e_e010355,1,주유비,0,자가용(승용/승합/트럭 등등),N,4,,,,,40000,
e_e010355,1,통행료,0,자가용(승용/승합/트럭 등등),N,4,,,,,6000,
e_e010365,5,교통비,0,지하철,N,1,,,,,7800,
e_e010370,4,교통비,0,택시,N,2,,,,,11200,
e_e010370,5,교통비,0,지하철,N,2,,,,,4550,
e_e010371,1,주유비,0,자가용(승용/승합/트럭 등등),N,2,,,,,60000,
e_e010372,5,교통비,0,지하철,N,2,,,,,7000,
e_e010375,50,교통비,0,버스 + 지하철,N,2,,,,,16000,
e_e010375,8,교통비,1,새마을/무궁화열차,Y,2,3148210024,한국철도공사,2023-08-19 23:41,1,10400,기차표 
e_e010375,8,교통비,2,새마을/무궁화열차,Y,2,3148210024,한국철도공사,2023-08-19 00:00,1,10400,기차표 
e_e010377,1,주유비,0,자가용(승용/승합/트럭 등등),N,4,,,,,10000,
e_e010386,50,교통비,0,버스 + 지하철,N,2,,,,,7300,
e_e010387,1,주유비,0,자가용(승용/승합/트럭 등등),N,4,,,,,80000,
e_e010387,1,통행료,0,자가용(승용/승합/트럭 등등),N,4,,,,,28000,
e_e010390,2,렌탈비,0,렌터카(승용/승합/버스 등등),N,2,,,,,130000,
e_e010390,2,주차비,0,렌터카(승용/승합/버스 등등),N,2,,,,,2000,
e_e010390,2,통행료,0,렌터카(승용/승합/버스 등등),N,2,,,,,9800,
e_e010404,1,주유비,0,자가용(승용/승합/트럭 등등),N,3,,,,,54182,
e_e010404,1,주차비,0,자가용(승용/승합/트럭 등등),N,3,,,,,900,
e_e010404,1,통행료,0,자가용(승용/승합/트럭 등등),N,3,,,,,20000,
e_e010415,1,주유비,0,자가용(승용/승합/트럭 등등),N,4,,,,,30000,
e_e010415,1,주차비,0,자가용(승용/승합/트럭 등등),N,4,,,,,3000,
e_e010415,1,통행료,0,자가용(승용/승합/트럭 등등),N,4,,,,,4200,
e_e010434,1,주유비,0,자가용(승용/승합/트럭 등등),N,2,,,,,30000,
e_e010434,1,주차비,0,자가용(승용/승합/트럭 등등),N,2,,,,,1000,
e_e010442,5,교통비,0,지하철,N,2,,,,,6200,
e_e010462,12,교통비,0,시외/고속버스,N,1,,,,,6400,
e_e010492,1,주유비,0,자가용(승용/승합/트럭 등등),N,4,,,,,30000,
e_e010517,1,통행료,0,자가용(승용/승합/트럭 등등),N,1,,,,,5600,
e_e010522,5,교통비,0,지하철,N,2,,,,,5000,
e_e010531,5,교통비,0,지하철,N,1,,,,,3000,
e_e010539,5,교통비,0,지하철,N,2,,,,,9000,
e_e010560,1,주차비,0,자가용(승용/승합/트럭 등등),N,2,,,,,17000,
e_e010560,1,통행료,0,자가용(승용/승합/트럭 등등),N,2,,,,,5000,
e_e010598,50,교통비,0,버스 + 지하철,N,2,,,,,12400,
e_e010598,7,교통비,0,KTX/SRT(고속열차),N,2,,,,,93400,
e_e010608,1,통행료,0,자가용(승용/승합/트럭 등등),N,2,,,,,4800,
e_e010636,1,주유비,0,자가용(승용/승합/트럭 등등),N,3,,,,,50850,
e_e010659,1,주유비,0,자가용(승용/승합/트럭 등등),N,2,,,,,20000,
e_e010660,5,교통비,0,지하철,N,2,,,,,7450,
e_e010678,1,주유비,0,자가용(승용/승합/트럭 등등),N,2,,,,,20000,
e_e010678,1,통행료,0,자가용(승용/승합/트럭 등등),N,2,,,,,7000,
e_e010678,16,교통비,0,기타,N,2,,,,,16000,
e_e010683,5,교통비,0,지하철,N,2,,,,,9300,
e_e010689,5,교통비,0,지하철,N,2,,,,,8700,
e_e010700,5,교통비,0,지하철,N,2,,,,,5800,
e_e010713,5,교통비,0,지하철,N,2,,,,,6600,
e_e010715,2,렌탈비,0,렌터카(승용/승합/버스 등등),N,2,,,,,58000,
e_e010715,2,주유비,0,렌터카(승용/승합/버스 등등),N,2,,,,,36000,
e_e010715,2,통행료,0,렌터카(승용/승합/버스 등등),N,2,,,,,6800,
e_e010716,1,주유비,0,자가용(승용/승합/트럭 등등),N,4,,,,,30000,
e_e010716,1,통행료,0,자가용(승용/승합/트럭 등등),N,4,,,,,3700,
e_e010720,1,주차비,0,자가용(승용/승합/트럭 등등),N,1,,,,,4800,
e_e010720,1,통행료,0,자가용(승용/승합/트럭 등등),N,1,,,,,2200,
e_e010722,4,교통비,0,택시,N,4,,,,,6400,
e_e010722,5,교통비,0,지하철,N,4,,,,,5000,
e_e010724,1,통행료,0,자가용(승용/승합/트럭 등등),N,2,,,,,1050,
e_e010729,1,주차비,0,자가용(승용/승합/트럭 등등),N,3,,,,,3000,
e_e010729,1,통행료,0,자가용(승용/승합/트럭 등등),N,3,,,,,8000,
e_e010734,5,교통비,0,지하철,N,1,,,,,2650,
e_e010735,13,교통비,0,시내/마을버스,N,2,,,,,8100,
e_e010736,1,주차비,0,자가용(승용/승합/트럭 등등),N,2,,,,,3000,
e_e010740,5,교통비,0,지하철,N,1,,,,,4350,
e_e010741,5,교통비,0,지하철,N,1,,,,,6950,
e_e010747,13,교통비,0,시내/마을버스,N,1,,,,,2500,
e_e010753,2,렌탈비,1,렌터카(승용/승합/버스 등등),Y,6,2208791595,(주)그린카,2023-08-24 00:00,1,83470,렌트비 
e_e010753,2,주유비,0,렌터카(승용/승합/버스 등등),N,6,,,,,29830,
e_e010755,1,주유비,0,자가용(승용/승합/트럭 등등),N,5,,,,,20000,
e_e010755,1,통행료,0,자가용(승용/승합/트럭 등등),N,4,,,,,6800,
e_e010759,13,교통비,0,시내/마을버스,N,2,,,,,8500,
e_e010763,1,주유비,0,자가용(승용/승합/트럭 등등),N,2,,,,,6000,
e_e010765,50,교통비,0,버스 + 지하철,N,2,,,,,14800,
e_e010766,1,주유비,0,자가용(승용/승합/트럭 등등),N,4,,,,,5000,
e_e010769,5,교통비,0,지하철,N,2,,,,,7200,
e_e010773,5,교통비,0,지하철,N,1,,,,,6000,
e_e010775,50,교통비,0,버스 + 지하철,N,2,,,,,15000,
e_e010779,5,교통비,0,지하철,N,1,,,,,4750,
e_e010782,1,주유비,0,자가용(승용/승합/트럭 등등),N,2,,,,,20000,
e_e010782,1,통행료,0,자가용(승용/승합/트럭 등등),N,2,,,,,13200,
e_e010798,4,교통비,1,택시,N,2,4150885283,개인택시,2023-08-26 20:02,1,7700,택시비
e_e010798,5,교통비,0,지하철,N,2,,,,,4000,
e_e010803,1,주유비,0,자가용(승용/승합/트럭 등등),N,3,,,,,20000,
e_e010803,1,통행료,0,자가용(승용/승합/트럭 등등),N,3,,,,,9600,
e_e010812,1,주유비,0,자가용(승용/승합/트럭 등등),N,2,,,,,69000,
e_e010812,1,주차비,0,자가용(승용/승합/트럭 등등),N,2,,,,,2800,
e_e010814,1,주유비,0,자가용(승용/승합/트럭 등등),N,2,,,,,8000,
e_e010814,1,통행료,0,자가용(승용/승합/트럭 등등),N,2,,,,,1700,
e_e010838,1,주유비,0,자가용(승용/승합/트럭 등등),N,2,,,,,15000,
e_e010838,1,주차비,0,자가용(승용/승합/트럭 등등),N,2,,,,,2000,
e_e010838,1,통행료,0,자가용(승용/승합/트럭 등등),N,2,,,,,6800,
e_e010843,4,교통비,1,택시,N,2,4110431512,개인택시,2023-08-26 11:49,1,8900,택시비
e_e010843,5,교통비,0,지하철,N,2,,,,,3000,
e_e010850,2,렌탈비,0,렌터카(승용/승합/버스 등등),N,2,,,,,38640,
e_e010850,2,주차비,0,렌터카(승용/승합/버스 등등),N,2,,,,,3000,
e_e010852,1,주유비,0,자가용(승용/승합/트럭 등등),N,3,,,,,6192,
e_e010852,1,통행료,0,자가용(승용/승합/트럭 등등),N,3,,,,,2400,
e_e010863,4,교통비,0,택시,N,2,,,,,41000,
e_e010863,5,교통비,0,지하철,N,2,,,,,7850,
e_e010868,5,교통비,0,지하철,N,3,,,,,3300,
e_e010884,1,주차비,0,자가용(승용/승합/트럭 등등),N,2,,,,,12000,
e_e010884,1,통행료,0,자가용(승용/승합/트럭 등등),N,2,,,,,2800,
e_e010893,1,주유비,0,자가용(승용/승합/트럭 등등),N,4,,,,,30000,
e_e010893,1,통행료,0,자가용(승용/승합/트럭 등등),N,4,,,,,900,
e_e010900,50,교통비,0,버스 + 지하철,N,2,,,,,14400,
e_e010915,1,주유비,0,자가용(승용/승합/트럭 등등),N,3,,,,,60000,
e_e010915,1,통행료,0,자가용(승용/승합/트럭 등등),N,3,,,,,6000,
e_e010921,1,주유비,0,자가용(승용/승합/트럭 등등),N,2,,,,,50000,
e_e010926,5,교통비,0,지하철,N,3,,,,,3100,
e_e010935,12,교통비,0,시외/고속버스,N,2,,,,,6000,
e_e010937,1,주유비,0,자가용(승용/승합/트럭 등등),N,1,,,,,20000,
e_e010939,1,통행료,0,자가용(승용/승합/트럭 등등),N,2,,,,,6400,
e_e010948,1,주유비,0,자가용(승용/승합/트럭 등등),N,2,,,,,50000,
e_e010948,1,통행료,0,자가용(승용/승합/트럭 등등),N,2,,,,,5000,
e_e010955,12,교통비,0,시외/고속버스,N,2,,,,,8400,
e_e010969,50,교통비,0,버스 + 지하철,N,3,,,,,31400,
e_e010978,1,주차비,0,자가용(승용/승합/트럭 등등),N,2,,,,,750,
e_e010979,4,교통비,0,택시,N,3,,,,,16600,
e_e010979,50,교통비,0,버스 + 지하철,N,8,,,,,7000,
e_e010984,5,교통비,0,지하철,N,3,,,,,6100,
e_e010991,1,주유비,0,자가용(승용/승합/트럭 등등),N,2,,,,,40000,
e_e010991,1,통행료,0,자가용(승용/승합/트럭 등등),N,2,,,,,10000,
e_e011007,1,주유비,0,자가용(승용/승합/트럭 등등),N,4,,,,,30000,
e_e011029,1,주유비,0,자가용(승용/승합/트럭 등등),N,3,,,,,50000,
e_e011029,1,주차비,0,자가용(승용/승합/트럭 등등),N,3,,,,,3000,
e_e011039,5,교통비,0,지하철,N,3,,,,,9000,
e_e011046,50,교통비,0,버스 + 지하철,N,2,,,,,30000,
e_e011054,1,주유비,0,자가용(승용/승합/트럭 등등),N,3,,,,,118000,
e_e011054,1,통행료,0,자가용(승용/승합/트럭 등등),N,3,,,,,8000,
e_e011058,5,교통비,0,지하철,N,1,,,,,3700,
e_e011062,50,교통비,0,버스 + 지하철,N,2,,,,,12000,
e_e011095,50,교통비,0,버스 + 지하철,N,2,,,,,12900,
e_e011100,1,주유비,0,자가용(승용/승합/트럭 등등),N,4,,,,,6600,
e_e011100,1,주차비,0,자가용(승용/승합/트럭 등등),N,4,,,,,5000,
e_e011100,1,통행료,0,자가용(승용/승합/트럭 등등),N,4,,,,,5400,
e_e011125,13,교통비,0,시내/마을버스,N,1,,,,,6700,
e_e011128,5,교통비,0,지하철,N,1,,,,,2700,
e_e011130,5,교통비,0,지하철,N,2,,,,,6200,
e_e011132,13,교통비,0,시내/마을버스,N,2,,,,,6200,
e_e011132,4,교통비,1,택시,N,2,1048183559,카카오페이_택시,2023-09-02 15:34,1,7700,택시비
e_e011132,4,교통비,2,택시,N,2,1048183559,(주)티머니,2023-09-02 13:59,1,7700,택시비 
e_e011150,50,교통비,0,버스 + 지하철,N,2,,,,,15600,
e_e011151,1,주유비,0,자가용(승용/승합/트럭 등등),N,2,,,,,30000,
e_e011151,1,주차비,0,자가용(승용/승합/트럭 등등),N,2,,,,,550,
e_e011167,1,주유비,0,자가용(승용/승합/트럭 등등),N,2,,,,,10000,
e_e011167,1,통행료,0,자가용(승용/승합/트럭 등등),N,2,,,,,1800,
e_e011186,1,주차비,0,자가용(승용/승합/트럭 등등),N,4,,,,,2000,
e_e011187,12,교통비,0,시외/고속버스,N,1,,,,,10000,
e_e011208,1,주차비,0,자가용(승용/승합/트럭 등등),N,3,,,,,14000,
e_e011208,1,통행료,0,자가용(승용/승합/트럭 등등),N,3,,,,,3800,
e_e011215,1,주차비,0,자가용(승용/승합/트럭 등등),N,1,,,,,5000,
e_e011218,5,교통비,0,지하철,N,1,,,,,8400,
e_e011239,50,교통비,0,버스 + 지하철,N,2,,,,,14000,
e_e011246,5,교통비,0,지하철,N,2,,,,,5400,
e_e011247,5,교통비,0,지하철,N,2,,,,,1950,
e_e011252,50,교통비,0,버스 + 지하철,N,2,,,,,39800,
e_e011360,1,주유비,0,자가용(승용/승합/트럭 등등),N,2,,,,,50000,
e_e011360,1,통행료,0,자가용(승용/승합/트럭 등등),N,2,,,,,5600,
e_e011377,5,교통비,0,지하철,N,2,,,,,9400,
e_e011379,50,교통비,0,버스 + 지하철,N,2,,,,,18500,
e_e011389,1,주유비,0,자가용(승용/승합/트럭 등등),N,4,,,,,15000,
e_e011389,1,주차비,0,자가용(승용/승합/트럭 등등),N,4,,,,,2000,
e_e011389,1,통행료,0,자가용(승용/승합/트럭 등등),N,4,,,,,5400,
e_e011393,5,교통비,0,지하철,N,1,,,,,4400,
e_e011396,50,교통비,0,버스 + 지하철,N,1,,,,,7400,
e_e011399,5,교통비,0,지하철,N,1,,,,,4700,
e_e011405,1,주유비,0,자가용(승용/승합/트럭 등등),N,4,,,,,50000,
e_e011406,2,렌탈비,0,렌터카(승용/승합/버스 등등),N,2,,,,,35010,
e_e011406,2,주유비,0,렌터카(승용/승합/버스 등등),N,2,,,,,14700,
e_e011406,2,통행료,0,렌터카(승용/승합/버스 등등),N,2,,,,,1400,
e_e011407,1,통행료,0,자가용(승용/승합/트럭 등등),N,2,,,,,8600,
e_e011408,1,주유비,0,자가용(승용/승합/트럭 등등),N,3,,,,,30000,
e_e011413,1,주유비,0,자가용(승용/승합/트럭 등등),N,4,,,,,20000,
e_e011413,1,통행료,0,자가용(승용/승합/트럭 등등),N,4,,,,,9000,
e_e011417,50,교통비,0,버스 + 지하철,N,2,,,,,11900,
e_e011421,1,주유비,0,자가용(승용/승합/트럭 등등),N,2,,,,,30000,
e_e011421,1,통행료,0,자가용(승용/승합/트럭 등등),N,2,,,,,15200,
e_e011429,1,주유비,0,자가용(승용/승합/트럭 등등),N,1,,,,,50000,
e_e011429,1,주차비,0,자가용(승용/승합/트럭 등등),N,1,,,,,10000,
e_e011429,1,통행료,0,자가용(승용/승합/트럭 등등),N,1,,,,,9400,
e_e011430,12,교통비,0,시외/고속버스,N,2,,,,,11800,
e_e011431,1,통행료,0,자가용(승용/승합/트럭 등등),N,2,,,,,3900,
e_e011432,1,주유비,0,자가용(승용/승합/트럭 등등),N,2,,,,,60000,
e_e011432,1,통행료,0,자가용(승용/승합/트럭 등등),N,2,,,,,2000,
e_e011432,12,교통비,0,시외/고속버스,N,2,,,,,2800,
e_e011433,5,교통비,0,지하철,N,1,,,,,9000,
e_e011435,1,주유비,0,자가용(승용/승합/트럭 등등),N,2,,,,,73000,
e_e011435,1,통행료,0,자가용(승용/승합/트럭 등등),N,2,,,,,900,
e_e011438,50,교통비,0,버스 + 지하철,N,2,,,,,17450,
e_e011438,7,교통비,0,KTX/SRT(고속열차),N,2,,,,,15400,
e_e011446,5,교통비,0,지하철,N,2,,,,,7500,
e_e011462,12,교통비,0,시외/고속버스,N,2,,,,,5600,
e_e011473,1,주유비,0,자가용(승용/승합/트럭 등등),N,3,,,,,20000,
e_e011473,1,통행료,0,자가용(승용/승합/트럭 등등),N,3,,,,,5000,
e_e011482,5,교통비,0,지하철,N,1,,,,,4450,
e_e011483,5,교통비,0,지하철,N,2,,,,,3400,
e_e011486,1,주유비,0,자가용(승용/승합/트럭 등등),N,1,,,,,20000,
e_e011486,1,주차비,0,자가용(승용/승합/트럭 등등),N,1,,,,,30000,
e_e011486,1,통행료,0,자가용(승용/승합/트럭 등등),N,1,,,,,3000,
e_e011488,1,주유비,0,자가용(승용/승합/트럭 등등),N,2,,,,,5177,
e_e011488,1,주차비,0,자가용(승용/승합/트럭 등등),N,2,,,,,7680,
e_e011488,1,통행료,0,자가용(승용/승합/트럭 등등),N,2,,,,,1800,
e_e011488,5,교통비,0,지하철,N,2,,,,,1500,
e_e011489,1,주유비,0,자가용(승용/승합/트럭 등등),N,2,,,,,30000,
e_e011489,1,통행료,0,자가용(승용/승합/트럭 등등),N,2,,,,,9600,
e_e011490,5,교통비,0,지하철,N,1,,,,,3400,
e_e011498,1,주유비,0,자가용(승용/승합/트럭 등등),N,4,,,,,30000,
e_e011505,4,교통비,0,택시,N,1,,,,,9700,
e_e011505,5,교통비,0,지하철,N,1,,,,,3000,
e_e011538,5,교통비,0,지하철,N,2,,,,,4550,
e_e011552,5,교통비,0,지하철,N,2,,,,,9000,
e_e011567,1,주유비,0,자가용(승용/승합/트럭 등등),N,2,,,,,40000,
e_e011567,1,통행료,0,자가용(승용/승합/트럭 등등),N,2,,,,,1800,
e_e011570,1,주차비,0,자가용(승용/승합/트럭 등등),N,1,,,,,7000,
e_e011572,50,교통비,0,버스 + 지하철,N,2,,,,,43500,
e_e011574,5,교통비,0,지하철,N,2,,,,,5400,
e_e011574,7,교통비,0,KTX/SRT(고속열차),N,2,,,,,48600,
e_e011575,50,교통비,0,버스 + 지하철,N,2,,,,,18000,
e_e011576,14,렌탈비,0,자전거,N,2,,,,,3840,
e_e011576,14,렌탈비,1,자전거,N,2,1208147521,주식회사 카카오,2023-08-27 13:23,1,1800,탑승권
e_e011576,14,렌탈비,2,자전거,N,2,1208147521,주식회사 카카오,2023-08-27 21:36,1,2040,바이크 운행료
e_e011576,5,교통비,0,지하철,N,2,,,,,4750,
e_e011580,5,교통비,0,지하철,N,2,,,,,8500,
e_e011581,1,통행료,0,자가용(승용/승합/트럭 등등),N,1,,,,,1200,
e_e011581,12,교통비,0,시외/고속버스,N,1,,,,,6500,
e_e011581,5,교통비,0,지하철,N,1,,,,,5050,
e_e011582,1,주유비,0,자가용(승용/승합/트럭 등등),N,3,,,,,5000,
e_e011583,1,주유비,0,자가용(승용/승합/트럭 등등),N,2,,,,,15000,
e_e011588,1,주차비,0,자가용(승용/승합/트럭 등등),N,3,,,,,1040,
e_e011588,1,통행료,0,자가용(승용/승합/트럭 등등),N,3,,,,,5600,
e_e011592,1,주유비,0,자가용(승용/승합/트럭 등등),N,2,,,,,50000,
e_e011592,1,통행료,0,자가용(승용/승합/트럭 등등),N,2,,,,,14000,
e_e011592,5,교통비,0,지하철,N,2,,,,,2800,
e_e011596,5,교통비,0,지하철,N,1,,,,,4000,
e_e011627,1,주유비,0,자가용(승용/승합/트럭 등등),N,2,,,,,50000,
e_e011627,1,통행료,0,자가용(승용/승합/트럭 등등),N,2,,,,,6200,
e_e011630,50,교통비,0,버스 + 지하철,N,2,,,,,34400,
e_e011631,1,통행료,0,자가용(승용/승합/트럭 등등),N,1,,,,,6400,
e_e011632,50,교통비,0,버스 + 지하철,N,1,,,,,9400,
e_e011643,1,통행료,0,자가용(승용/승합/트럭 등등),N,2,,,,,1800,
e_e011715,1,주유비,0,자가용(승용/승합/트럭 등등),N,2,,,,,30000,
e_e011715,1,주차비,0,자가용(승용/승합/트럭 등등),N,2,,,,,1000,
e_e011737,13,교통비,0,시내/마을버스,N,1,,,,,5600,
e_e011742,1,주유비,0,자가용(승용/승합/트럭 등등),N,2,,,,,20000,
e_e011752,50,교통비,0,버스 + 지하철,N,2,,,,,14600,
e_e011756,50,교통비,0,버스 + 지하철,N,2,,,,,12000,
e_e011758,16,교통비,0,기타,N,2,,,,,8000,
e_e011758,5,교통비,0,지하철,N,2,,,,,3700,
e_e011779,5,교통비,0,지하철,N,1,,,,,3100,
e_e011783,5,교통비,0,지하철,N,1,,,,,6300,
e_e011787,1,주유비,0,자가용(승용/승합/트럭 등등),N,3,,,,,20000,
e_e011787,1,주차비,0,자가용(승용/승합/트럭 등등),N,3,,,,,2000,
e_e011787,1,통행료,0,자가용(승용/승합/트럭 등등),N,3,,,,,10600,
e_e011803,5,교통비,0,지하철,N,1,,,,,2900,
e_e011858,5,교통비,0,지하철,N,1,,,,,6300,
e_e011866,2,렌탈비,0,렌터카(승용/승합/버스 등등),N,4,,,,,68000,
e_e011866,2,통행료,0,렌터카(승용/승합/버스 등등),N,4,,,,,8900,
e_e011868,1,주유비,0,자가용(승용/승합/트럭 등등),N,2,,,,,40000,
e_e011868,1,주차비,0,자가용(승용/승합/트럭 등등),N,2,,,,,6000,
e_e011868,1,통행료,0,자가용(승용/승합/트럭 등등),N,2,,,,,10588,
e_e011869,12,교통비,0,시외/고속버스,N,3,,,,,6200,
e_e011873,12,교통비,0,시외/고속버스,N,2,,,,,7050,
e_e011885,1,주유비,0,자가용(승용/승합/트럭 등등),N,4,,,,,4000,
e_e011885,1,주차비,0,자가용(승용/승합/트럭 등등),N,4,,,,,5000,
e_e011885,1,통행료,0,자가용(승용/승합/트럭 등등),N,4,,,,,3200,
e_e011903,1,주유비,0,자가용(승용/승합/트럭 등등),N,1,,,,,50000,
e_e011941,13,교통비,0,시내/마을버스,N,2,,,,,6000,
e_e011956,50,교통비,0,버스 + 지하철,N,1,,,,,10000,
e_e012026,4,교통비,1,택시,N,3,1298638970,로카모빌리티_카카오법인택시,2023-08-31 14:08,1,6700,택시비
e_e012026,5,교통비,0,지하철,N,3,,,,,3300,
e_e012047,10,교통비,1,배/선박,N,2,1378204361,세종해운(주)월미사업부,2023-08-31 14:41,1,7000,
e_e012047,50,교통비,0,버스 + 지하철,N,2,,,,,12000,
e_e012049,11,교통비,1,관광버스,N,3,1358215727,수원문화재단,2023-09-01 16:20,1,12000,화성어차 탑승권
e_e012049,5,교통비,0,지하철,N,3,,,,,7500,
e_e012063,12,교통비,0,시외/고속버스,N,2,,,,,18000,
e_e012063,16,교통비,0,기타,N,2,,,,,28000,
e_e012070,5,교통비,0,지하철,N,1,,,,,5700,
e_e012074,1,통행료,0,자가용(승용/승합/트럭 등등),N,2,,,,,1000,
e_e012107,5,교통비,0,지하철,N,2,,,,,5350,
e_e012132,5,교통비,0,지하철,N,2,,,,,4450,
e_e012137,5,교통비,0,지하철,N,1,,,,,4500,
e_e012144,4,교통비,1,택시,N,2,1171357650,개인택시,2023-08-31 15:18,1,8000,택시비
e_e012144,5,교통비,0,지하철,N,2,,,,,5800,
e_e012144,7,교통비,1,KTX/SRT(고속열차),Y,2,3148210024,한국철도공사,2023-08-30 10:31,1,14100,기차표 
e_e012144,7,교통비,2,KTX/SRT(고속열차),Y,2,3148210024,한국철도공사,2023-08-30 10:29,1,11300,기차표
e_e012144,7,교통비,3,KTX/SRT(고속열차),N,2,3148210024,한국철도공사,2023-08-31 00:00,1,14100,기차표 
e_e012144,7,교통비,4,KTX/SRT(고속열차),Y,2,3148210024,한국철도공사,2023-08-30 00:00,1,16900,기차표
e_e012180,5,교통비,0,지하철,N,1,,,,,5000,
e_e012192,1,주유비,0,자가용(승용/승합/트럭 등등),N,2,,,,,22000,
e_e012192,1,통행료,0,자가용(승용/승합/트럭 등등),N,2,,,,,3800,
e_e012194,1,주차비,0,자가용(승용/승합/트럭 등등),N,2,,,,,18000,
e_e012194,7,교통비,1,KTX/SRT(고속열차),N,2,3148210024,한국철도공사,2023-08-29 09:49,3,16100,기차표
e_e012194,7,교통비,2,KTX/SRT(고속열차),Y,2,3148210024,한국철도공사,2023-08-19 11:05,3,16100,기차표
e_e012221,1,주유비,0,자가용(승용/승합/트럭 등등),N,3,,,,,50000,
e_e012232,4,교통비,0,택시,N,2,,,,,40000,
e_e012232,5,교통비,0,지하철,N,2,,,,,6000,
e_e012240,2,렌탈비,1,렌터카(승용/승합/버스 등등),N,5,6168190529,주식회사 쏘카,2023-09-03 22:34,3,21090,렌트비
e_e012240,2,렌탈비,2,렌터카(승용/승합/버스 등등),N,5,6168190529,주식회사 쏘카,2023-09-03 21:42,3,2320,렌트비 
e_e012240,2,렌탈비,3,렌터카(승용/승합/버스 등등),N,5,6168190529,주식회사 쏘카,2023-09-03 21:39,3,5000,렌트비
e_e012240,2,렌탈비,4,렌터카(승용/승합/버스 등등),Y,5,6168190529,(주)쏘카,2023-08-23 12:51,3,66680,렌트비
e_e012240,2,주유비,0,렌터카(승용/승합/버스 등등),N,5,,,,,21090,
e_e012240,2,주차비,0,렌터카(승용/승합/버스 등등),N,5,,,,,17000,
e_e012240,2,주차비,5,렌터카(승용/승합/버스 등등),N,5,1728600842,(주)카카오모빌리티,2023-09-03 19:17,1,15000,주차비 
e_e012242,1,주유비,0,자가용(승용/승합/트럭 등등),N,1,,,,,30000,
e_e012242,1,주차비,0,자가용(승용/승합/트럭 등등),N,1,,,,,2000,
e_e012246,12,교통비,0,시외/고속버스,N,2,,,,,6700,
e_e012264,1,통행료,0,자가용(승용/승합/트럭 등등),N,3,,,,,2700,
e_e012268,1,주유비,0,자가용(승용/승합/트럭 등등),N,2,,,,,35000,
e_e012305,1,주차비,0,자가용(승용/승합/트럭 등등),N,3,,,,,6500,
e_e012305,4,교통비,1,택시,N,3,7941202315,개인택시,2023-08-29 16:12,1,6800,택시비
e_e012305,4,교통비,2,택시,N,3,2061435889,개인택시,2023-08-29 11:09,3,6700,택시비
e_e012305,4,교통비,3,택시,N,3,5208601583,주식회사 케이엠포,2023-08-29 10:15,1,10300,택시비 
e_e012305,7,교통비,0,KTX/SRT(고속열차),N,3,,,,,323100,
e_e012344,1,주유비,0,자가용(승용/승합/트럭 등등),N,2,,,,,10000,
e_e012344,1,통행료,0,자가용(승용/승합/트럭 등등),N,2,,,,,2000,
e_e012346,5,교통비,0,지하철,N,2,,,,,6000,
e_e012346,7,교통비,0,KTX/SRT(고속열차),N,2,,,,,214000,
e_e012349,1,주차비,0,자가용(승용/승합/트럭 등등),N,2,,,,,5000,
e_e012357,4,교통비,1,택시,N,1,1291543473,,2023-08-31 19:19,1,5600,택시비
e_e012357,4,교통비,2,택시,N,1,1048183559,주식회사 티머니,2023-08-31 23:46,1,22700,택시비 
e_e012357,5,교통비,0,지하철,N,1,,,,,1350,
e_e012389,1,주유비,0,자가용(승용/승합/트럭 등등),N,2,,,,,10000,
e_e012389,1,통행료,0,자가용(승용/승합/트럭 등등),N,2,,,,,6000,
e_e012429,1,주유비,0,자가용(승용/승합/트럭 등등),N,2,,,,,50000,
e_e012429,1,통행료,0,자가용(승용/승합/트럭 등등),N,2,,,,,5600,
e_e012487,1,주차비,0,자가용(승용/승합/트럭 등등),N,1,,,,,4000,
e_e012487,1,통행료,0,자가용(승용/승합/트럭 등등),N,1,,,,,4200,
e_e012488,12,교통비,0,시외/고속버스,N,1,,,,,5600,
e_e012514,1,주유비,0,자가용(승용/승합/트럭 등등),N,6,,,,,40000,
e_e012514,1,주차비,0,자가용(승용/승합/트럭 등등),N,6,,,,,10800,
e_e012514,1,통행료,0,자가용(승용/승합/트럭 등등),N,4,,,,,4000,
e_e012554,1,통행료,0,자가용(승용/승합/트럭 등등),N,2,,,,,24900,
e_e012583,1,주차비,0,자가용(승용/승합/트럭 등등),N,2,,,,,3500,
e_e012622,1,통행료,0,자가용(승용/승합/트럭 등등),N,2,,,,,5600,
e_e012636,12,교통비,0,시외/고속버스,N,2,,,,,18300,
e_e012682,1,주유비,0,자가용(승용/승합/트럭 등등),N,1,,,,,57086,
e_e012694,1,주유비,0,자가용(승용/승합/트럭 등등),N,4,,,,,6120,
e_e012694,1,주차비,0,자가용(승용/승합/트럭 등등),N,4,,,,,10000,
e_e012694,1,통행료,0,자가용(승용/승합/트럭 등등),N,4,,,,,2000,
e_e012694,5,교통비,0,지하철,N,6,,,,,5050,
e_e012748,5,교통비,0,지하철,N,1,,,,,5400,
e_e012760,50,교통비,0,버스 + 지하철,N,2,,,,,45000,
e_e012761,1,주유비,0,자가용(승용/승합/트럭 등등),N,4,,,,,30000,
e_e012761,1,주차비,0,자가용(승용/승합/트럭 등등),N,4,,,,,3000,
e_e012805,1,주유비,0,자가용(승용/승합/트럭 등등),N,2,,,,,50000,
e_e012805,1,주차비,0,자가용(승용/승합/트럭 등등),N,2,,,,,15000,
e_e012976,5,교통비,0,지하철,N,2,,,,,8700,
e_e013029,50,교통비,0,버스 + 지하철,N,4,,,,,27000,
e_e013030,1,통행료,0,자가용(승용/승합/트럭 등등),N,4,,,,,8000,
e_e013055,1,주유비,0,자가용(승용/승합/트럭 등등),N,3,,,,,80000,
e_e013055,1,주차비,0,자가용(승용/승합/트럭 등등),N,3,,,,,2000,
e_e013055,1,통행료,0,자가용(승용/승합/트럭 등등),N,3,,,,,4400,
e_e013062,13,교통비,0,시내/마을버스,N,2,,,,,10000,
e_e013094,1,주유비,0,자가용(승용/승합/트럭 등등),N,1,,,,,20000,
e_e013131,1,주유비,0,자가용(승용/승합/트럭 등등),N,4,,,,,20000,
e_e013131,1,통행료,0,자가용(승용/승합/트럭 등등),N,4,,,,,10000,
f_f000041,1,주유비,0,자가용(승용/승합/트럭 등등),N,2,,,,,10000,
f_f000041,1,통행료,0,자가용(승용/승합/트럭 등등),N,2,,,,,2250,
f_f003663,16,교통비,0,기타,N,2,,,,,27600,
f_f003663,5,교통비,0,지하철,N,2,,,,,5000,
f_f006622,1,주유비,0,자가용(승용/승합/트럭 등등),N,4,,,,,40000,
f_f006622,1,통행료,0,자가용(승용/승합/트럭 등등),N,4,,,,,5800,
g_g000018,50,교통비,0,버스 + 지하철,N,4,,,,,24000,
g_g000018,8,교통비,1,새마을/무궁화열차,Y,4,3148210024,한국철도공사,2023-04-24 23:19,1,1300,기차표
g_g000018,8,교통비,3,새마을/무궁화열차,Y,4,3148210024,한국철도공사,2023-04-24 23:19,1,2600,기차표
g_g000018,8,교통비,5,새마을/무궁화열차,Y,4,3148210024,한국철도공사,2023-04-24 23:14,1,2400,기차표
g_g003294,1,주유비,0,자가용(승용/승합/트럭 등등),N,2,,,,,50000,
g_g003294,1,통행료,0,자가용(승용/승합/트럭 등등),N,2,,,,,18700,
g_g005600,5,교통비,0,지하철,N,2,,,,,2500,
g_g007343,1,주유비,0,자가용(승용/승합/트럭 등등),N,1,,,,,5000,
g_g007343,1,통행료,0,자가용(승용/승합/트럭 등등),N,1,,,,,10000,
g_g010556,1,주유비,0,자가용(승용/승합/트럭 등등),N,2,,,,,50000,
h_h003275,1,주유비,0,자가용(승용/승합/트럭 등등),N,4,,,,,30000,
h_h003275,1,통행료,0,자가용(승용/승합/트럭 등등),N,4,,,,,6200,
e_e000297,50,교통비,0,버스 + 지하철,N,1,,,,,52050,
e_e000308,1,주유비,0,자가용(승용/승합/트럭 등등),N,2,,,,,20000,
e_e000308,4,교통비,1,택시,N,2,1303211264,개인택시,2023-06-04 18:42,1,7800,택시비
e_e000308,50,교통비,0,버스 + 지하철,N,2,,,,,34000,
e_e000308,7,교통비,1,KTX/SRT(고속열차),Y,2,3148210024,한국철도공사,2023-05-24 00:00,1,74900,기차표
e_e000308,7,교통비,2,KTX/SRT(고속열차),Y,2,3148210024,한국철도공사,2023-05-24 19:55,1,74900,기차표
e_e000308,7,교통비,3,KTX/SRT(고속열차),N,2,3148210024,한국철도공사,2023-06-06 13:29,1,74900,기차표
e_e000313,5,교통비,0,지하철,N,1,,,,,3300,
e_e000327,4,교통비,1,택시,N,1,,,2023-05-22 23:24,3,7600,택시비
e_e000327,5,교통비,0,지하철,N,1,,,,,5150,
e_e000337,4,교통비,0,택시,N,2,,,,,5600,
e_e000337,50,교통비,0,버스 + 지하철,N,2,,,,,30000,
e_e000391,1,주유비,0,자가용(승용/승합/트럭 등등),N,4,,,,,50000,
e_e000394,50,교통비,0,버스 + 지하철,N,3,,,,,7250,
e_e000431,1,주유비,0,자가용(승용/승합/트럭 등등),N,4,,,,,70000,
e_e000459,1,주유비,0,자가용(승용/승합/트럭 등등),N,2,,,,,60000,
e_e000459,1,주차비,0,자가용(승용/승합/트럭 등등),N,2,,,,,7600,
e_e000471,1,주유비,0,자가용(승용/승합/트럭 등등),N,2,,,,,50000,
e_e000471,1,통행료,0,자가용(승용/승합/트럭 등등),N,2,,,,,13200,
e_e000478,1,주유비,0,자가용(승용/승합/트럭 등등),N,3,,,,,35999,
e_e000478,1,통행료,0,자가용(승용/승합/트럭 등등),N,3,,,,,10000,
e_e000528,4,교통비,1,택시,N,1,1090725855,개인택시,2023-05-21 16:22,1,4800,택시비
e_e000537,1,주유비,0,자가용(승용/승합/트럭 등등),N,2,,,,,12000,
e_e000537,1,통행료,0,자가용(승용/승합/트럭 등등),N,2,,,,,6400,
e_e000568,50,교통비,0,버스 + 지하철,N,2,,,,,14000,
e_e000573,1,주유비,0,자가용(승용/승합/트럭 등등),N,2,,,,,20000,
e_e000589,5,교통비,0,지하철,N,2,,,,,5000,
e_e000592,50,교통비,0,버스 + 지하철,N,2,,,,,8000,
e_e000614,50,교통비,0,버스 + 지하철,N,2,,,,,12000,
e_e000614,8,교통비,1,새마을/무궁화열차,N,2,3148210024,한국철도공사,2023-05-28 19:31,1,4400,기차표
e_e000652,1,주차비,0,자가용(승용/승합/트럭 등등),N,3,,,,,5500,
e_e000656,1,주유비,0,자가용(승용/승합/트럭 등등),N,4,,,,,60000,
e_e000656,1,주차비,0,자가용(승용/승합/트럭 등등),N,4,,,,,18000,
e_e000656,1,통행료,0,자가용(승용/승합/트럭 등등),N,4,,,,,25000,
e_e000656,5,교통비,0,지하철,N,4,,,,,5000,
e_e000665,1,주유비,0,자가용(승용/승합/트럭 등등),N,2,,,,,10000,
e_e000665,50,교통비,0,버스 + 지하철,N,2,,,,,8000,
e_e000712,5,교통비,0,지하철,N,1,,,,,8000,
e_e000742,1,주유비,0,자가용(승용/승합/트럭 등등),N,2,,,,,80000,
e_e000742,1,주차비,0,자가용(승용/승합/트럭 등등),N,2,,,,,4000,
e_e000749,2,렌탈비,0,렌터카(승용/승합/버스 등등),N,2,,,,,27880,
e_e000749,2,통행료,0,렌터카(승용/승합/버스 등등),N,2,,,,,450,
e_e000753,1,주유비,0,자가용(승용/승합/트럭 등등),N,5,,,,,80000,
e_e000753,1,주차비,0,자가용(승용/승합/트럭 등등),N,5,,,,,3000,
e_e000769,1,주유비,0,자가용(승용/승합/트럭 등등),N,3,,,,,10000,
e_e000769,1,주차비,0,자가용(승용/승합/트럭 등등),N,3,,,,,25000,
e_e000769,1,통행료,0,자가용(승용/승합/트럭 등등),N,3,,,,,3400,
e_e000776,1,통행료,0,자가용(승용/승합/트럭 등등),N,2,,,,,3500,
e_e000779,50,교통비,0,버스 + 지하철,N,1,,,,,8300,
e_e000843,1,주유비,0,자가용(승용/승합/트럭 등등),N,4,,,,,10000,
e_e000843,1,주차비,0,자가용(승용/승합/트럭 등등),N,4,,,,,3000,
e_e000843,1,통행료,0,자가용(승용/승합/트럭 등등),N,4,,,,,3200,
e_e000920,5,교통비,0,지하철,N,2,,,,,3100,
e_e000920,5,교통비,0,지하철,N,2,,,,,3400,
e_e000921,4,교통비,0,택시,N,1,,,,,5500,
e_e000921,50,교통비,0,버스 + 지하철,N,1,,,,,9750,
e_e000944,1,주유비,0,자가용(승용/승합/트럭 등등),N,3,,,,,93496,
e_e000944,1,주차비,0,자가용(승용/승합/트럭 등등),N,3,,,,,2300,
e_e000944,1,통행료,0,자가용(승용/승합/트럭 등등),N,3,,,,,5800,
e_e000963,1,주유비,0,자가용(승용/승합/트럭 등등),N,4,,,,,30000,
e_e001003,1,주유비,0,자가용(승용/승합/트럭 등등),N,3,,,,,40000,
e_e001006,4,교통비,0,택시,N,1,,,,,89800,
e_e001006,50,교통비,0,버스 + 지하철,N,1,,,,,8400,
e_e001006,7,교통비,0,KTX/SRT(고속열차),N,1,,,,,83800,
e_e001020,4,교통비,1,택시,N,1,3148157435,안전교통,2023-05-28 19:12,1,4800,택시비
e_e001020,4,교통비,2,택시,N,1,2171287267,개인택시,2023-05-27 23:18,1,25200,택시비
e_e001020,4,교통비,3,택시,N,1,,삼광운수(주),2023-05-26 20:33,3,5100,택시비
e_e001020,50,교통비,0,버스 + 지하철,N,1,,,,,32500,
e_e001038,1,주유비,0,자가용(승용/승합/트럭 등등),N,2,,,,,20000,
e_e001038,1,주차비,0,자가용(승용/승합/트럭 등등),N,2,,,,,6600,
e_e001038,1,통행료,0,자가용(승용/승합/트럭 등등),N,2,,,,,1600,
e_e001038,5,교통비,0,지하철,N,2,,,,,2900,
e_e001055,2,주유비,0,렌터카(승용/승합/버스 등등),N,2,,,,,1920,
e_e001055,5,교통비,0,지하철,N,2,,,,,6000,
e_e001077,1,통행료,0,자가용(승용/승합/트럭 등등),N,2,,,,,2000,
e_e001153,1,주유비,0,자가용(승용/승합/트럭 등등),N,3,,,,,80000,
e_e001153,1,주차비,0,자가용(승용/승합/트럭 등등),N,3,,,,,4200,
e_e001153,1,통행료,0,자가용(승용/승합/트럭 등등),N,3,,,,,22100,
e_e001153,5,교통비,0,지하철,N,3,,,,,2500,
e_e001187,1,주유비,0,자가용(승용/승합/트럭 등등),N,3,,,,,20000,
e_e001208,1,주유비,0,자가용(승용/승합/트럭 등등),N,2,,,,,20000,
e_e001208,1,통행료,0,자가용(승용/승합/트럭 등등),N,2,,,,,2300,
e_e001258,50,교통비,0,버스 + 지하철,N,4,,,,,15000,
e_e001258,7,교통비,0,KTX/SRT(고속열차),N,4,,,,,207200,
e_e001294,5,교통비,0,지하철,N,2,,,,,9100,
e_e001300,50,교통비,0,버스 + 지하철,N,2,,,,,20200,
e_e001300,8,교통비,1,새마을/무궁화열차,N,2,3148210024,한국철도공사,2023-05-27 14:58,1,0,기차표
e_e001361,5,교통비,0,지하철,N,1,,,,,5000,
e_e001379,1,주유비,0,자가용(승용/승합/트럭 등등),N,9,,,,,30000,
e_e001379,1,통행료,0,자가용(승용/승합/트럭 등등),N,9,,,,,1100,
e_e001399,1,주유비,0,자가용(승용/승합/트럭 등등),N,3,,,,,20000,
e_e001399,1,통행료,0,자가용(승용/승합/트럭 등등),N,3,,,,,9200,
e_e001486,1,주유비,0,자가용(승용/승합/트럭 등등),N,4,,,,,30000,
e_e001496,1,통행료,0,자가용(승용/승합/트럭 등등),N,4,,,,,2800,
e_e001555,50,교통비,0,버스 + 지하철,N,2,,,,,127600,
e_e001575,1,주유비,0,자가용(승용/승합/트럭 등등),N,2,,,,,30000,
e_e001575,1,통행료,0,자가용(승용/승합/트럭 등등),N,2,,,,,10000,
e_e001925,1,주유비,0,자가용(승용/승합/트럭 등등),N,2,,,,,50000,
e_e001925,1,통행료,0,자가용(승용/승합/트럭 등등),N,2,,,,,4800,
e_e001925,4,교통비,0,택시,N,2,,,,,11400,
e_e001960,1,주유비,0,자가용(승용/승합/트럭 등등),N,1,,,,,38000,
e_e001985,1,주유비,0,자가용(승용/승합/트럭 등등),N,2,,,,,6000,
e_e002010,50,교통비,0,버스 + 지하철,N,2,,,,,24000,
e_e002028,1,주유비,0,자가용(승용/승합/트럭 등등),N,2,,,,,20000,
e_e002028,1,주차비,0,자가용(승용/승합/트럭 등등),N,2,,,,,1000,
e_e002039,1,통행료,0,자가용(승용/승합/트럭 등등),N,2,,,,,6700,
e_e002078,1,통행료,0,자가용(승용/승합/트럭 등등),N,2,,,,,3600,
e_e002083,4,교통비,1,택시,N,2,1048183559,주식회사 티머니,2023-06-06 15:38,1,7200,택시비
e_e002083,50,교통비,0,버스 + 지하철,N,2,,,,,7400,
e_e002100,2,렌탈비,5,렌터카(승용/승합/버스 등등),N,2,1065401071,왕도토리 ,2023-06-10 14:36,1,23000,
e_e002100,2,주차비,0,렌터카(승용/승합/버스 등등),N,2,,,,,17000,
e_e002100,2,통행료,0,렌터카(승용/승합/버스 등등),N,2,,,,,2300,
e_e002112,1,통행료,0,자가용(승용/승합/트럭 등등),N,2,,,,,5400,
e_e002114,1,주유비,0,자가용(승용/승합/트럭 등등),N,2,,,,,15000,
e_e002146,1,주유비,0,자가용(승용/승합/트럭 등등),N,2,,,,,30000,
e_e002180,1,주유비,0,자가용(승용/승합/트럭 등등),N,3,,,,,50000,
e_e002180,1,통행료,0,자가용(승용/승합/트럭 등등),N,3,,,,,2800,
e_e002190,1,주유비,0,자가용(승용/승합/트럭 등등),N,2,,,,,50000,
e_e002335,1,주차비,0,자가용(승용/승합/트럭 등등),N,3,,,,,5000,
e_e002337,1,주유비,0,자가용(승용/승합/트럭 등등),N,5,,,,,30000,
e_e002337,1,통행료,0,자가용(승용/승합/트럭 등등),N,4,,,,,4800,
e_e002343,1,주유비,0,자가용(승용/승합/트럭 등등),N,2,,,,,19000,
e_e002343,1,주차비,0,자가용(승용/승합/트럭 등등),N,2,,,,,1000,
e_e002343,1,통행료,0,자가용(승용/승합/트럭 등등),N,2,,,,,2000,
e_e002353,5,교통비,0,지하철,N,2,,,,,6900,
e_e002360,4,교통비,1,택시,N,6,,UT TAXI,2023-06-04 02:20,1,30300,택시비
e_e002360,4,교통비,2,택시,N,6,5088602277,주식회사 제이엠텐,2023-06-03 22:26,3,44300,택시비
e_e002360,5,교통비,0,지하철,N,6,,,,,3500,
e_e002362,5,교통비,0,지하철,N,2,,,,,2900,
e_e002370,1,주유비,0,자가용(승용/승합/트럭 등등),N,2,,,,,50000,
e_e002370,1,통행료,0,자가용(승용/승합/트럭 등등),N,2,,,,,3000,
e_e002379,5,교통비,0,지하철,N,1,,,,,4000,
e_e002388,1,주유비,0,자가용(승용/승합/트럭 등등),N,4,,,,,20000,
e_e002390,1,통행료,0,자가용(승용/승합/트럭 등등),N,2,,,,,4000,
e_e002403,50,교통비,0,버스 + 지하철,N,2,,,,,12000,
e_e002443,1,주유비,0,자가용(승용/승합/트럭 등등),N,2,,,,,20000,
e_e002443,1,주차비,0,자가용(승용/승합/트럭 등등),N,2,,,,,3300,
e_e002443,1,통행료,0,자가용(승용/승합/트럭 등등),N,2,,,,,6600,
e_e002485,1,주유비,0,자가용(승용/승합/트럭 등등),N,4,,,,,50000,
e_e002500,1,주유비,0,자가용(승용/승합/트럭 등등),N,1,,,,,30000,
e_e002500,1,통행료,0,자가용(승용/승합/트럭 등등),N,1,,,,,1500,
e_e002500,10,교통비,1,배/선박,N,1,5825600800,에스에스리조트,2023-06-17 17:26,1,130000,숯;남이섬투어할인 
e_e002510,1,주유비,0,자가용(승용/승합/트럭 등등),N,2,,,,,10570,
e_e002510,1,통행료,0,자가용(승용/승합/트럭 등등),N,2,,,,,2000,
e_e002515,1,주유비,0,자가용(승용/승합/트럭 등등),N,1,,,,,55000,
e_e002515,1,주차비,0,자가용(승용/승합/트럭 등등),N,1,,,,,5000,
e_e002515,1,통행료,0,자가용(승용/승합/트럭 등등),N,1,,,,,13000,
e_e002613,5,교통비,0,지하철,N,1,,,,,3100,
e_e002664,1,주유비,0,자가용(승용/승합/트럭 등등),N,3,,,,,40000,
e_e002783,1,주유비,0,자가용(승용/승합/트럭 등등),N,2,,,,,25000,
e_e002783,1,통행료,0,자가용(승용/승합/트럭 등등),N,2,,,,,12700,
e_e002790,1,주유비,0,자가용(승용/승합/트럭 등등),N,2,,,,,46000,
e_e002790,1,통행료,0,자가용(승용/승합/트럭 등등),N,2,,,,,10000,
e_e002924,5,교통비,0,지하철,N,1,,,,,6850,
e_e002936,12,교통비,1,시외/고속버스,N,1,,금호고속,2023-06-23 16:25,1,32200,버스표
e_e002936,12,교통비,4,시외/고속버스,N,1,8998702113,금호익스프레스(주),2023-06-23 16:25,1,32200,버스표
e_e002936,4,교통비,1,택시,N,1,1138521083,엔에이치엔케이씨피 주식회사,2023-06-24 09:46,1,10200,
e_e002936,4,교통비,2,택시,N,1,1298638970,로카모빌리티(주),2023-06-25 01:29,1,6120,택시비
e_e002936,5,교통비,0,지하철,N,1,,,,,6200,
e_e002936,7,교통비,2,KTX/SRT(고속열차),Y,1,3148210024,한국철도공사,2023-06-07 11:36,3,46800,기차표 
e_e003119,1,주유비,0,자가용(승용/승합/트럭 등등),N,4,,,,,30000,
e_e003119,1,주차비,0,자가용(승용/승합/트럭 등등),N,4,,,,,7000,
e_e003135,12,교통비,0,시외/고속버스,N,1,,,,,6800,
e_e003142,1,주유비,0,자가용(승용/승합/트럭 등등),N,1,,,,,50000,
e_e003142,1,통행료,0,자가용(승용/승합/트럭 등등),N,1,,,,,6000,
e_e003171,50,교통비,0,버스 + 지하철,N,4,,,,,20000,
e_e003177,1,주유비,0,자가용(승용/승합/트럭 등등),N,2,,,,,80000,
e_e003177,1,통행료,0,자가용(승용/승합/트럭 등등),N,2,,,,,15000,
e_e003182,1,통행료,0,자가용(승용/승합/트럭 등등),N,3,,,,,2000,
e_e003250,7,교통비,0,KTX/SRT(고속열차),N,1,,,,,71900,
e_e003255,1,주차비,0,자가용(승용/승합/트럭 등등),N,4,,,,,1800,
e_e003306,1,주유비,0,자가용(승용/승합/트럭 등등),N,2,,,,,20000,
e_e003306,4,교통비,1,택시,N,2,1048183559,㈜티머니 ,2023-06-20 19:47,1,4000,택시비
e_e003306,5,교통비,0,지하철,N,2,,,,,1350,
e_e003315,1,주유비,0,자가용(승용/승합/트럭 등등),N,2,,,,,50000,
e_e003320,5,교통비,0,지하철,N,2,,,,,4300,
e_e003340,5,교통비,0,지하철,N,2,,,,,4050,
e_e003340,7,교통비,1,KTX/SRT(고속열차),Y,2,3148210024,한국철도공사,2023-06-12 00:00,1,32000,기차표
e_e003340,7,교통비,2,KTX/SRT(고속열차),N,2,3148210024,한국철도공사,2023-06-24 09:44,1,32000,기차표
e_e003345,2,렌탈비,0,렌터카(승용/승합/버스 등등),N,2,,,,,50000,
e_e003345,2,주유비,0,렌터카(승용/승합/버스 등등),N,2,,,,,20000,
e_e003358,1,주유비,0,자가용(승용/승합/트럭 등등),N,2,,,,,10000,
e_e003358,1,통행료,0,자가용(승용/승합/트럭 등등),N,2,,,,,3000,
e_e003359,1,통행료,0,자가용(승용/승합/트럭 등등),N,2,,,,,1700,
e_e003367,4,교통비,0,택시,N,3,,,,,12000,
e_e003367,5,교통비,0,지하철,N,3,,,,,4000,
e_e003367,7,교통비,0,KTX/SRT(고속열차),N,3,,,,,47400,
e_e003464,1,통행료,0,자가용(승용/승합/트럭 등등),N,2,,,,,2100,
e_e003503,1,주유비,0,자가용(승용/승합/트럭 등등),N,2,,,,,70000,
e_e003503,1,통행료,0,자가용(승용/승합/트럭 등등),N,2,,,,,7000,
e_e003511,1,통행료,0,자가용(승용/승합/트럭 등등),N,1,,,,,12300,
e_e003513,5,교통비,0,지하철,N,6,,,,,4800,
e_e003537,1,주유비,0,자가용(승용/승합/트럭 등등),N,4,,,,,10000,
e_e003543,13,교통비,0,시내/마을버스,N,3,,,,,12000,
e_e003544,50,교통비,0,버스 + 지하철,N,2,,,,,15500,
e_e003551,2,렌탈비,1,렌터카(승용/승합/버스 등등),N,2,6168190529,(주)쏘카,2023-06-24 09:30,1,163370,렌트비 
e_e003551,2,주유비,0,렌터카(승용/승합/버스 등등),N,2,,,,,30000,
e_e003551,2,주차비,0,렌터카(승용/승합/버스 등등),N,2,,,,,1000,
e_e003551,2,통행료,0,렌터카(승용/승합/버스 등등),N,2,,,,,3800,
e_e003551,5,교통비,0,지하철,N,2,,,,,5000,
e_e003592,1,주유비,0,자가용(승용/승합/트럭 등등),N,2,,,,,50000,
e_e003592,1,주차비,0,자가용(승용/승합/트럭 등등),N,2,,,,,10000,
e_e003601,1,주유비,0,자가용(승용/승합/트럭 등등),N,2,,,,,50000,
e_e003601,1,통행료,0,자가용(승용/승합/트럭 등등),N,2,,,,,7000,
e_e003623,1,주유비,0,자가용(승용/승합/트럭 등등),N,2,,,,,42525,
e_e003623,1,통행료,0,자가용(승용/승합/트럭 등등),N,2,,,,,18800,
e_e003645,4,교통비,1,택시,N,2,6780300987,개인택시,2023-07-08 15:59,1,12500,택시비
e_e003645,5,교통비,0,지하철,N,2,,,,,8550,
e_e003651,1,주유비,0,자가용(승용/승합/트럭 등등),N,2,,,,,45000,
e_e003651,1,통행료,0,자가용(승용/승합/트럭 등등),N,2,,,,,3000,
e_e003662,50,교통비,0,버스 + 지하철,N,2,,,,,57700,
e_e003692,50,교통비,0,버스 + 지하철,N,2,,,,,35000,
e_e003695,1,주유비,0,자가용(승용/승합/트럭 등등),N,3,,,,,15000,
e_e003713,1,통행료,0,자가용(승용/승합/트럭 등등),N,1,,,,,6400,
e_e003714,5,교통비,0,지하철,N,3,,,,,1250,
e_e003714,7,교통비,0,KTX/SRT(고속열차),N,3,,,,,11200,
e_e003738,5,교통비,0,지하철,N,1,,,,,3000,
e_e003750,1,주차비,0,자가용(승용/승합/트럭 등등),N,8,,,,,7500,
e_e003750,4,교통비,1,택시,N,3,4831000183,개인택시,2023-07-01 08:57,1,9000,택시비
e_e003750,7,교통비,1,KTX/SRT(고속열차),Y,8,3058631590,주식회사 에스알,2023-06-17 20:29,1,10100,기차표
e_e003750,7,교통비,2,KTX/SRT(고속열차),Y,8,3058631590,주식회사 에스알,2023-06-17 00:00,1,40600,기차표
e_e003750,7,교통비,3,KTX/SRT(고속열차),Y,8,3058631590,주식회사 에스알,2023-06-17 00:00,1,10100,기차표
e_e003750,7,교통비,4,KTX/SRT(고속열차),Y,8,3058631590,주식회사 에스알,2023-06-17 00:00,1,40300,기차표
e_e003869,1,주유비,0,자가용(승용/승합/트럭 등등),N,3,,,,,30000,
e_e003869,1,통행료,0,자가용(승용/승합/트럭 등등),N,3,,,,,9300,
e_e003876,5,교통비,0,지하철,N,2,,,,,1750,
e_e003884,5,교통비,0,지하철,N,2,,,,,7600,
e_e003910,1,주차비,0,자가용(승용/승합/트럭 등등),N,2,,,,,4000,
e_e003938,1,주유비,0,자가용(승용/승합/트럭 등등),N,2,,,,,50000,
e_e003938,1,통행료,0,자가용(승용/승합/트럭 등등),N,2,,,,,6000,
e_e003948,1,주유비,0,자가용(승용/승합/트럭 등등),N,2,,,,,30000,
e_e003952,1,통행료,0,자가용(승용/승합/트럭 등등),N,3,,,,,5600,
e_e003953,5,교통비,0,지하철,N,2,,,,,6600,
e_e003957,1,주유비,0,자가용(승용/승합/트럭 등등),N,3,,,,,10000,
e_e003957,1,주차비,0,자가용(승용/승합/트럭 등등),N,3,,,,,3000,
e_e003957,12,교통비,0,시외/고속버스,N,3,,,,,32900,
e_e004018,12,교통비,0,시외/고속버스,N,2,,,,,15000,
e_e004021,50,교통비,0,버스 + 지하철,N,1,,,,,55800,
e_e004118,1,주유비,0,자가용(승용/승합/트럭 등등),N,2,,,,,50000,
e_e004118,1,통행료,0,자가용(승용/승합/트럭 등등),N,2,,,,,1800,
e_e004127,4,교통비,0,택시,N,1,,,,,6000,
e_e004127,5,교통비,0,지하철,N,1,,,,,5500,
e_e004128,5,교통비,0,지하철,N,1,,,,,4900,
e_e004136,13,교통비,0,시내/마을버스,N,1,,,,,3000,
e_e004140,1,주유비,0,자가용(승용/승합/트럭 등등),N,7,,,,,69000,
e_e004215,50,교통비,0,버스 + 지하철,N,2,,,,,10000,
e_e004233,1,주유비,0,자가용(승용/승합/트럭 등등),N,2,,,,,30000,
e_e004320,50,교통비,0,버스 + 지하철,N,2,,,,,8000,
e_e004320,8,교통비,0,새마을/무궁화열차,N,2,,,,,20400,
e_e004379,12,교통비,0,시외/고속버스,N,2,,,,,11200,
e_e004387,1,주유비,0,자가용(승용/승합/트럭 등등),N,2,,,,,30000,
e_e004481,1,주유비,0,자가용(승용/승합/트럭 등등),N,2,,,,,50000,
e_e004481,1,주차비,0,자가용(승용/승합/트럭 등등),N,2,,,,,4000,
e_e004481,4,교통비,1,택시,N,2,1298638970,카카오법인택시,2023-07-02 00:36,1,8300,택시비
e_e004500,1,주차비,0,자가용(승용/승합/트럭 등등),N,2,,,,,5000,
e_e004603,1,주유비,0,자가용(승용/승합/트럭 등등),N,3,,,,,30000,
e_e004637,1,주유비,0,자가용(승용/승합/트럭 등등),N,3,,,,,50000,
e_e004637,1,주차비,0,자가용(승용/승합/트럭 등등),N,3,,,,,2500,
e_e004637,1,통행료,0,자가용(승용/승합/트럭 등등),N,3,,,,,1500,
e_e004649,1,주유비,0,자가용(승용/승합/트럭 등등),N,2,,,,,30000,
e_e004649,1,통행료,0,자가용(승용/승합/트럭 등등),N,2,,,,,800,
e_e004777,1,주유비,0,자가용(승용/승합/트럭 등등),N,2,,,,,30000,
e_e004820,1,주유비,0,자가용(승용/승합/트럭 등등),N,4,,,,,30000,
e_e004926,1,주유비,0,자가용(승용/승합/트럭 등등),N,3,,,,,80000,
e_e004926,1,통행료,0,자가용(승용/승합/트럭 등등),N,3,,,,,4100,
e_e004932,1,주유비,0,자가용(승용/승합/트럭 등등),N,2,,,,,30000,
e_e004932,1,주차비,0,자가용(승용/승합/트럭 등등),N,2,,,,,3000,
e_e004932,1,통행료,0,자가용(승용/승합/트럭 등등),N,2,,,,,1500,
e_e005259,4,교통비,0,택시,N,2,,,,,7700,
e_e005259,50,교통비,0,버스 + 지하철,N,2,,,,,12500,
e_e005259,7,교통비,0,KTX/SRT(고속열차),N,2,,,,,157300,
e_e005285,50,교통비,0,버스 + 지하철,N,1,,,,,15000,
e_e005289,50,교통비,0,버스 + 지하철,N,2,,,,,16800,
e_e005336,1,주유비,0,자가용(승용/승합/트럭 등등),N,3,,,,,10000,
e_e005336,1,주차비,0,자가용(승용/승합/트럭 등등),N,3,,,,,600,
e_e005342,1,주유비,0,자가용(승용/승합/트럭 등등),N,1,,,,,49000,
e_e005342,1,주차비,0,자가용(승용/승합/트럭 등등),N,1,,,,,1200,
e_e005387,5,교통비,0,지하철,N,4,,,,,8800,
e_e005387,7,교통비,1,KTX/SRT(고속열차),Y,4,3058631590,주식회사 에스알,2023-07-13 05:00,1,19200,기차표
e_e005387,7,교통비,2,KTX/SRT(고속열차),Y,4,3058631590,주식회사 에스알,2023-07-13 00:00,1,19200,기차표
e_e005451,1,주유비,0,자가용(승용/승합/트럭 등등),N,2,,,,,4000,
e_e005451,1,주차비,0,자가용(승용/승합/트럭 등등),N,2,,,,,1000,
e_e005451,1,통행료,0,자가용(승용/승합/트럭 등등),N,2,,,,,10000,
e_e005451,5,교통비,0,지하철,N,2,,,,,6000,
e_e005463,1,주유비,0,자가용(승용/승합/트럭 등등),N,4,,,,,100000,
e_e005463,1,통행료,0,자가용(승용/승합/트럭 등등),N,4,,,,,5900,
e_e005467,1,주유비,0,자가용(승용/승합/트럭 등등),N,2,,,,,15000,
e_e005467,1,주차비,0,자가용(승용/승합/트럭 등등),N,2,,,,,8400,
e_e005467,1,통행료,0,자가용(승용/승합/트럭 등등),N,2,,,,,1450,
e_e005525,1,주유비,0,자가용(승용/승합/트럭 등등),N,2,,,,,3962,
e_e005549,1,주유비,0,자가용(승용/승합/트럭 등등),N,2,,,,,55000,
e_e005549,1,주차비,0,자가용(승용/승합/트럭 등등),N,2,,,,,2000,
e_e005550,50,교통비,0,버스 + 지하철,N,1,,,,,35400,
e_e005558,1,주유비,0,자가용(승용/승합/트럭 등등),N,3,,,,,47000,
e_e005558,1,주차비,0,자가용(승용/승합/트럭 등등),N,3,,,,,22800,
e_e005558,1,통행료,0,자가용(승용/승합/트럭 등등),N,3,,,,,17600,
e_e005634,1,주유비,0,자가용(승용/승합/트럭 등등),N,2,,,,,61000,
e_e005634,1,주차비,0,자가용(승용/승합/트럭 등등),N,2,,,,,2000,
e_e005634,1,통행료,0,자가용(승용/승합/트럭 등등),N,2,,,,,7440,
e_e005646,50,교통비,0,버스 + 지하철,N,1,,,,,17800,
e_e005646,7,교통비,1,KTX/SRT(고속열차),N,1,3148210024,한국철도공사,2023-07-28 08:29,3,56800,기차표 
e_e005646,7,교통비,2,KTX/SRT(고속열차),N,1,3148210024,한국철도공사,2023-07-30 15:07,3,56300,기차표
e_e005756,1,주유비,0,자가용(승용/승합/트럭 등등),N,2,,,,,53879,
e_e005756,1,통행료,0,자가용(승용/승합/트럭 등등),N,2,,,,,33800,
e_e005777,5,교통비,0,지하철,N,2,,,,,5800,
e_e005841,1,주차비,0,자가용(승용/승합/트럭 등등),N,2,,,,,10000,
e_e005887,1,주유비,0,자가용(승용/승합/트럭 등등),N,5,,,,,50000,
e_e005887,1,통행료,0,자가용(승용/승합/트럭 등등),N,5,,,,,2300,
e_e005905,1,주차비,0,자가용(승용/승합/트럭 등등),N,4,,,,,11500,
e_e005925,1,주유비,0,자가용(승용/승합/트럭 등등),N,3,,,,,49379,
e_e005925,1,통행료,0,자가용(승용/승합/트럭 등등),N,3,,,,,31200,
e_e005925,4,교통비,0,택시,N,3,,,,,10700,
e_e005925,50,교통비,0,버스 + 지하철,N,3,,,,,8750,
e_e005949,1,주유비,0,자가용(승용/승합/트럭 등등),N,4,,,,,53823,
e_e005949,1,주차비,0,자가용(승용/승합/트럭 등등),N,4,,,,,12000,
e_e005949,1,통행료,0,자가용(승용/승합/트럭 등등),N,4,,,,,30400,
e_e005979,50,교통비,0,버스 + 지하철,N,1,,,,,13000,
e_e006013,1,주유비,0,자가용(승용/승합/트럭 등등),N,3,,,,,28000,
e_e006013,1,통행료,0,자가용(승용/승합/트럭 등등),N,3,,,,,12400,
e_e006146,2,렌탈비,0,렌터카(승용/승합/버스 등등),N,2,,,,,54870,
e_e006146,2,주유비,0,렌터카(승용/승합/버스 등등),N,2,,,,,50000,
e_e006146,2,주차비,0,렌터카(승용/승합/버스 등등),N,2,,,,,3000,
e_e006146,2,통행료,0,렌터카(승용/승합/버스 등등),N,2,,,,,2500,
e_e006149,50,교통비,0,버스 + 지하철,N,2,,,,,12500,
e_e006150,50,교통비,0,버스 + 지하철,N,1,,,,,18050,
e_e006441,12,교통비,0,시외/고속버스,N,2,,,,,11200,
e_e006538,1,주차비,0,자가용(승용/승합/트럭 등등),N,2,,,,,1100,
e_e006597,1,주유비,0,자가용(승용/승합/트럭 등등),N,1,,,,,20000,
e_e006797,1,주유비,0,자가용(승용/승합/트럭 등등),N,1,,,,,10800,
e_e006797,5,교통비,0,지하철,N,1,,,,,4050,
e_e006832,1,주유비,0,자가용(승용/승합/트럭 등등),N,2,,,,,70000,
e_e006832,1,주차비,0,자가용(승용/승합/트럭 등등),N,2,,,,,3000,
e_e006832,1,통행료,0,자가용(승용/승합/트럭 등등),N,2,,,,,1800,
e_e006838,1,주유비,0,자가용(승용/승합/트럭 등등),N,2,,,,,10000,
e_e007157,1,주유비,0,자가용(승용/승합/트럭 등등),N,3,,,,,70000,
e_e007157,1,주차비,0,자가용(승용/승합/트럭 등등),N,3,,,,,10000,
e_e007157,1,통행료,0,자가용(승용/승합/트럭 등등),N,3,,,,,10600,
e_e007171,13,교통비,0,시내/마을버스,N,2,,,,,4000,
e_e007177,1,주유비,0,자가용(승용/승합/트럭 등등),N,4,,,,,15000,
e_e007177,1,주차비,0,자가용(승용/승합/트럭 등등),N,4,,,,,5500,
e_e007250,50,교통비,0,버스 + 지하철,N,2,,,,,13800,
e_e007264,5,교통비,0,지하철,N,2,,,,,5000,
e_e007276,1,주유비,0,자가용(승용/승합/트럭 등등),N,2,,,,,30000,
e_e007276,1,주차비,0,자가용(승용/승합/트럭 등등),N,2,,,,,1500,
e_e007308,1,주유비,0,자가용(승용/승합/트럭 등등),N,2,,,,,20000,
e_e007308,1,주차비,0,자가용(승용/승합/트럭 등등),N,2,,,,,6000,
e_e007308,1,통행료,0,자가용(승용/승합/트럭 등등),N,2,,,,,5400,
e_e007330,1,주유비,0,자가용(승용/승합/트럭 등등),N,3,,,,,30000,
e_e007330,1,주차비,0,자가용(승용/승합/트럭 등등),N,3,,,,,920,
e_e007330,1,통행료,0,자가용(승용/승합/트럭 등등),N,3,,,,,3000,
e_e007333,5,교통비,0,지하철,N,2,,,,,3750,
e_e007363,50,교통비,0,버스 + 지하철,N,2,,,,,8450,
e_e007411,12,교통비,0,시외/고속버스,N,2,,,,,18650,
e_e007411,50,교통비,0,버스 + 지하철,N,2,,,,,17350,
e_e007423,13,교통비,0,시내/마을버스,N,2,,,,,8000,
e_e007472,5,교통비,0,지하철,N,1,,,,,3900,
e_e007472,7,교통비,0,KTX/SRT(고속열차),N,1,,,,,101000,
e_e007476,1,주유비,0,자가용(승용/승합/트럭 등등),N,2,,,,,47262,
e_e007514,1,주유비,0,자가용(승용/승합/트럭 등등),N,3,,,,,30000,
e_e007514,1,주차비,0,자가용(승용/승합/트럭 등등),N,3,,,,,5500,
e_e007514,1,통행료,0,자가용(승용/승합/트럭 등등),N,3,,,,,10000,
e_e007520,12,교통비,0,시외/고속버스,N,2,,,,,15000,
e_e007553,1,주유비,0,자가용(승용/승합/트럭 등등),N,2,,,,,20000,
e_e007587,13,교통비,0,시내/마을버스,N,2,,,,,4660,
e_e007588,13,교통비,0,시내/마을버스,N,1,,,,,6200,
e_e007654,1,주유비,0,자가용(승용/승합/트럭 등등),N,3,,,,,8000,
e_e007654,1,통행료,0,자가용(승용/승합/트럭 등등),N,3,,,,,6400,
e_e007654,13,교통비,0,시내/마을버스,N,3,,,,,3000,
e_e007655,5,교통비,0,지하철,N,2,,,,,6200,
e_e007664,1,주유비,0,자가용(승용/승합/트럭 등등),N,3,,,,,20000,
e_e007665,4,교통비,0,택시,N,1,,,,,12000,
e_e007665,5,교통비,0,지하철,N,1,,,,,2500,
e_e007665,7,교통비,0,KTX/SRT(고속열차),N,1,,,,,86000,
e_e007675,4,교통비,0,택시,N,2,,,,,5300,
e_e007675,50,교통비,0,버스 + 지하철,N,2,,,,,12200,
e_e007722,1,주차비,0,자가용(승용/승합/트럭 등등),N,2,,,,,6000,
e_e007722,1,통행료,0,자가용(승용/승합/트럭 등등),N,2,,,,,1000,
e_e007734,50,교통비,0,버스 + 지하철,N,3,,,,,8000,
e_e007747,50,교통비,0,버스 + 지하철,N,2,,,,,10100,
e_e007751,1,주유비,0,자가용(승용/승합/트럭 등등),N,2,,,,,20000,
e_e007751,1,통행료,0,자가용(승용/승합/트럭 등등),N,2,,,,,1500,
e_e007751,5,교통비,0,지하철,N,2,,,,,4000,
e_e007755,5,교통비,0,지하철,N,1,,,,,3900,
e_e007776,50,교통비,0,버스 + 지하철,N,2,,,,,8000,
e_e007795,1,주유비,0,자가용(승용/승합/트럭 등등),N,4,,,,,40000,
e_e007795,1,통행료,0,자가용(승용/승합/트럭 등등),N,4,,,,,6000,
e_e007813,1,주유비,0,자가용(승용/승합/트럭 등등),N,3,,,,,30000,
e_e007813,1,주차비,0,자가용(승용/승합/트럭 등등),N,3,,,,,3000,
e_e007813,1,통행료,0,자가용(승용/승합/트럭 등등),N,3,,,,,4400,
e_e007840,1,통행료,0,자가용(승용/승합/트럭 등등),N,4,,,,,4000,
e_e007843,1,주유비,0,자가용(승용/승합/트럭 등등),N,4,,,,,50000,
e_e007843,1,통행료,0,자가용(승용/승합/트럭 등등),N,3,,,,,4500,
e_e007846,1,주유비,0,자가용(승용/승합/트럭 등등),N,4,,,,,20000,
e_e007846,1,주차비,0,자가용(승용/승합/트럭 등등),N,4,,,,,5500,
e_e007846,12,교통비,0,시외/고속버스,N,4,,,,,44000,
e_e007865,13,교통비,0,시내/마을버스,N,3,,,,,6600,
e_e007884,12,교통비,0,시외/고속버스,N,1,,,,,30800,
e_e007888,1,주유비,0,자가용(승용/승합/트럭 등등),N,2,,,,,30000,
e_e007888,1,주차비,0,자가용(승용/승합/트럭 등등),N,2,,,,,6000,
e_e007888,1,통행료,0,자가용(승용/승합/트럭 등등),N,2,,,,,1800,
e_e007918,1,주차비,0,자가용(승용/승합/트럭 등등),N,2,,,,,6000,
e_e007984,1,주유비,0,자가용(승용/승합/트럭 등등),N,2,,,,,20000,
e_e007984,1,주차비,0,자가용(승용/승합/트럭 등등),N,2,,,,,13500,
e_e007993,5,교통비,0,지하철,N,1,,,,,3500,
e_e008013,5,교통비,0,지하철,N,3,,,,,2900,
e_e008013,7,교통비,0,KTX/SRT(고속열차),N,3,,,,,36300,
e_e008034,50,교통비,0,버스 + 지하철,N,2,,,,,10400,
e_e008050,12,교통비,0,시외/고속버스,N,1,,,,,38400,
e_e008086,5,교통비,0,지하철,N,2,,,,,8700,
e_e008106,1,주유비,0,자가용(승용/승합/트럭 등등),N,4,,,,,30000,
e_e008106,1,주차비,0,자가용(승용/승합/트럭 등등),N,4,,,,,9000,
e_e008116,1,주유비,0,자가용(승용/승합/트럭 등등),N,1,,,,,80122,
e_e008116,1,통행료,0,자가용(승용/승합/트럭 등등),N,1,,,,,4400,
e_e008123,1,주차비,0,자가용(승용/승합/트럭 등등),N,2,,,,,7600,
e_e008306,1,주차비,0,자가용(승용/승합/트럭 등등),N,3,,,,,3000,
e_e008315,5,교통비,0,지하철,N,1,,,,,6750,
e_e008460,5,교통비,0,지하철,N,2,,,,,5000,
e_e008652,5,교통비,0,지하철,N,1,,,,,5000,
e_e008652,7,교통비,0,KTX/SRT(고속열차),N,1,,,,,83000,
e_e008679,5,교통비,0,지하철,N,2,,,,,2900,
e_e008743,1,주유비,0,자가용(승용/승합/트럭 등등),N,2,,,,,20000,
e_e008743,1,통행료,0,자가용(승용/승합/트럭 등등),N,2,,,,,3800,
e_e008754,14,렌탈비,0,자전거,N,2,,,,,10000,
e_e008754,14,렌탈비,1,자전거,N,2,1061229424,호수자전거,2023-08-27 17:05,1,10000,
e_e008754,50,교통비,0,버스 + 지하철,N,2,,,,,12750,
e_e008775,5,교통비,0,지하철,N,1,,,,,3500,
e_e008788,1,주유비,0,자가용(승용/승합/트럭 등등),N,2,,,,,15000,
e_e008788,1,주차비,0,자가용(승용/승합/트럭 등등),N,2,,,,,3500,
e_e008788,1,통행료,0,자가용(승용/승합/트럭 등등),N,2,,,,,3800,
e_e009153,4,교통비,1,택시,N,2,2118829925,(주)엠티시스템코리아,2023-08-30 15:32,1,6000,
e_e009153,5,교통비,0,지하철,N,2,,,,,3000,
e_e009302,5,교통비,0,지하철,N,1,,,,,2500,
e_e009313,4,교통비,0,택시,N,3,,,,,19600,
e_e009313,4,교통비,1,택시,N,3,,,2023-09-10 16:41,1,10400,택시비 
e_e009313,5,교통비,0,지하철,N,3,,,,,6000,
e_e009334,1,주유비,0,자가용(승용/승합/트럭 등등),N,1,,,,,40000,
e_e009334,1,주차비,0,자가용(승용/승합/트럭 등등),N,1,,,,,12800,
e_e009334,1,통행료,0,자가용(승용/승합/트럭 등등),N,1,,,,,8300,
e_e009599,50,교통비,0,버스 + 지하철,N,3,,,,,44100,
e_e009635,1,주유비,0,자가용(승용/승합/트럭 등등),N,3,,,,,40000,
e_e009635,1,통행료,0,자가용(승용/승합/트럭 등등),N,3,,,,,4000,
e_e009657,5,교통비,0,지하철,N,2,,,,,4000,
e_e009658,1,통행료,0,자가용(승용/승합/트럭 등등),N,2,,,,,15000,
e_e009742,5,교통비,0,지하철,N,1,,,,,2500,
e_e010071,4,교통비,0,택시,N,1,,,,,5900,
e_e010071,50,교통비,0,버스 + 지하철,N,1,,,,,12150,
e_e010112,4,교통비,0,택시,N,2,,,,,10900,
e_e010112,5,교통비,0,지하철,N,2,,,,,7800,
e_e010116,50,교통비,0,버스 + 지하철,N,2,,,,,7100,
e_e010214,5,교통비,0,지하철,N,1,,,,,6000,
e_e010224,1,통행료,0,자가용(승용/승합/트럭 등등),N,2,,,,,2400,
e_e010292,1,주차비,0,자가용(승용/승합/트럭 등등),N,2,,,,,3300,
e_e010344,1,주유비,0,자가용(승용/승합/트럭 등등),N,3,,,,,50000,
e_e010362,1,주유비,0,자가용(승용/승합/트럭 등등),N,2,,,,,20000,
e_e010362,1,통행료,0,자가용(승용/승합/트럭 등등),N,2,,,,,1800,
e_e010388,50,교통비,0,버스 + 지하철,N,2,,,,,10000,
e_e010463,5,교통비,0,지하철,N,1,,,,,4800,
e_e010470,5,교통비,0,지하철,N,2,,,,,8000,
e_e010518,2,렌탈비,1,렌터카(승용/승합/버스 등등),N,2,,,2023-08-25 00:00,1,33450,
e_e010518,2,주유비,0,렌터카(승용/승합/버스 등등),N,2,,,,,47000,
e_e010518,2,통행료,0,렌터카(승용/승합/버스 등등),N,2,,,,,11000,
e_e010563,50,교통비,0,버스 + 지하철,N,1,,,,,7550,
e_e010573,1,주차비,0,자가용(승용/승합/트럭 등등),N,1,,,,,9000,
e_e010573,1,통행료,0,자가용(승용/승합/트럭 등등),N,1,,,,,3000,
e_e010606,5,교통비,0,지하철,N,2,,,,,9000,
e_e010651,50,교통비,0,버스 + 지하철,N,1,,,,,15000,
e_e010711,1,주차비,0,자가용(승용/승합/트럭 등등),N,2,,,,,4000,
e_e010748,4,교통비,0,택시,N,2,,,,,29900,
e_e010748,5,교통비,0,지하철,N,2,,,,,1550,
e_e010750,1,주유비,0,자가용(승용/승합/트럭 등등),N,2,,,,,20000,
e_e010750,1,주차비,0,자가용(승용/승합/트럭 등등),N,2,,,,,15000,
e_e010750,5,교통비,0,지하철,N,2,,,,,2700,
e_e010982,12,교통비,0,시외/고속버스,N,2,,,,,15400,
e_e011189,50,교통비,0,버스 + 지하철,N,2,,,,,10600,
e_e011206,1,주유비,0,자가용(승용/승합/트럭 등등),N,2,,,,,30000,
e_e011206,1,통행료,0,자가용(승용/승합/트럭 등등),N,2,,,,,12200,
e_e011233,5,교통비,0,지하철,N,2,,,,,3500,
e_e011277,1,주유비,0,자가용(승용/승합/트럭 등등),N,1,,,,,20000,
e_e011277,1,주차비,0,자가용(승용/승합/트럭 등등),N,1,,,,,1600,
e_e011310,2,렌탈비,0,렌터카(승용/승합/버스 등등),N,2,,,,,36360,
e_e011358,1,주유비,0,자가용(승용/승합/트럭 등등),N,2,,,,,25000,
e_e011358,1,주차비,0,자가용(승용/승합/트럭 등등),N,2,,,,,4000,
e_e011358,1,통행료,0,자가용(승용/승합/트럭 등등),N,2,,,,,10600,
e_e011461,1,주유비,0,자가용(승용/승합/트럭 등등),N,3,,,,,40000,
e_e011461,1,주차비,0,자가용(승용/승합/트럭 등등),N,3,,,,,4000,
e_e011738,12,교통비,0,시외/고속버스,N,2,,,,,11200,
e_e011738,4,교통비,0,택시,N,2,,,,,27800,
e_e011750,1,주유비,0,자가용(승용/승합/트럭 등등),N,1,,,,,35000,
e_e011750,1,주차비,0,자가용(승용/승합/트럭 등등),N,1,,,,,6500,
e_e011904,5,교통비,0,지하철,N,1,,,,,5600,
e_e011939,5,교통비,0,지하철,N,1,,,,,6400,
e_e011953,5,교통비,0,지하철,N,1,,,,,6650,
e_e012031,1,주유비,0,자가용(승용/승합/트럭 등등),N,2,,,,,23440,
e_e012031,1,주차비,0,자가용(승용/승합/트럭 등등),N,2,,,,,10000,
e_e012072,5,교통비,0,지하철,N,2,,,,,3900,
e_e012072,7,교통비,0,KTX/SRT(고속열차),N,2,,,,,30800,
e_e012072,8,교통비,0,새마을/무궁화열차,N,2,,,,,16400,
e_e012372,50,교통비,0,버스 + 지하철,N,2,,,,,17000,
e_e012444,2,렌탈비,2,렌터카(승용/승합/버스 등등),N,2,,,2023-08-30 17:06,1,241920,렌트비
e_e012444,2,주유비,0,렌터카(승용/승합/버스 등등),N,2,,,,,43926,
f_f006339,4,교통비,0,택시,N,2,,,,,12000,
f_f006339,5,교통비,0,지하철,N,2,,,,,3000,
